51709
119859
714185
362595
674381
603614
362762
543463
111412
513432
446789
260619
454217
483419
276929
375221
16746
261936
603794
574775
998287
851360
330246
631215
814684
568517
946818
268925
153265
547151
550041
508162
121579
750044
392266
987611
273819
329642
60015
299123
656687
347751
204222
105718
24773
454997
995788
320554
69219
59801
811204
151035
878624
645273
646943
363461
34023
370960
39749
377132
197372
53395
709503
451604
371313
492544
180849
392395
767102
655298
716315
696781
615452
425029
939289
77343
472470
920163
688156
914247
847817
85579
346989
923072
460918
335448
505923
566794
90550
419634
432804
15970
127118
252006
468015
217605
558614
506739
957276
951595
377337
250687
731512
575147
918752
986534
416916
830872
324176
359756
347347
170187
290511
13735
171726
650007
881243
730091
147082
441638
4272
860490
410844
355280
705339
995142
539404
120048
791946
345831
901340
576364
819192
152335
402006
919435
697664
575600
106050
606422
881898
867610
9182
5612
499801
245076
306007
578093
448720
223024
869303
524052
462020
142739
308989
385349
28009
531120
775678
275279
149489
239828
881320
226954
493981
324583
299579
523109
325777
129165
21955
943434
774406
510193
332502
949323
442983
823290
104159
571418
521371
208291
751839
795969
673498
607895
190500
592671
867017
425137
658184
150574
294992
10906
12462
951249
838952
192949
263199
51257
865935
577740
412923
131185
60952
387592
860595
260619
942598
115370
718952
736728
328557
157639
382196
431548
34495
777037
869591
863861
70751
850366
606878
407329
600264
111622
727821
851197
494482
472950
311220
224022
270676
627904
268253
980918
720340
579309
62101
817062
684339
813258
579383
644446
632751
472219
842577
698656
627108
410728
353016
606374
836164
966607
221957
152843
54293
840690
79974
357004
552216
29786
7068
93852
932445
783066
550139
846262
443708
652376
624873
253194
880671
560774
33150
603296
713060
416203
284730
183884
475487
686948
378711
502563
706280
44904
212915
963340
42423
454763
470379
777063
654491
745863
176196
415119
242049
505292
527940
171071
68978
81327
618018
325339
774973
683931
57514
584334
44318
42955
134834
778928
341214
667703
250992
851813
443940
540880
612729
825294
71109
340205
870538
533909
307716
649239
374348
49829
803408
264521
399295
442577
712793
629081
482686
526233
862040
103657
137923
545706
495855
732677
949066
448880
869472
772525
487774
152645
765430
556389
308755
680551
901813
684538
857891
163762
111689
689173
253051
847069
560211
159835
13110
508046
877227
54348
331457
767002
310621
46786
379400
536693
844581
345581
740639
34602
471958
254374
693313
118170
294692
354725
414535
314079
149995
945822
238497
884260
316195
311907
929048
768815
228439
60590
505569
976759
593678
222067
605789
956366
373535
781709
779562
664212
486329
209228
701034
680893
65371
731985
74543
376177
42934
264429
426545
506989
666375
170955
19630
145275
198005
443996
282710
291818
983762
344975
937384
101042
877493
929615
103810
180938
5721
662339
679454
179142
703892
515553
702245
178872
978648
999074
858726
277041
993375
666305
615884
391018
188931
902691
754435
268667
99905
111776
14649
391069
953472
825462
48469
548643
766728
386218
435301
496838
564664
506822
323205
957304
732282
116987
886056
450953
73146
67188
573527
369742
32398
382765
955675
252397
620605
315345
918334
861244
599067
160397
18132
531404
407202
107963
75456
914480
796322
413920
51768
782984
482172
782012
16294
653276
167638
114205
548780
547236
743680
883563
693339
439991
688822
885435
653395
35281
594582
958315
491886
265347
97670
624271
834217
875318
148917
873572
174343
436194
498479
593087
725254
527802
29041
320786
576234
25505
713625
835623
330323
384170
266513
620954
454192
280649
562992
213562
241460
245161
551697
851666
487347
784135
190036
180405
95128
931639
517525
521921
307569
229854
383449
597093
479385
557187
809444
784225
951709
395643
827824
714681
134549
242865
129076
203860
459718
105187
820024
859191
220971
503486
452979
149500
359938
800119
831303
475972
46661
471412
123571
172337
821610
133478
301389
151548
337463
897031
534030
202414
485484
277415
83808
904489
909139
350051
278139
529088
636743
875059
875118
296667
527609
989982
686960
430893
100495
132786
166064
566551
596199
155740
504447
412806
59534
844280
451323
954157
323982
204311
387956
511283
680207
297946
456897
680637
800474
408434
784232
809352
15743
489653
970225
848695
435966
151149
122495
932580
428023
270844
867658
869596
97343
988151
422759
253004
90804
86796
712254
34797
608669
355642
803049
837066
813339
346134
544745
103575
810612
564130
463695
859347
933988
946314
994696
627018
418837
152411
905513
822279
910099
164005
73639
389185
368425
198897
478082
347469
141733
688567
712797
52865
711109
578846
200590
488348
488718
745632
847990
663616
603970
147715
389619
815778
614451
375615
572900
179966
414499
567435
733561
519697
45424
997273
193696
781799
564529
817031
821344
403930
519720
390418
432036
386408
927991
244140
112116
306940
570125
143412
341436
38471
801685
757062
365706
365522
791203
635653
600988
562054
860520
514634
382710
784516
65828
42428
190151
133930
762001
610645
800311
956931
817713
822948
428698
887677
762249
483852
587310
46706
259042
588157
289899
958922
509086
579474
395658
626811
622056
423334
448421
368586
879337
997090
269283
36931
60926
381285
472093
264818
800835
290661
758834
984926
656684
980214
753858
481405
678792
769200
842177
101243
875595
349479
174271
491827
622265
967177
886742
237124
647961
461947
170960
752454
282974
97417
626603
82571
210853
34859
455455
83794
626073
358448
114137
127663
612118
319610
237473
846319
534051
648167
969234
774372
840259
357520
232443
440374
568107
624118
662421
30925
588984
877125
839803
888178
437265
552257
248927
108920
113100
574794
838435
570240
494881
228483
95090
168328
101895
101567
379477
171737
660153
730561
703730
976826
998918
371403
195450
453971
363306
172819
792157
666089
299320
675606
6149
354490
715708
848872
100921
676385
37844
640723
516663
246844
926012
539042
448237
597727
606922
897510
823784
28651
722974
932810
748647
26670
856629
366126
303170
263070
72246
912122
318593
902422
560904
176323
849329
835872
107124
715980
15842
658766
916407
377303
789889
418275
948937
810301
367087
497025
954497
251119
470085
76701
246070
78743
492542
762834
912493
846250
300047
679374
691375
336572
495954
866752
454199
370348
106932
34788
675140
556508
824800
500601
578031
850192
105512
26473
331646
359697
990769
10626
57537
61914
262407
258528
931004
19989
115039
302773
16015
473252
519065
526847
632714
131374
73708
376395
870608
758317
587656
870503
637105
207045
76862
453627
520930
374048
347328
146339
550989
638330
732137
478512
778491
193915
443887
481663
724067
783778
418835
466036
851861
252762
910054
103310
836972
678788
280378
617816
606520
669096
649473
295712
464321
283799
843095
640537
859033
113233
556280
890406
443307
791783
744144
148985
298012
595618
935353
62010
443978
395924
172095
547474
758658
921456
955903
661001
39408
855270
646962
172069
516115
155346
809048
42712
426824
995333
296369
926372
667850
516617
635534
136070
313107
177606
10445
167088
286828
543631
434725
162731
493996
301365
277823
996139
864219
263532
521968
75742
866910
247378
559852
994553
202247
637855
989958
237428
459700
646872
33216
310304
898142
178024
119390
642986
89571
143310
179979
942498
832704
103957
654939
996626
187540
261075
268387
897341
212418
136308
407722
882126
230341
148147
925386
164461
108918
675063
398865
506561
944188
532187
507042
325508
617869
166464
207706
7138
417421
173468
206054
943100
744329
61714
163689
11562
131474
853065
873265
154630
773204
437848
111134
28724
812394
660197
334157
296923
943372
381767
766606
741130
534709
656624
513505
9144
452353
580933
646430
293642
779665
401025
736396
343268
75933
441446
874515
904619
736180
615405
783511
488234
190527
352800
460540
437053
79935
351064
52066
216952
660077
473200
737846
424439
872802
182963
685977
542176
584000
308841
397136
652811
742065
511332
86772
660266
524040
86386
727255
379996
640067
419658
154201
463180
739619
821806
100377
916199
955148
924013
630126
696085
208089
782505
999023
102390
539024
503371
971242
133637
722532
574876
298864
204831
564555
564334
302571
541093
828992
247311
561821
35583
830247
295789
598072
985090
976978
854134
453844
540063
93677
980103
619140
707679
154263
424075
604474
487083
463867
727548
344862
523471
952106
960126
403512
29060
615309
631078
942767
826924
206635
72993
327675
219141
709410
610698
948270
814653
518499
925732
979310
121485
730563
45350
595600
173800
487444
577895
553948
646462
960600
965129
685895
131067
827832
492650
110169
765812
559854
283397
575905
861292
199762
659497
999165
332347
22001
366850
569153
757688
8247
342955
114729
590033
21083
871327
811233
376083
420265
181792
397551
790312
949945
459027
459198
12074
852920
688035
146591
919234
159750
774263
284296
507123
60688
850549
828202
335247
469599
783678
679161
276726
2015
382808
979763
39326
204169
291569
328908
322116
263338
245027
950959
521079
398752
846556
123814
262858
57810
301461
420431
98278
691916
49891
834790
296419
45998
738722
649133
800802
388677
159693
57042
109699
832732
775275
424269
463440
516592
535703
956266
302321
190738
411170
383663
732136
405138
725751
323652
406026
227572
329158
253707
857322
776355
384205
979063
525267
311469
852651
632660
157379
85425
141255
803761
319675
828777
415762
336408
440228
728077
521006
704754
166752
274988
97177
370203
796842
956167
626700
334772
385139
566769
692502
782342
679580
653240
279386
50478
189564
897338
888521
581476
693713
967978
954149
351884
285636
97196
199727
966632
297435
354571
519972
578372
763113
846592
136665
957456
330364
119954
682481
451540
528790
625910
138035
871291
995986
594584
770374
707268
608073
311711
906260
308567
779459
660220
981379
745731
936042
243870
389413
187576
23969
93666
183839
961784
708266
298131
916529
148704
849729
811029
138315
263114
251382
297010
290174
137097
516121
839168
383672
364096
402043
963912
8880
974253
776309
456292
283513
655389
516245
461794
864813
901614
747080
287988
458472
358953
808529
726910
897064
215331
725430
303877
505931
902475
529600
156109
679442
352912
3477
429218
289523
857767
276153
370968
525222
859838
527708
843823
201732
292204
740498
340070
690720
558966
511549
541928
302779
212307
548033
83013
989030
689062
57606
551965
297135
698102
712891
640643
681800
354727
196422
527769
853625
745675
511765
626127
622473
675900
914896
596950
530552
354548
301497
258841
842858
380890
72639
54382
907862
19720
874673
963471
501684
640296
932703
292360
105484
370144
983980
100699
570428
741485
694478
776138
446942
493685
911591
102666
114174
472231
244846
720129
631299
329456
932765
864069
356415
576567
605872
558176
194479
227640
854888
438542
5681
809653
426381
192921
512179
672010
962208
252599
206483
157421
975906
882611
162133
775538
806390
294442
996743
376425
605107
382912
291988
206103
734557
110668
157515
163656
652018
773717
2849
902245
403900
30898
284318
9621
490572
185878
215141
143164
400360
843231
885533
724012
605245
226075
9347
801477
281783
446482
228480
77614
168691
887783
464719
772840
40361
474687
20132
553986
79110
313711
326924
272741
232566
466938
389830
730402
868398
66818
283589
461878
17565
426525
810493
190935
483319
128283
252934
572440
276667
545536
774751
649824
589779
826987
525766
193980
820238
157744
734331
203660
117827
278415
984885
236613
566596
988872
49279
36702
803551
97577
830826
953615
668090
138742
348124
707913
91120
165627
69138
541386
655472
148254
328688
472428
286004
423687
910765
999845
993682
735909
923060
839186
434895
230348
749902
505572
179846
5414
453732
281994
557974
512612
624785
935225
949686
534040
796009
611715
676736
791991
725472
728837
744884
7549
57907
759518
740905
417970
373796
4495
505687
416490
85859
291933
139769
640982
10122
118265
747165
886233
287434
591685
572419
173472
372732
859137
74146
241196
585662
658468
375764
429339
421853
841350
797494
960255
361180
512637
143099
318595
403409
804794
294247
653451
160545
309214
196435
810469
649727
441450
675256
105091
781068
601440
256708
164599
759311
405899
106833
862532
714420
634613
335200
299312
704922
181265
129207
998165
369344
813595
946865
519564
32490
810443
145512
182505
358493
886946
952857
113888
561029
934134
398752
309460
998616
627455
228499
318314
910277
288887
647300
4414
606047
423438
718398
109767
182596
279664
340647
418652
289087
299448
119170
595879
892530
856561
33586
938145
240025
899457
457625
633373
473865
750864
249092
489091
153700
695226
454529
235454
415575
129178
27965
138440
707115
861672
18679
312864
781490
141267
415841
467196
200165
859856
772799
25070
184580
713125
464088
526422
584153
689670
35532
144157
714974
946339
659854
364872
856143
809270
99162
714730
805725
871582
483569
404502
857152
508420
468843
210906
45117
11573
226115
137163
546734
103133
34395
414418
506369
632517
107091
467973
339842
692648
215382
218460
38619
435747
798654
586095
186411
133778
573042
327412
900807
157334
745461
191806
279546
125636
833170
676940
33511
606426
415994
404689
718489
947474
15075
692473
745427
870446
2526
985894
374136
255269
389765
643519
881902
457808
619082
968816
990649
192218
146238
98637
895643
586765
967874
914287
909246
29000
827749
316416
268263
551109
645086
135102
688921
482846
160594
652804
84980
839815
435979
680331
840990
972384
262771
932619
700656
720837
21235
76430
409655
971450
442946
737853
631200
827090
959409
146602
169642
435970
76437
669532
974335
81789
794836
881809
767091
162306
913566
924848
805706
144249
509791
804920
969669
19601
219501
210199
519405
354586
861608
998780
146385
205654
531389
830788
581546
973290
817206
327120
224331
590683
845597
701724
692756
595393
102765
929250
719068
293952
808820
802140
758658
48988
662534
546459
677652
687362
232118
636398
156950
219798
19925
780426
513370
64694
535015
791970
486303
6288
463712
610691
588036
645000
629856
831599
902502
73639
776454
165436
636406
984235
700521
299948
239713
407004
16831
644682
336185
26733
843609
910797
776994
955711
926032
787112
572806
860146
41519
301731
959206
2104
772148
983427
754120
355750
917749
722365
640231
632604
496095
568591
850956
367280
351361
257166
562702
58240
264478
790965
582963
893726
861211
502958
672427
93166
943541
772897
986330
864167
700477
300484
80454
511661
879346
935863
910058
727372
969845
96285
230290
625614
180791
441085
19074
552502
763424
109076
85723
170389
899110
605700
18956
764372
491679
932617
918197
311943
168947
573052
618203
438287
833268
112383
413894
174223
380721
533194
179023
246379
585093
751533
276579
943555
528219
826181
873210
672843
30069
247579
393950
394679
766283
286062
496680
209082
417952
606282
679760
64479
739399
5031
818639
403965
924101
321983
302638
602037
62311
442760
339369
211639
199612
527363
414545
760582
411709
201268
537567
467148
836558
443956
26473
724829
361640
807911
557122
404247
862061
557296
920539
592105
480664
855610
623299
951453
631449
794417
737150
300446
326248
399134
551518
448737
761264
70810
972932
666109
255416
624813
931006
353932
295417
71684
482662
785842
686355
471180
798339
603487
835421
278055
175256
575227
858367
715356
345802
909975
244563
118256
149791
473634
166925
449877
491349
90289
983969
728406
315172
55018
594128
587633
70344
43704
929770
197936
189971
8383
561199
398304
840676
760240
946159
502856
156350
764226
465621
208302
988875
995
452186
337640
963745
613201
463476
484778
455391
156595
377765
8238
501812
870302
113695
555606
838081
591383
919873
299594
881802
571803
391700
394495
345186
986966
913912
731888
819697
302826
780358
869268
287928
724268
578324
932404
602035
882452
744404
320097
38550
766066
686337
294193
954949
932846
304299
289406
27243
263214
409284
996406
376800
129603
871586
486197
978413
205177
344269
675758
641762
844504
456829
819145
879973
538878
222100
788965
923221
8227
58018
751901
58912
163096
664097
374514
979707
420555
268499
20303
520204
922649
429783
387996
438327
448174
405583
665398
693737
634397
360677
689069
819400
364921
52153
423936
726411
814849
200941
835933
509706
980234
257464
879683
901038
496273
539791
157605
920681
196589
77980
987706
314103
778508
709403
451075
305728
794971
771098
62377
386995
302430
10702
369854
750096
744093
8392
492609
508868
304721
410099
110965
302261
98990
971939
615804
583407
637728
34846
297767
503945
560328
285416
746346
341798
845113
172736
73545
990451
893332
732128
974789
960363
305630
224079
704732
675994
729270
139463
902396
618888
945738
75227
522227
449495
932352
866231
522331
966100
141765
563943
587646
769801
253685
689595
261680
372852
834271
938641
688588
845459
390969
98932
807633
738377
669655
273388
364854
770832
791556
778789
502319
362927
450563
777895
741096
114376
936924
85737
257237
948635
312113
931419
657178
182695
893836
832433
496663
79294
637540
291409
76940
505639
87723
265254
367031
839914
152438
799766
344756
914416
153106
297199
280789
235474
749951
897188
409632
101894
964082
931917
228468
455212
891716
465587
32505
396450
863743
416181
702424
39159
753694
397621
691864
794321
67051
329367
30580
484992
702382
990724
569555
868586
170478
68823
525182
933279
531248
779838
87267
878358
77370
822406
440888
39612
892326
76607
476595
369604
495259
823211
438290
676956
265222
477820
365924
929185
588718
228471
446209
248249
369128
286656
516557
67712
93928
561805
276016
291413
202458
836978
156665
885993
938961
706280
698098
953502
861038
2984
440549
857739
831954
514738
725347
398117
736186
863420
651532
752442
386367
273562
254757
899461
669276
970825
180343
34297
646551
79724
788823
802677
774439
704308
834862
331463
94837
188373
897314
347468
343015
679536
966557
499828
676267
872634
66638
473780
49140
571935
893701
119659
745048
43018
31206
789500
823716
581402
927604
839493
716346
145868
355699
171122
784158
392772
45909
238071
733660
641703
771701
733005
590540
199780
784868
396240
911062
458145
877368
202598
498353
288844
809643
149789
154695
40741
127760
235534
158587
491314
469419
828194
930592
812743
124114
330652
166811
137239
498481
657631
223552
303470
960391
432860
797213
557020
199907
347807
315045
846415
150810
43189
178330
349306
185475
133650
159252
814365
10140
140254
348749
990999
784222
322534
716225
605991
363441
233807
753147
239514
580683
732604
146084
982491
345773
714235
355459
167848
706757
134170
771220
579811
215175
46843
512392
626384
32722
111418
673093
858795
683848
500908
264382
674441
462417
314271
943724
309871
537949
746634
243926
3264
888447
295293
317682
754756
921280
203219
133719
295921
73502
213989
760701
114034
493786
981411
96277
637339
432398
988650
804195
133277
616370
759563
955763
97048
813440
452707
26164
694973
978674
129009
188538
899025
771088
819991
632776
838284
113227
396955
615678
58079
964773
44686
257793
554312
732821
585830
571318
369897
337790
813561
798884
751592
289120
142478
837457
226575
969293
486119
8094
849879
255778
248484
958195
418371
819813
521306
987475
413447
315485
310982
834584
831987
320959
333690
633302
226878
986885
135473
164627
899555
728759
141589
508098
807211
888478
984299
587232
277425
943805
441420
903985
115227
381651
839022
779627
813684
995470
213419
908946
142669
950578
604853
790300
186822
987289
735935
315996
169527
451625
617887
868471
413401
291102
896294
444067
450729
433435
626648
145611
876621
413101
395415
314100
393686
492742
658923
175096
710078
898333
845025
643019
11827
359948
528580
588376
460123
399569
989931
885796
212554
250681
808461
867127
253064
494633
842834
421657
931089
471856
826958
955645
363263
306538
600973
862687
71262
350625
686112
739115
967699
63895
28178
937315
890927
460756
438146
84249
385449
302866
573345
723324
837688
667937
401847
229147
481667
404947
91750
268734
356955
27594
191190
556366
49481
472327
309314
661554
702591
825776
178522
54384
151295
481673
77419
726385
933902
51034
229586
816455
670888
199936
333186
131211
209228
77175
153611
598520
900340
7992
798641
211417
236735
124785
714327
562987
926170
826395
769559
545224
702045
344739
173181
515792
369104
711802
798942
767443
300128
264995
273026
947404
945370
344219
586655
642477
278767
604000
472147
286110
527183
513219
187362
748736
678890
75682
510666
605630
847930
70721
898998
608357
998525
937484
496739
556652
979786
414947
71595
310727
716991
979733
146522
992551
919322
685386
503705
111877
637659
618217
421117
446836
567783
562002
629686
487273
894451
166072
285817
58266
167517
422895
298105
237414
192401
862558
561556
975477
9976
244242
805704
658748
333198
963480
963409
370776
806424
580093
27473
688999
515302
895356
196563
989072
843465
961423
514462
1439
755266
114705
826088
525928
320672
899580
473666
424090
266443
33840
266006
82100
731068
900376
935802
386692
902373
686819
553315
124456
363416
462014
808826
241711
389755
242940
786643
89819
535993
577092
347872
625586
703738
139097
864895
680944
333140
471661
443647
770361
454826
715258
279340
443657
235373
20827
740670
608147
814152
442722
740768
147524
483619
259396
414002
396788
268148
887477
842697
69371
749262
214981
38882
161246
977955
517760
373276
697748
576272
780899
710651
352048
719135
648180
984982
57261
239294
83776
706814
969753
754308
312734
307664
30270
640493
790142
661716
709156
455033
342948
200227
588478
970014
13303
4785
307787
107194
934346
208005
509656
214963
596910
129825
293863
744008
517109
202710
803476
345187
352024
675234
96352
574625
754343
820627
124749
709780
601320
767699
725944
890523
813107
35649
103195
769038
401196
718156
635386
596986
898573
146046
518672
459557
252345
720631
500244
877987
602399
481700
752411
422222
863779
273587
914104
43497
590077
801614
529872
960332
20197
668260
718149
902423
106701
453486
537624
755201
517555
254107
274889
866875
21368
738745
717611
8421
850449
37770
86766
121422
293171
772968
231619
447200
244898
582970
587065
189361
216253
458027
825033
239331
51424
552723
513359
9595
27208
14417
310003
555914
89692
177426
26522
879640
261474
697028
144628
42022
309332
896998
598718
736742
323964
413958
183200
481907
202809
150722
928987
842695
307903
668427
365268
141481
926415
863275
554283
862091
530060
830001
36319
936547
33071
603835
265377
131012
511593
28476
767280
470160
60201
284062
273291
494241
970525
255452
225309
952602
503470
994414
139345
208001
734249
728464
966293
96481
302668
753236
764097
409017
674338
880674
880998
999840
893134
169237
537124
495102
506765
523859
961223
63296
744346
963736
71966
471497
183239
996040
396748
186010
328363
381612
761410
155604
355462
228803
990701
806717
231387
200790
515953
610469
360632
924729
644143
220732
351313
652815
37545
686382
444507
722959
608113
23080
479186
170379
719921
392985
86638
421917
669560
195619
148291
614677
381018
597364
273964
852356
129442
710345
460889
806005
414751
792181
655593
797651
289532
65996
506106
38834
184501
93511
70253
11795
637699
43732
45331
47590
224671
284487
766100
207335
286020
927
31309
162189
506221
68553
525814
386051
186967
26142
403080
972479
407099
146083
253539
889118
507138
607961
737835
805837
863500
519396
823373
345059
722506
576973
523283
532418
704842
367397
616717
798091
818532
705600
566931
477731
853400
892751
414327
30905
903412
849772
355522
247433
161423
657736
154322
671092
155725
458612
760905
360583
240486
792770
936127
423758
263182
384629
269299
655050
10625
784643
69621
959939
882290
568949
634753
563773
188569
662039
355378
818073
16805
578538
475390
918772
576978
203812
269994
223257
863288
811237
295472
763084
221540
188612
143283
174565
195228
531415
927646
430823
805829
575644
741343
524334
357893
717906
824276
781870
948526
853045
469185
294161
49760
8863
366034
200947
611405
726164
356920
63373
49586
374429
775405
732157
112628
5694
913095
899432
899884
229299
740702
667634
703476
191466
302088
340811
826377
75103
615231
184065
531260
494280
536792
15511
449208
923318
924714
834026
169382
843826
651616
803618
941418
220056
746095
496830
573918
564389
512356
919059
156621
423095
74481
971528
377880
33153
88296
342721
184756
137405
690552
847919
614894
920536
354253
523625
948514
194011
567565
126598
517200
946417
973081
814879
666319
936879
257277
638697
723520
127620
541073
556710
955947
674456
118538
920790
850536
98518
816628
392019
971783
301562
12463
561879
941776
732753
740794
72167
820551
171785
519845
486150
945992
625635
595456
827296
347580
44770
318032
615320
518454
692376
467728
779733
317015
404657
656879
147490
216929
777616
598129
516236
8113
723325
396936
65772
461977
589438
844121
916895
536729
783766
57103
718915
635965
439911
600476
449256
29043
492117
192244
451154
525121
433611
11736
983591
192076
932366
618872
263720
552028
382197
663947
920651
264818
928937
87557
559507
840536
84081
231813
954487
243624
702286
595091
75023
594218
622724
226915
627213
621383
977231
816380
966667
215412
474158
508903
905805
632179
711173
512633
864496
508433
495209
85784
115441
250868
775367
216720
95605
936114
885570
201824
74322
797682
71653
913626
567050
54037
477676
840706
685304
287503
595489
981933
280224
704573
20505
907177
355269
369103
424776
92614
801812
861299
275132
465576
782274
571596
605743
72304
540223
79856
88832
851420
162708
651873
615318
734154
272678
942754
830153
982346
191487
237927
541432
317300
122325
632572
553841
681221
835398
675167
926662
400854
589462
366653
832959
827472
101151
318104
954792
479494
764262
895129
498944
763406
361184
950915
988873
706987
826153
554155
779199
34031
958292
820641
251990
250643
508424
236600
648475
930808
688600
387384
797054
764599
574189
798992
169836
629383
577185
998294
532529
68898
691483
427555
516365
463233
940727
763145
241966
574059
344727
666678
594756
612120
768971
824488
608494
526244
766924
963430
831891
990705
153762
62933
794638
38023
178764
198938
289569
702340
274955
689607
394036
222798
565383
723600
39893
735889
710407
627781
856640
163275
421607
126324
789032
323212
64735
527625
259688
597587
582557
930907
593967
522165
528561
230304
541009
463287
256436
885694
665297
513198
752089
467210
149214
824044
33527
738067
13905
118417
26463
912173
864679
471174
942404
914452
97454
895332
719486
952177
435453
103868
903211
242797
298197
634497
566022
380577
51663
753922
852756
390199
629914
876336
979476
761479
559143
690568
122587
903730
176229
6933
144082
725444
963511
254125
992506
344317
473359
157618
319133
17365
222923
142066
220722
98734
432001
44923
77676
830585
67515
830396
878752
828319
878370
708495
445229
866508
579550
939643
42167
596497
847093
544488
872984
38948
214939
870404
281668
510739
425325
603939
182015
338917
659489
144252
92939
206007
360745
547409
632626
918709
185415
114895
542022
533957
664986
124798
878768
690244
40521
637483
873965
714483
413112
738508
763550
575636
909351
240621
697871
274779
159142
655112
270154
625740
135697
52751
31331
893946
700897
579817
355133
807677
171181
209022
295587
634478
183653
218727
745031
787819
342136
575362
934630
126291
408108
633168
684946
770355
2568
947716
133177
43419
762125
960517
678585
88721
189870
867394
654095
336639
171586
340617
729866
952322
593832
156431
767207
812866
892748
540015
289099
359887
299675
488327
323014
569051
782538
201212
581100
593479
114092
73352
514029
787518
135342
191830
649646
277518
306125
952380
397448
491286
201779
793756
337200
12007
859903
363983
910490
991813
705141
537101
369361
46474
293934
523227
133919
757620
93279
198491
334932
540239
916622
225941
394726
888603
560572
238204
418149
607409
756541
379262
776554
489793
58889
471007
308997
754831
992829
378002
475894
640919
363010
615510
65611
416042
731759
841373
213188
874313
419692
532092
990283
752006
542923
811364
934379
546331
589459
224060
247008
923267
27834
917399
480832
19409
245785
412707
515819
778637
815108
897845
516567
742721
976562
1086
839638
313081
506970
721403
863410
930619
885009
320303
260457
554394
312401
396894
828487
310125
821267
219203
21070
77601
891842
743139
544426
119857
211618
198775
564267
146036
203909
879451
954267
353385
341035
18130
83315
655992
170122
776758
935094
953521
961780
667648
593538
723664
530119
433797
372891
511343
696824
314657
40214
299119
291565
480176
794785
967228
640979
441353
385936
713773
915364
624296
428769
589885
333972
377958
65987
31542
500002
912181
318262
883593
330524
824632
660529
8721
199725
662940
211620
74716
814004
245240
808983
66234
202
223676
919536
965819
709787
374325
426392
103753
757009
907412
999546
366959
346733
688209
131942
105431
178525
328207
547517
988005
529965
492687
694229
977545
815650
668522
249927
490023
767230
999375
690221
139009
285833
65993
219221
226158
970862
971292
756986
850091
273682
283804
883485
409726
293635
433767
867218
635608
918449
385669
751195
763888
625678
327520
240643
982283
538375
99479
344227
578643
976623
629495
465700
612202
935700
651853
286693
427391
331606
724827
295443
94214
590678
637149
790743
329988
273320
682710
39576
200115
209166
322876
982113
70095
215185
510952
555775
771086
53928
68685
840941
176363
412756
258927
423615
265173
450693
945630
691103
480998
36672
208902
338765
361849
398133
305260
256301
337281
530916
762781
587974
598214
117785
926641
494462
241022
892514
429931
506140
393390
18353
592276
226963
358691
457776
945994
462786
875073
387125
339693
566745
30945
877176
683145
91019
915789
706540
349155
814279
382694
399560
172088
448359
302410
354570
305516
865196
512317
186880
275409
739725
422218
245095
583929
537558
729911
572938
560828
115893
585878
158161
107672
521855
495104
259755
11291
795284
421081
944192
447439
397339
642100
766657
509543
600650
647015
763016
540536
73753
175623
691170
400080
136217
93999
533393
85097
774842
722108
922589
435538
836458
415313
463410
903758
736604
193760
784264
459377
914887
40579
455920
148195
786052
154309
642123
204384
181974
739230
291012
467295
250556
448211
250767
698878
45410
61787
179625
265039
412718
123527
292913
823756
436624
494331
195503
216637
607111
305842
504980
424944
561808
940155
169139
568345
866675
281394
498887
470285
743542
678744
127854
736966
980514
120519
326251
512462
486180
747307
952560
812652
207959
479399
398778
855999
889568
576774
206413
372992
690187
410910
705708
378997
414693
71691
450099
352086
732749
613538
900118
721191
554454
734612
177384
974632
561595
719500
426872
891035
541209
222835
755636
46951
326501
34539
355128
848478
969497
135484
27656
743601
137506
734308
650235
244979
689316
602129
624327
367178
242829
479997
676114
701853
308691
437470
538730
406938
309795
376625
928922
455849
249857
947161
460438
68582
155306
568908
218592
118685
938368
309349
525262
173974
517894
45113
930256
947534
291600
32864
962227
608857
75506
278890
407321
362373
815618
920926
748250
675485
352516
742089
50434
857101
145957
470932
865532
568155
786101
88292
698950
727489
692447
778139
716422
586674
841969
889561
250400
477878
834150
612257
896223
878646
248438
563778
320760
753777
881339
967352
801841
53463
142640
77930
4778
968444
573044
208371
300392
161624
105926
118048
869747
179724
776943
359090
352398
375719
754996
685334
208357
132774
502123
564349
387171
696049
477704
294294
674032
837347
867542
601328
48220
156258
291867
179976
717614
231213
937119
818554
377556
564555
682554
993064
532312
458745
521414
805481
416548
426918
716895
95724
40308
165658
538071
626485
267726
203438
622819
616136
744170
64535
153972
816419
497905
371507
547738
822478
361976
952673
354657
428387
961989
102483
103066
202965
570403
672852
663532
68049
234014
338726
843276
72929
398567
212559
310444
700751
34786
20285
425805
22538
499744
743102
495268
169599
506159
764852
748408
258437
578581
43914
776610
891031
856013
59186
421711
969212
300597
173694
635280
699941
676982
930463
1376
730938
916790
846934
381092
785116
966247
379741
226185
653239
759378
224915
561417
503906
565311
278700
303103
519063
117632
930514
1678
889962
897887
799724
124903
219286
663166
691791
136563
42023
109480
670976
591015
482855
237192
336256
964315
229865
699433
40829
686777
954409
76920
160715
433216
131031
237744
313904
946757
533736
374579
24711
456039
623971
594145
385361
77382
325365
385160
72589
247117
972084
601854
601792
484989
830888
47974
789511
806139
792769
264185
989931
110802
756024
528454
598026
51676
125951
392993
886725
625883
604534
43762
280812
792761
674191
429583
795711
518102
982914
660402
150717
55961
566777
475385
324978
36286
982043
503777
961635
676063
660275
657316
178320
799077
188055
401193
222418
820072
341639
922932
661791
625701
482288
832377
29390
402988
602335
99663
169131
362074
84121
180711
71347
842048
492191
967407
237968
165232
620275
824781
505849
95771
569531
975850
937275
656384
850216
554615
353817
819651
407963
476829
716404
636043
722325
862017
331188
331920
24619
763966
994622
804816
156120
964026
990282
211015
937707
750258
321261
526675
410977
626566
887199
178467
213626
245704
751037
220713
774477
3294
150709
462491
568101
662498
435236
314313
266789
74691
546472
160940
718252
451104
768391
980327
112686
807594
747652
724791
917920
268030
277002
181843
750509
49482
305105
233629
849069
528660
467205
437786
694744
325825
959797
335483
633085
701295
894530
393986
627982
949729
768204
886313
3076
599928
379872
428530
143102
838052
929194
191105
592556
895003
73069
398158
924777
927553
116158
611605
16114
73029
193657
389688
235174
563361
426224
159974
526160
483933
826077
215094
570882
939911
177301
113729
10171
892094
891789
249859
813529
580297
983632
528307
541668
636523
723292
295133
792925
881781
89229
675756
921560
499008
843565
747309
705550
250573
894907
953047
184463
755725
716407
658752
300397
523375
777700
841345
616925
858821
19658
575459
451369
535881
907423
180090
873475
333085
421349
668404
392617
82303
815331
576995
563451
124020
898962
877545
414734
180174
836800
403523
794565
439203
914076
516234
639632
891831
292817
716129
411777
311771
383590
695364
325955
395415
548093
547233
906479
914242
535200
485974
766995
508400
606893
478213
523728
962842
895110
987059
660844
59942
500268
735113
950034
622793
420572
949310
261842
832277
682626
882926
661095
819339
607181
133314
918530
339495
54094
597663
561275
183759
687451
158581
64104
883757
302490
391298
708432
807627
118179
998371
312413
916926
928512
886371
366390
773859
745997
919560
497968
146661
886056
380656
319042
184107
903170
916647
133481
970021
83349
642775
460441
962125
384007
663775
44764
850270
72999
98717
524544
753743
859890
888762
277022
905504
884611
574110
788533
763101
944077
136569
203967
327375
422547
322278
159435
640568
977728
295994
287512
126423
566967
226368
58343
83946
917392
544197
199649
613868
16877
700014
129206
411176
834737
898674
802572
933049
231475
543208
812231
986768
553374
711086
782803
494768
865839
67947
346163
530855
427788
265655
362332
621545
909086
323460
204233
80223
711374
341643
766902
253873
52045
200320
463013
5751
766537
978366
63151
770811
729489
879715
172729
572917
822891
59015
404214
770119
199250
801972
469764
495190
666145
95426
931134
492758
616036
361193
733650
278899
88032
101706
797297
590849
276877
133341
265023
36359
207072
383998
392927
977586
39714
775537
473846
840912
203713
86646
133582
927709
81660
76005
913299
444070
250120
969385
766911
350632
498337
675708
420254
405897
706763
850995
470338
92363
501654
884589
854197
653170
523159
618137
242282
330382
30714
596273
451511
362489
324215
319792
434263
201429
94991
959221
994193
370650
111022
45223
306088
197875
625692
975026
349460
630396
468343
722956
629430
849054
136090
518551
765864
542850
970679
938570
969040
888553
532660
877208
561037
974061
856011
484806
851741
889597
499076
833647
580768
921740
795979
229811
290728
813473
540959
692488
456367
418949
959189
750276
466524
694306
312378
666913
983835
961783
948483
757631
331317
388518
751357
259102
563504
618939
409286
609405
378065
69214
902021
399960
139030
194030
375633
664830
43463
327590
787572
707616
553338
249359
901849
756834
195847
966839
346121
237764
407416
64804
816682
594358
428595
293521
827471
616552
7482
348358
79917
920600
390268
239115
519944
312851
676914
73142
726688
121403
735688
860975
480739
343257
939780
684201
564715
987405
582800
852186
653565
305562
410612
37967
195151
338451
760380
515065
971113
24337
335101
725539
168900
930036
226291
7126
881085
519081
566507
627158
112730
381928
608919
426089
10947
315471
954031
330772
745165
112622
547629
69236
625317
704245
490711
108702
922420
678188
324324
1059
332483
89507
443739
706355
152684
402438
470156
623738
931042
517953
461919
214205
172538
212474
989534
24222
517902
510298
513798
263421
336542
580239
973115
151654
68441
845452
601428
995131
530055
995151
76127
138559
690294
392066
188445
229584
463778
749275
531417
900770
800834
704609
276219
251651
169657
550941
18383
70337
38531
349780
780052
790900
137656
377714
744855
829351
746428
923057
443005
94214
682173
140937
90384
261782
802163
787240
255732
734546
982532
505283
473734
245882
585931
70455
367198
685973
25649
51515
610073
621532
147692
981340
305241
441933
836251
761467
389616
388389
863725
378897
488841
916123
892937
982726
238720
697856
817330
256988
566856
137040
147364
189338
367562
543410
858869
620570
445750
401939
269054
27266
4164
913197
840982
799601
735166
923201
801959
862304
635295
773265
678350
61486
167594
742683
673400
235987
513493
981902
798712
987539
494106
45030
84049
274206
964831
561759
346396
681359
278081
497754
55874
203757
114085
573903
340498
261189
566399
688018
67633
857091
557606
34487
251759
167030
445000
198983
293082
406381
666402
45798
287263
770807
333172
484020
98998
504181
472481
147447
795225
633043
936195
482076
13779
878805
551464
178024
77581
432487
282497
412461
586200
209923
515251
716289
84648
808674
950679
796322
462118
105375
745085
611432
193454
696150
157348
785783
828070
252271
798185
381686
314740
551605
2413
388447
94884
55898
388174
831090
912599
354267
989160
721586
158384
940021
702872
686594
590372
493905
493520
362049
124387
981564
989155
273219
656382
42694
317910
934212
739198
829552
183577
722518
295679
905099
187028
818463
317802
367799
589445
214192
327184
987594
259703
285792
614908
825980
141391
203905
972395
813061
700832
834622
987521
971093
122653
819217
198815
980961
466934
274857
261723
298726
133181
609517
910604
530767
689508
81960
224394
473156
435383
166854
902062
992200
674594
523
978626
125825
750473
567348
574616
350281
752234
42657
917770
964573
376986
730184
698451
351995
288006
177674
634355
210780
534200
204961
932855
728663
982024
17384
442527
696822
606464
144173
243033
843133
158455
153289
272934
143619
727301
881134
381980
267949
360129
571685
974772
927538
61006
778502
732504
189797
596360
238748
809791
465907
306606
368469
285861
527132
486128
562541
334704
474497
591300
599170
187225
335696
751143
52672
770615
11582
329205
405012
753483
942087
785306
649595
105031
609748
419440
864108
816386
343760
591014
996829
478409
853083
405205
976202
577915
446808
50479
781684
729845
622538
905015
136835
85908
140064
391681
702603
531332
300387
289635
159511
562749
487298
594007
264254
203069
365211
77284
16858
951362
305143
118801
270956
7645
55710
309548
265151
919056
697125
528748
618450
36564
669795
561715
984244
413519
717635
812670
684404
15475
316191
350848
478804
436294
661651
944879
34299
962695
972588
290371
822881
750118
768040
239997
247313
429000
28627
841786
301036
368057
416600
106874
695536
489409
945712
764664
387141
96229
295056
332927
885425
317602
320980
3060
476866
340969
593916
93956
253751
553305
160677
693133
700372
176714
962915
256415
847851
626293
695072
709518
681578
991136
535605
913373
89156
604356
380415
830511
511740
641428
790782
655436
607013
890344
495781
675909
332200
995304
202425
127036
15389
869563
958632
268240
746668
750822
869881
521042
420269
301700
327081
597997
631531
419066
70593
33242
902812
63610
402299
549065
35919
998417
212809
589022
151123
554325
544350
191928
9809
109480
117568
37944
227430
685428
212194
313400
203323
14776
615323
724156
643112
602110
239605
943520
33249
466688
283415
955949
13649
959095
777035
942140
656864
18086
338426
240958
330358
830024
972450
782198
968685
726351
355027
618168
258190
635590
777626
61661
856957
270446
224926
356854
725567
870472
528232
13448
31410
765270
4559
283269
759678
816878
977108
487282
570222
887832
243293
211995
299097
728629
247141
67017
9093
908689
796189
841177
259671
485524
206499
928240
801031
423210
38857
376105
527788
607425
441352
915068
331590
502245
184126
33380
10810
756745
916270
902309
660724
232671
722073
505547
792663
837582
620252
832276
839781
530792
907151
661254
805000
629050
621609
328589
383405
287530
954465
370165
773245
121206
160201
788829
786628
77825
265117
485317
892415
894474
400445
234274
661829
656895
189656
545004
907730
106245
790503
751921
589033
493372
55747
197637
513011
455589
160823
545053
417276
79094
552416
576522
346091
69575
644572
510031
458148
562682
374587
983929
991152
434200
261267
357006
961032
878038
36569
989028
81501
430198
467942
444288
296411
776551
445199
786867
860422
430737
874898
68210
837053
756151
869852
151541
502319
732450
922088
337838
409406
840229
816717
329838
887818
122075
54411
136485
207963
900014
316939
255110
172551
612697
389720
469084
234348
677947
220561
218625
362374
112805
96769
975497
898242
479548
179039
745823
256056
630594
743147
859929
637098
808238
341461
371770
757872
146252
624446
520043
659020
153854
816831
523240
416775
189284
758869
817568
466008
902948
1707
616289
985780
979300
383347
346179
84603
961909
529050
133004
748334
540893
172972
905955
361944
182919
621024
262161
361885
72674
283313
585886
307793
790856
290684
979986
913803
536892
71214
762042
825138
272969
433959
252532
779592
252912
235343
102799
597961
998779
726091
194262
343325
261936
991260
395180
849515
855603
657980
944499
338038
412683
543488
464093
105844
644282
116493
757107
264873
651523
950793
228501
390148
448559
282541
446613
36231
245210
58221
93634
605679
172009
598171
185419
954793
578865
754124
654419
797430
537067
337176
653260
122458
660414
378019
719948
880065
959726
817859
499172
505274
709081
287206
988777
291350
123329
2030
193230
939058
815410
692957
329344
188863
343844
430214
413879
179814
380961
908105
786819
46236
921007
209405
245999
862323
353082
614529
64755
943744
64260
8265
624352
461612
888327
892185
531794
414229
449935
11381
754887
181997
782877
273686
165554
410511
965488
433749
422797
459200
556681
747088
326745
134975
691381
443516
245786
366107
135493
689235
896920
484297
825921
295507
804323
274016
115643
249536
197959
388546
162114
900586
599901
395466
740207
581893
685869
725057
835328
7283
791564
256972
532132
830221
876597
559162
63348
372081
408140
325461
438925
709702
213303
427615
848177
685125
786044
830739
549807
337787
680517
846288
732081
869639
200142
239553
902765
110148
383622
527997
757382
599817
49149
768
994029
394448
799633
643625
546322
439433
582163
143425
59281
96274
948874
555305
254788
201953
52727
219745
376900
980851
583413
76596
188437
661793
632370
573675
13146
255494
603246
679759
395094
552610
103171
816518
487188
652497
435498
807514
44654
815930
676112
383614
448927
459789
121654
211516
21901
507285
156466
257619
349934
454463
453920
304034
385064
586496
533664
671696
270012
203056
716552
292273
205254
850564
976675
973669
328096
547570
717770
847415
452402
900037
415498
497506
652625
838851
447704
142556
690873
607390
466079
327472
58575
398119
344576
135358
748661
44784
468856
20277
932234
881594
905571
254976
211100
604635
593120
478616
525878
425637
149791
968027
854112
968193
365976
405641
419729
413362
309227
891901
174160
123564
908614
442012
708468
330649
669804
188055
153551
502368
799776
903957
206574
766472
114383
747340
268989
257458
124755
543948
762516
5098
806491
271252
493780
853479
598964
25557
140557
66128
915699
868043
679193
945068
430423
233258
59294
19330
20861
288401
766504
279540
734496
227566
630553
361362
628081
247754
553543
844773
116540
401782
318019
128858
690948
33999
255475
956410
757552
202794
672309
509177
444924
654140
854931
978651
958423
385288
74620
205162
242757
24995
150984
818738
967550
100507
768830
130533
747695
556813
447456
616103
836483
476919
779320
870128
478149
117847
452810
801190
81064
560702
887629
331753
457636
793924
39269
323387
661723
140301
858390
380460
236084
819587
190182
886235
840429
186211
842683
668518
423182
68133
435843
529689
905151
583863
505735
874972
462787
614393
497461
171994
408080
231136
258637
876736
828535
553726
135219
482734
437583
758243
268560
923562
992993
329971
583247
608252
855415
509537
139448
231201
814771
388338
887607
402122
771867
845062
255572
449154
814223
352257
464669
348405
261651
41402
462412
169303
852848
879098
811598
914827
756442
233580
512260
379590
277885
378429
123875
316589
527932
960575
687493
104358
78215
868856
598516
113752
497523
352175
725986
172716
542637
884093
314840
734262
139547
191814
327480
554177
954334
443201
740092
974404
749285
375195
831189
134707
306243
950045
399883
830241
579182
888576
943593
618801
753827
753714
579936
547386
795388
635012
31556
126124
355131
88854
491956
233111
559799
693780
214732
876855
863402
754080
983759
802398
93491
469650
958753
977992
725719
531617
13588
792021
222526
654999
925339
74700
488604
146532
177695
674648
409380
842236
167759
207045
960899
107248
484783
209792
449120
642378
200111
974519
919407
868022
740106
985799
554357
543526
884709
90361
212484
528976
232777
639561
509060
33910
848708
685065
523581
27995
401498
482860
810773
813784
414054
429656
12781
778420
992456
494583
764460
263170
58038
928522
478990
23108
523288
545696
579848
102886
631745
482712
32973
308936
370895
124194
389051
708232
36024
468488
302537
688124
618103
325644
584683
707624
35962
471409
833743
656427
946076
762240
895799
142696
338740
161397
554875
529570
242874
99359
27225
767653
245326
544593
431414
425973
803940
929582
324593
58763
396089
398453
124779
335808
485363
978261
612353
541100
468251
994695
708712
59920
19703
369399
349419
933179
219773
20784
446559
289135
268347
656826
311089
108625
348502
589340
150702
436840
970465
195963
214625
474879
288786
994952
606166
37463
136139
69693
613765
249529
161205
973401
880028
832386
953212
876763
353967
36529
642449
653892
661665
594094
812795
380930
372885
904986
20976
671529
322363
12080
80991
504495
397248
932091
211178
370710
302088
692208
770358
667327
470625
678811
288575
94284
723950
984874
752969
476272
369985
256141
517429
138475
877010
700303
259570
128560
65649
923330
718937
186218
317727
376099
700913
537292
181164
218401
733111
71277
953328
657315
598715
122778
211888
239075
232677
342235
393918
742513
932272
6745
920146
305719
1413
110277
620576
329570
303275
159581
741353
930508
692325
979083
639106
482203
379859
325602
548348
195528
992857
623095
967752
394473
248893
4732
465318
98728
208267
442873
853478
878983
464625
182815
202053
435634
501043
429438
597882
341296
283349
984036
877313
365263
620850
987444
695904
39303
494468
917994
989851
6154
550114
564567
977749
390865
826909
461042
81667
27424
697936
844893
402295
135764
121777
929410
406158
200711
284277
775501
684400
478980
842630
792261
740936
192791
81328
384578
620364
591042
995972
364987
975468
906745
129241
741623
314152
955563
397502
632520
373306
92089
26900
361535
570814
512695
422034
287880
398415
488926
958122
221566
537368
151260
772050
183652
375537
376622
302092
547346
383730
32825
875626
826161
265283
64187
706237
645065
745959
619071
666311
537965
143735
44215
535533
492497
381419
567247
946676
470755
580722
164596
219138
357931
122088
110221
422545
353313
705247
250579
781893
279609
312694
494827
246604
646506
713505
520045
727075
584566
849924
569664
959492
788864
939275
884433
740538
951314
141887
990516
912060
980575
889104
48333
146978
107334
659047
770297
47134
109770
691018
471148
117947
713014
712710
408450
187370
631778
426479
960348
28314
595148
656965
544712
47754
199693
545638
384239
929232
463109
903824
451635
787301
576588
894947
112820
663215
625586
396860
24562
208739
296461
942480
795150
26256
409193
680315
928295
848247
141399
184736
290990
556614
638423
239179
378724
749605
418922
562369
529857
422704
717868
447273
642064
429429
832388
139667
38950
519464
295184
766584
679475
138229
698796
110721
120527
590218
176835
303492
139299
833622
136230
340398
390908
808888
271
658827
819481
197811
972975
377819
64935
22021
716739
112518
782709
924180
503559
889292
675808
111514
395212
403174
757183
861835
202329
9116
259781
766596
850472
405649
257369
205720
675909
918539
55260
448927
913865
321933
1488
809149
374326
508506
760626
921162
863576
752300
242966
593929
649968
205462
982035
329049
282513
797624
810581
280904
69162
353992
238014
586021
222834
631130
880151
508309
453047
599205
607602
842548
941361
598408
95548
652704
111838
330757
10241
445203
79834
202115
768625
995693
280488
169809
22326
856221
494623
976844
651955
872528
978391
667776
608391
486589
295890
709585
245154
383128
194610
796531
833192
611671
749563
770259
542891
167430
150242
405556
30237
198345
17796
621718
974456
800437
717551
659449
206670
891972
195868
649182
656004
567486
624881
35360
698891
979744
33543
120854
627218
413675
829271
816231
123838
706510
602268
808460
61636
652897
967910
419800
135939
29026
419281
628689
956245
838642
903075
253874
618305
244741
721768
514742
20963
669907
294663
986802
72538
598539
229599
263205
678146
370517
323361
349102
126106
939071
238699
143662
518724
355307
933252
385233
739657
914656
855440
325746
65820
416700
693501
769924
262499
206223
253515
117871
304574
747459
295740
727292
528575
990186
963710
498194
112811
112225
758691
76787
594791
468642
965972
539246
469534
466599
918950
107497
20983
393520
70694
137883
177051
803271
273359
720906
215338
458067
113530
246911
683204
199474
687218
162797
872246
317668
724698
897748
253539
613019
195740
267421
68949
76254
247131
550235
978693
758768
31700
948727
906703
930923
989886
333501
85739
143963
75752
352489
309491
319571
479167
973635
429218
793967
350859
796310
26816
202685
916856
548952
747716
15674
360462
491815
639270
659992
114538
307873
728275
113002
492893
534898
784741
347594
116995
651440
502665
852172
177925
983805
553106
880218
514171
359491
349545
216589
318846
789982
900319
382006
693658
918099
645254
144598
633008
798192
411022
223467
768155
106076
531164
377273
679652
990589
735422
211262
833696
465366
600187
203203
750533
632283
45569
893516
19218
653911
834722
479671
429440
352786
748450
800555
711425
814911
385310
797028
113440
845555
97764
157170
502703
400144
392315
87006
321374
972015
576900
766585
988046
643319
87214
452321
188485
209814
200809
108213
417333
344785
235658
866754
242852
478719
245603
414901
561529
758457
852856
918879
357851
667550
889496
6091
780817
763380
303512
670616
147436
88329
350336
735531
205946
512515
726395
75418
133862
364039
881838
260814
12692
111140
369189
834325
859808
667571
729423
488031
439436
751937
252127
547473
79694
930359
37303
116702
989337
497981
429307
807087
404511
736697
978998
299661
58050
989884
234871
785217
127005
557307
88562
285964
694966
591292
813667
644282
860214
909980
154802
871249
101506
189490
822090
118761
276547
119043
732134
497603
562776
673670
276718
929869
46488
489377
237237
162663
261048
170338
576179
109248
486289
953155
23181
450708
50242
328771
620084
14589
363782
952283
268727
401145
247763
317524
352121
417259
377863
865135
658946
538296
699309
863614
856172
259173
468606
722752
774365
15887
160393
796274
891761
18418
800643
405114
778244
340226
399504
200662
696927
279741
244634
891418
83379
362212
611890
15549
798769
85489
154814
132871
13775
893291
616433
963620
199169
691196
866535
545554
327537
762548
46346
595782
391960
355079
844733
620374
364201
809730
789747
86861
551993
333320
802479
334880
722305
660754
412061
783796
826895
772666
914849
928658
353008
972759
433156
29630
262440
393636
921115
999436
189244
629674
823555
947540
884123
605463
713438
725761
535722
622775
393115
941758
383481
294168
643972
774597
641411
82937
750737
991485
685184
348983
299078
636621
223918
633414
272500
659115
113743
491425
438405
704781
144405
688832
199701
923257
981428
726517
237294
897482
763016
86830
657340
393464
296174
362471
705446
463925
937722
718552
301151
472158
754661
804936
865289
669464
625423
263155
137042
577407
672826
602785
494540
875473
277323
862303
859395
40186
181951
521629
847910
32926
646814
444677
500823
977116
242917
664812
65665
599817
41380
790323
793990
964476
862119
730614
436219
369769
236355
96174
966600
627351
534379
189682
734462
486005
439353
674380
798999
623694
464511
614838
847769
821208
58771
503875
275558
728367
446460
957015
884921
809745
4827
103541
551774
583163
534277
678384
699735
415891
649115
414177
811168
140963
698956
785124
508743
547105
324619
175082
15772
220751
471568
594392
818229
319717
415842
337028
563551
191373
641344
607413
946427
929476
606793
790987
526263
388884
394869
588005
381617
206343
211574
538063
488668
776421
555158
648665
886036
895824
809024
735818
640253
674249
378442
978945
19202
364020
294442
382470
180348
465600
10672
762029
815711
485340
983310
677826
741080
720040
792901
851741
725614
459588
50186
31569
845539
708283
802539
752064
614849
446344
794083
670800
633933
358866
883514
109758
710777
15071
638712
914438
899290
976632
834378
315520
774106
409174
644832
8356
231202
199793
441092
82157
541632
254020
45884
808892
236652
565522
892651
779145
330253
43881
653745
751174
237351
547900
603418
622241
271986
18840
258907
468636
235383
754472
999173
266787
618199
729935
67556
651092
773059
911350
285907
41130
721563
205191
514219
611211
550938
236390
550006
367364
379849
437607
57394
640334
150088
192496
345252
287683
183142
999765
975461
501324
948914
727073
100455
57570
412368
786917
251787
769886
18699
54119
199594
240094
38335
337080
939264
810627
366605
882340
98615
406863
936252
243482
871676
948470
336554
493780
978488
264900
653805
92732
472249
484578
667694
670832
77229
56548
725746
521523
524395
517444
124565
607927
191737
384302
931180
549214
442170
997477
874050
233119
755531
744647
320558
602017
881295
891882
469991
50941
893252
445010
618600
268835
90813
799006
248275
169208
184459
582010
859454
529186
975072
740396
468934
551446
478543
436308
212444
694463
200107
419485
293530
425243
945120
351245
612758
252336
651853
785469
57539
372867
757668
177447
621499
546128
556045
96240
182374
739142
55101
684367
583733
8122
511996
841241
128738
557772
476959
576491
551730
822090
731737
160578
846123
405922
121800
985689
469488
9663
972665
884744
941163
308526
733877
869178
605434
451891
485558
37369
748297
755034
137950
562401
386735
506208
261024
520489
727118
621970
240011
34777
696557
583434
332106
725665
327691
283117
304589
608633
870978
138899
11445
962441
270231
848140
336513
215339
685582
996565
34893
519847
268634
55376
971196
597628
667059
317612
912800
29934
964215
950230
591771
174110
785066
295724
651749
710703
215977
530542
884140
943769
340194
134134
752287
664429
103689
789892
358421
871679
770218
664468
461215
194453
481878
507102
268891
867314
401489
152709
230240
269878
207581
37554
858898
594936
966886
508824
866380
16309
772669
363993
539252
852336
809162
686589
386599
543354
950589
279295
158883
442846
270703
370063
456665
230159
214785
721758
949317
909097
709210
472195
667098
724159
108789
463679
736502
598959
760154
734424
896079
303351
227048
482279
814092
55871
699448
833466
112089
823724
380247
902777
249431
834469
662400
652237
968758
432783
439607
795416
460311
625892
306069
194302
562888
404593
372726
197509
273132
641175
720088
907454
451353
69169
787981
747515
341347
20844
709855
974267
703627
455220
374137
5520
706853
737678
140419
231976
293626
548687
828319
490762
73885
902958
723210
353330
101237
43369
397871
383598
853326
135612
813138
781456
669012
7132
938157
736763
129760
878995
142420
935024
217555
655302
308183
651169
489588
919859
774257
359198
655471
316760
857813
174437
821808
866576
507910
906333
297276
159638
44840
362880
329842
739579
612520
165281
967939
592508
561406
949452
88733
823663
341918
851009
894511
271054
828253
935429
960663
161571
25949
602084
921740
627203
674514
883884
97447
129359
123310
274343
866775
262590
496450
724937
356951
468400
833547
245960
513560
553328
733342
479
952338
189673
236620
159305
8811
441775
7603
729256
579668
455579
246357
907343
379955
589549
470743
71800
994573
184447
223368
669150
905271
97481
534600
203965
600150
434935
976449
546901
964227
373369
642914
653739
109171
199865
429593
761993
428572
92151
794766
190053
804578
852737
208021
711488
508341
791850
352433
45737
292250
784018
804740
223166
62727
234340
970890
392437
901052
214231
559305
627113
402486
995747
540841
230315
741497
949798
202083
719961
124537
507392
695330
270507
723667
990337
760425
226068
450407
230177
786124
204842
405297
793266
923786
149557
389560
934934
450434
171012
354131
471577
752465
614790
950071
241540
41186
338676
529134
166310
433507
112836
471514
371858
158074
891416
771391
27395
38812
834595
767909
593069
807027
889783
440488
821761
653263
297399
778497
946619
323489
571731
383618
445817
183092
205309
505949
187596
632399
886145
436665
829426
596417
775995
265066
569986
409602
180218
68818
512646
582645
2705
399818
963469
85587
188918
78088
828400
286813
516195
851505
93765
929793
137764
561551
894850
612349
781817
450175
747520
279621
372768
608965
746968
18417
283541
603522
978787
63865
636652
409000
310998
252449
547906
552487
322810
833365
858143
155146
204105
656336
128512
172872
413520
149003
532162
576247
161247
44555
210248
50886
289636
22047
613204
507560
749325
550770
822623
415663
246884
724708
19913
876174
775866
180493
331592
299072
985923
72726
216540
729892
705958
927765
541555
447578
975914
912645
432989
162893
404870
167644
101704
685656
118477
407644
789614
927416
826958
359935
259793
473625
542017
49580
844202
16703
221749
830595
456624
460498
160515
92106
126754
57973
570078
11342
702269
930665
492488
186535
375133
599455
483257
985509
327633
764620
112570
451196
716547
732032
228959
948164
640126
164428
559724
815879
486491
537188
423289
622814
443024
711164
711531
880048
987460
872945
88612
236008
819231
421480
875074
905881
2909
619002
784925
817990
381867
403160
599591
57610
483536
931632
258368
519544
471989
836875
848348
201642
526164
616651
716622
213378
271528
337313
935068
644702
855187
621122
647904
150711
953929
653101
528833
720533
722564
620593
32533
566943
881603
581227
574824
258504
17951
603825
255812
792535
490296
185519
424340
298079
609671
341350
309922
736260
79172
886532
602134
218249
735202
161902
374653
881591
105446
266429
738359
25238
546164
390188
882911
881227
929101
681383
110844
33942
496832
293810
763229
328353
185741
443480
368221
638117
312890
340230
624778
910929
664500
72166
959269
940508
579410
498170
283347
274210
620640
887246
836117
111255
909724
168142
229925
649225
557268
389884
578619
636468
857441
704778
75364
558069
3856
735228
484099
399414
316991
436196
17614
290278
801053
893696
835479
886180
378350
769817
91508
262943
178998
982474
983646
621778
831107
283411
405661
320982
168865
289374
54984
414864
732509
686347
940616
614043
965365
61540
341706
228815
956202
546149
946217
593668
416945
761090
4214
887850
249447
517164
588760
254541
596933
163149
145205
309082
39475
952618
244105
186481
453636
618708
531043
613235
51670
909890
281038
422407
653509
316217
721402
950467
785579
303903
10476
27229
347590
12
203267
573065
278030
335333
225256
838078
208951
539576
88003
462086
655618
229142
806171
987903
455596
186148
481399
861435
788703
895849
131600
279763
803866
507540
846617
718143
262026
20178
167676
990215
956191
907830
471225
482228
713650
762683
851358
333579
569258
314253
333320
206074
833641
195564
266924
456205
644575
461729
336651
654183
518803
220082
599982
763348
161790
62243
259795
108699
445587
181096
630134
698186
222331
402839
195142
202845
417639
729287
972421
527149
809013
587341
204822
53881
43295
980433
789425
65267
538265
163583
342293
487650
643329
335949
344394
142986
998798
57871
252483
420573
421097
725607
548968
294932
449020
838772
594877
402244
934208
901581
641458
379215
189579
975283
128267
22382
612488
742534
312729
761315
191152
856028
852548
182257
355088
52124
402958
79380
759415
634171
141233
67513
283452
540403
783660
631186
685340
926223
322802
512421
629754
587741
753081
61608
636665
233215
850812
529804
28299
356396
930901
340158
762888
252719
367637
853808
175500
692180
770488
806665
772853
784656
445850
914496
177877
780855
595198
740238
740288
914818
787073
841142
927401
246491
648050
572017
506641
566543
568918
119959
701550
958872
525708
988826
748759
59398
582954
70086
311480
511104
835829
866007
888407
252644
143706
702020
658330
12462
928892
634707
924389
432272
713731
661304
406573
444499
195380
943874
912640
486158
490229
490317
799106
334086
556754
94326
749
541612
698974
528553
616225
247132
130624
842608
830416
50914
718143
821313
671031
672678
541816
957469
395488
565666
878981
139232
287776
128708
716958
533988
199777
939715
649297
349181
226514
782252
660049
46285
922147
945800
416987
663272
935461
348905
528281
880569
4500
221943
749631
265246
107180
558527
182131
219342
652021
671539
383485
787147
476178
100419
108269
612168
645074
416518
494229
533176
117943
298667
246325
12542
576857
14787
702476
338364
441567
341000
581200
624139
589530
838674
220090
517180
992070
449957
869982
971766
340752
102393
289727
694048
238702
906234
170684
854477
917289
197668
772829
488604
108696
802448
188057
787113
47716
469997
192739
64110
316363
657544
786268
483411
436997
267717
11006
396784
874258
304139
817358
561728
424288
753476
319349
446514
416790
333354
187940
970294
480486
530200
725886
740141
854661
174849
746580
896679
296734
587928
803837
102714
440634
692210
179022
593140
293948
313770
380046
562645
580733
936135
347838
795196
298780
371282
808173
31283
324017
813932
529828
45213
14809
676386
775484
664427
940675
220061
683537
782493
334777
974231
792452
383459
569424
492284
528780
744396
101610
827988
13570
322128
76706
203813
872423
655641
761007
927564
137125
633744
878010
607441
595200
752514
838985
834146
35902
299789
992975
200397
744421
202045
236881
786549
310301
908566
584809
795840
574054
161752
335181
307328
225167
372407
267548
790484
510063
579684
992705
789128
744398
961242
344518
851560
230500
499661
368310
547236
449733
312740
286475
935704
682626
674161
608885
66188
453186
301695
699585
868437
725692
702547
566838
735099
307717
825180
646951
756923
450376
183224
228130
857093
351784
444608
164290
809959
967598
730806
713491
208020
599992
742989
201776
648869
299917
502276
947380
971631
764881
441006
5122
30942
245713
912068
460749
891611
432936
964826
167916
183640
858629
828490
583285
650647
797943
41293
53328
740365
372564
849674
594806
611234
136902
71736
284441
122704
660175
5124
882981
89335
684944
554790
456330
757085
871291
15510
563600
898287
775265
10360
726416
545639
327573
842557
672804
652308
394478
91272
975406
158861
223811
444501
326294
724319
647708
987788
570907
119430
295466
56727
192525
608670
638779
94375
513587
406093
68848
177515
933420
59731
111067
733903
16522
647204
663512
881124
426146
991347
864790
103714
119979
33435
507490
861237
676024
332490
221506
851446
924713
2726
575890
835448
416831
936740
763039
171605
342520
548299
74562
436244
879327
32175
345636
816461
903960
336874
958431
247308
971837
991847
511032
382440
29920
372265
877899
915067
475850
441173
394299
842834
818313
677310
194870
62833
726817
42650
826265
116972
404033
105058
741187
333204
886037
45982
600959
114095
827112
60322
776227
534667
587543
166141
67711
351075
167257
217895
7911
434320
95474
50371
664938
302789
649160
976808
244465
523896
156414
252643
645812
876451
267797
924987
413552
649154
421577
503680
313597
38845
322996
87050
527306
803766
741687
428551
120213
512963
6375
102574
528674
677371
601645
589682
438207
249161
634028
991522
68810
61444
869820
54210
931849
658571
682235
992527
607836
529177
614372
958800
36594
738267
467620
862802
500596
989012
224044
362482
763638
787906
693413
802850
457269
611400
295508
223674
889423
535651
675582
904240
272900
328433
369767
232526
439683
48042
773977
370184
968305
718091
676168
20388
425132
995839
36195
588384
624605
788994
309114
652409
31848
58356
310417
623351
478229
140083
454019
657631
539737
762772
644916
746535
914368
426080
645454
686793
654947
467684
82666
118947
23093
550418
849636
928892
573197
529262
84280
310029
873860
491182
86898
559359
378999
166791
411011
552427
758281
239605
150449
196900
758496
226880
17797
114950
852526
72113
160718
960904
721243
442670
112794
203685
600111
626691
46329
540662
379614
872824
129361
128934
994480
550233
729679
533538
145499
297321
550704
517138
668548
443916
183087
46442
219342
35443
401181
129535
397494
681104
123422
190717
882913
666187
440020
13934
482660
40348
754828
209830
480696
96913
4139
511538
935804
658974
144745
100821
14870
312082
98411
991569
506370
361580
340752
407247
534138
545679
618381
51115
966031
573996
507027
906274
53806
328420
853075
978922
446707
713006
836384
542159
262213
935153
318135
22484
156269
570462
76255
435844
755770
292031
241195
592536
675987
379462
172270
504736
329456
24882
966281
928863
944144
34431
55904
65524
668617
21246
806630
87504
941093
851484
600747
287003
297152
194438
738801
943208
521979
725812
954906
426977
442709
740207
963749
128209
246470
688617
808024
126033
465570
283442
280912
927630
552487
629855
316894
144652
713548
428334
62361
11826
251952
631278
985204
894831
178930
611900
550879
947987
897892
984671
926175
443023
509708
696369
943281
714869
787081
7464
411026
112683
257456
604449
512892
797482
630858
591285
534236
940380
779240
772149
566999
824172
230887
731567
514105
282826
871575
791286
433036
308246
730346
521907
139636
997302
273852
182236
160390
88188
978746
130131
847252
263670
603499
891203
446286
780941
523630
131886
364036
32510
848308
19114
439324
241052
594074
919872
752669
74682
539276
451701
537025
624529
184544
236059
570331
669304
468280
243643
632503
807240
815446
861859
554046
39109
203074
823564
920118
809350
705111
696592
365489
520705
170790
422227
161378
142290
935727
309596
855881
905698
231543
15610
740956
314857
76286
600289
594533
935470
402803
619714
538507
163282
680853
381602
996157
843283
517744
970498
59976
782723
139806
740767
938286
180495
771409
932416
70903
413480
465920
824346
947861
204846
544056
953114
328215
185540
38950
63925
820102
871450
682561
308483
417997
471292
165854
92174
244438
365956
701025
856850
483427
280372
624022
180698
656475
59359
881687
908111
79225
992599
203529
321108
990176
746702
975814
998026
74022
908862
757143
11173
102461
293584
357530
255472
485118
713624
305421
757690
769588
88037
352991
442728
317744
971201
602599
992773
819076
239951
699733
23515
428678
814056
729817
321403
937411
388379
806524
816269
916194
337301
123289
10629
484525
871804
288687
542339
573934
256376
692103
722360
957315
398455
808675
66900
420305
573951
870391
470529
96866
942868
604779
159848
530116
177260
780495
888661
311194
336674
135292
758487
117051
73414
399404
645643
539297
392355
728980
852408
35141
723510
889531
262310
2674
582004
750267
142524
832296
875325
964060
23409
401433
394674
894979
802364
959283
940110
396713
920763
80747
565045
646204
198622
676823
53947
499966
226471
78817
717696
591581
492751
90844
424721
610794
356737
695902
127623
35103
224365
899549
813273
782511
560015
407992
666939
958799
721182
786278
282624
705596
829585
954138
759367
575421
262158
517991
730939
304780
639877
17517
414176
394765
844187
957988
47889
30806
815522
910656
556704
256449
98278
682102
515360
34913
541714
199436
995354
856441
312572
157991
418272
391571
357216
236124
609156
609809
799114
823713
477336
498569
633352
271702
978672
139613
353242
54650
807183
965621
283499
740598
781505
955541
484863
170653
440372
728375
847783
209415
383465
329382
448637
347164
957985
275050
190443
797925
894195
654733
362242
531819
159091
77010
410552
62474
933034
512543
142875
805500
948482
823534
74378
219291
379843
664883
11827
86089
531029
880344
325330
239891
847912
211950
584693
731308
203290
126941
373196
910965
933367
316513
22535
570311
822108
698610
936057
330938
136926
313864
684624
226514
670254
579418
170691
581265
576777
407197
733545
916171
174731
257425
288149
587751
185534
856444
560387
892121
225571
282055
321167
730060
195066
828459
905695
718259
483718
61153
554297
118963
345034
642166
288252
731203
347526
171535
3362
267750
197097
125237
444378
187333
559920
719815
910057
461187
970207
4089
839267
210871
302023
439260
414470
522600
824226
273126
759384
544907
522559
619762
885719
702500
242583
385028
568047
625652
862114
902162
182872
903471
67630
477188
264578
206798
259481
519385
620605
197538
191508
857748
954248
904203
183468
901292
220605
539431
27418
925147
253886
486585
26438
313337
481698
520495
195171
225882
244646
386614
44121
109445
549265
200751
507926
791106
666416
552506
387351
571961
285542
119458
997961
375974
291969
137093
347736
315229
169283
498665
212265
344282
418891
896816
584321
962555
985222
304221
479619
244864
23419
47218
343305
258326
197658
763287
742732
556969
72752
415646
701918
109866
397789
719867
18924
337213
862836
745294
521227
903709
781542
404038
453074
612397
231981
372749
259866
369118
343893
404959
395632
83280
616988
348217
595307
858544
24914
259392
469892
415280
272059
293397
544487
867325
685846
806075
950898
285131
105411
721877
282599
316923
991729
222027
412883
800956
960050
768147
327295
604726
52786
389460
387478
407345
959538
886390
325877
425755
97308
962530
393613
620617
471971
449803
84527
306683
385012
634067
364253
521720
741887
171919
3566
221467
279435
270092
483214
661524
364704
229812
292026
919048
810718
743716
533017
992875
518516
536771
890469
529185
385021
788342
847886
149140
785658
735290
355478
219572
342672
141059
322034
307243
215677
237210
950473
142353
546964
61938
367864
971654
443662
92676
846642
585491
119052
901397
117857
206892
88622
229693
112351
124427
315363
86919
489585
493252
890507
234344
305767
393498
67445
260574
436925
613693
903768
319293
387421
638576
981386
390348
348285
139942
575174
305553
466372
669445
542653
640053
498749
607751
424722
771608
889267
497656
644155
622428
27232
960645
755215
86528
687903
2628
935685
682992
885952
75306
495678
381142
165564
931649
175916
562925
333916
314785
975633
958521
921671
10142
759757
630691
52026
415870
355284
407683
21762
19111
935276
112695
523293
522220
884426
686064
148463
641927
883044
81349
635891
480472
183540
749672
541553
291482
184267
914914
447988
982966
36436
195470
838728
985522
271834
491574
906812
658013
196099
318174
175623
161533
189860
892691
283789
919514
936081
696464
216622
998612
984583
791555
71114
156919
389187
188536
622039
594362
66227
717071
349856
721747
520541
62147
860979
391646
846208
37571
957148
190368
597735
173793
443568
447930
760205
146081
410466
533477
473973
879387
610978
968720
50864
937661
888563
952801
711673
117028
349091
776383
747814
690240
593430
470093
27050
10795
761159
128589
620159
588259
631110
722235
103903
754845
391705
902713
835208
214632
870674
859448
670982
232858
287098
122327
660933
970211
846995
176850
486746
367252
585173
392020
22593
606048
680400
382275
189575
73660
930310
81837
108057
109137
174549
937
486743
271764
859584
676526
186013
332496
127800
867753
200622
684450
946817
435263
737342
921514
279956
119672
997842
358761
492693
879475
552377
339664
308584
86693
418731
316195
167715
129540
10403
925731
74788
162514
944945
135270
510513
918785
526495
373634
10969
283832
256234
654104
400266
754900
251038
94836
966141
946065
538025
281620
25182
378101
415933
775196
414437
927659
122573
475812
466732
553968
583732
659484
537356
389064
885972
420410
313495
204106
354421
700990
175905
501862
334935
631386
479541
444933
206245
487969
540276
193383
342323
198303
666420
474039
2233
720602
873529
384641
934444
657982
119190
887216
10184
245769
909889
705378
274177
513751
650890
226736
620216
950819
958635
16175
237335
789134
973216
676770
958206
162894
764582
295472
242669
754626
423627
125894
338584
202866
253182
548223
526472
335107
523675
4870
701652
52443
763986
842083
449668
876887
654156
462489
346430
175879
990350
231628
451825
384485
833662
305861
267573
168903
245517
995527
88264
30953
47271
661233
804187
879980
195100
388252
957069
647030
430536
103211
703982
143369
993047
169462
224811
620041
774890
101933
722021
76975
361795
737004
904598
84510
857477
612992
377741
170075
235736
628758
910849
338316
422114
510108
962576
488676
531680
245899
450990
426479
169953
434096
260651
117723
520231
976054
337790
213467
473423
952869
161037
993874
445463
771534
917418
707927
509685
309506
904521
71430
9566
41985
128244
234438
257790
8607
237457
53375
383547
236261
724407
940570
587707
895596
679416
67885
267125
1633
122268
992505
772767
198321
861003
238076
797704
490200
655434
644566
902540
305151
27958
629327
77726
460265
771912
242498
107696
969886
452364
998813
30469
2416
598021
54567
56390
270981
639367
852204
889420
751637
351105
87123
598408
186460
307357
389484
132274
968993
785008
358622
959182
367780
635349
746665
506593
577337
416759
663699
634005
997696
708474
535962
853508
146421
208283
461459
752826
595362
132331
270804
187141
304449
428661
149189
202850
505575
229104
667172
692524
841234
500483
671356
288399
263662
351767
175706
968044
989305
691219
501417
668059
870866
351152
883184
974186
92759
459131
128898
183304
779240
747131
748131
727157
205887
29886
26209
249178
233058
929104
359423
5977
572873
576738
64034
545477
19273
33788
258025
278552
379068
114781
243651
403414
448514
290718
395292
277218
772164
820558
771396
434285
261702
548275
485795
252550
146934
412524
331654
207885
439299
747441
387793
353693
897026
742299
190715
933277
890673
740746
536026
438303
916005
149235
701133
277213
610198
33182
952671
599386
938889
499658
992197
777770
507730
173955
229061
868622
527753
743599
172380
818480
163090
79916
614468
372665
64795
222780
485074
945282
28247
97551
731290
732535
359884
246693
644323
614841
64475
368900
395992
647117
543842
416881
764048
711672
929260
913242
21103
699674
52115
218286
679417
870887
856064
346703
146471
356397
591125
578738
570210
871048
96048
282781
787972
280322
385112
322346
253656
44181
796279
385875
148991
763414
689083
103718
199608
603803
15293
580975
318339
271698
229957
550430
787813
834467
518125
99029
269281
372510
79588
57253
308357
904870
485248
123946
934436
601683
984814
214724
252587
107119
841951
865942
427389
919084
885748
969277
654252
177736
516801
701431
912659
326760
564150
819742
802106
193684
625335
366994
283871
442864
635817
339599
52374
62768
682320
639623
940014
174950
911077
438924
88590
567266
90229
217718
171918
411656
964704
914670
156418
777397
512226
837184
768130
701759
410280
9525
989110
188293
484212
949247
134011
943535
397377
451337
585160
346027
536771
738929
901598
16552
817947
964836
357446
191550
259771
721828
799814
528767
959396
220568
479196
224803
746147
977101
293936
708696
955115
273579
137906
384815
630602
360782
238785
568931
399357
914279
68360
506431
406762
419025
825155
161376
632667
492116
85399
529315
587096
469035
130985
57774
131527
739196
645756
691301
442891
186464
204787
51888
947646
939707
277205
85273
232577
318117
392810
441556
845165
425450
86061
362113
730638
486297
487451
166543
27315
869546
760970
858563
232830
908603
365116
244806
909808
344778
165093
97414
582315
880101
174432
683484
898915
689228
125255
589752
47201
434310
109877
372046
655111
963729
801193
927303
221509
334798
620261
191582
622133
499921
531420
532011
570669
209742
795784
316618
867490
242563
614351
696047
687713
267175
586804
772447
480561
524322
217137
719152
580046
865355
437255
779266
372886
266847
348548
384249
365538
524316
8123
714091
155704
559995
106440
551317
850723
907832
306062
850811
131416
907881
961927
55096
537198
842268
1201
130576
116349
727541
855557
700563
301135
284419
246239
423878
61526
325441
611070
4253
759058
728901
617332
330709
360404
156420
215347
528797
417592
77234
605924
207519
911551
934286
21337
775061
120844
261316
491599
525875
152756
400633
924149
13188
667388
708944
444030
507253
606593
807191
784609
338256
103505
108599
749908
631610
422054
2157
893470
885799
88392
147305
279942
681419
480076
531112
654801
703362
101342
256787
338481
720346
856786
319265
290925
700312
985910
179896
917614
297163
1556
208599
530261
601032
991087
556866
507802
895950
146178
244756
584392
305155
905181
250169
670188
760648
36626
664724
116783
350855
821445
903428
28976
437737
262695
839014
116435
669008
319295
513150
933574
993615
301400
886591
633412
151606
667441
816211
564117
232858
400883
196176
627927
182647
428872
15537
591088
105231
242245
550624
595261
22284
146237
937962
447810
851946
783597
569600
338385
246455
774488
16533
733585
552393
638988
928
761491
577666
241206
151708
592451
346303
288035
406262
381262
402348
671344
660599
732699
603376
621623
847791
628866
897642
698220
235153
679383
87326
5246
728831
722821
969556
949537
236799
341791
124479
348375
263330
979363
829281
794130
303094
677931
101427
806745
91364
97277
254644
228119
4356
410524
336854
596776
101231
335143
309626
249554
50085
686806
876023
286510
96977
723649
991529
508335
850770
202004
288677
472934
942218
150873
339696
656250
668956
255687
822943
781068
360015
909141
544045
557425
873892
989533
175637
388955
527258
436314
250003
788876
548683
931395
115621
668950
455517
840438
865715
386270
76397
298436
88787
806191
297205
132013
470225
389767
88470
986489
245522
111079
358823
607207
414284
927477
15228
759450
478071
243330
825984
725275
789219
305969
305332
378166
212739
45205
29430
787477
179961
471316
777013
313344
141070
555929
657812
455832
162327
946933
982568
667566
486525
987372
458545
925723
497631
730704
235991
21752
715822
377408
738473
341839
396150
431736
957717
606224
414444
330138
718502
972176
298266
159101
586539
981039
601605
899196
57269
925821
59284
636495
664851
304016
375334
388350
577126
134293
550330
963325
490477
65085
883702
396448
138999
840474
400002
157928
613897
970893
687650
730596
318700
360300
134768
783174
497556
254984
388986
158296
701270
753326
776764
754880
383744
780661
977343
861087
415733
351197
638817
447701
872726
794287
40076
724132
685576
607185
960741
311575
979677
491547
513782
623545
343597
818447
289088
223834
703724
350707
614125
991826
851425
23864
164068
844753
392511
184200
371245
670833
507520
583813
672502
383566
561124
295624
937649
425555
100212
538811
494786
724374
232454
541281
647041
533508
115892
163011
746325
323240
658502
907898
420450
228165
180365
968164
715501
442477
820156
184222
947737
175713
768712
435154
8007
624601
312471
393500
408445
17299
175838
145521
468719
569802
509320
700282
89159
112416
917978
442190
701105
551786
342700
559462
744528
825032
946161
401313
946085
256195
209034
462702
633714
822367
876181
508193
661864
759130
693082
319495
140888
49046
259730
700828
69082
94924
401737
90544
784203
680955
425217
851337
519630
210783
622231
745902
481203
980625
261786
637470
1586
395526
864506
453910
35646
490728
470950
531382
522336
869378
50670
995971
412020
794234
659541
374593
317218
83841
34419
58011
495976
708999
603974
544600
923900
616480
638156
265803
225713
683263
671516
984604
334973
583679
389488
438687
416407
178925
930689
374999
285316
135157
687484
527360
84228
997457
526342
432886
739910
795908
644572
25250
959607
13093
568767
846678
937119
198851
770332
762937
740533
890453
744227
98733
226640
821138
892825
921340
880206
991629
535078
203624
174445
37167
686441
205414
895652
462364
828962
473029
661498
127394
369190
938427
716660
842534
637024
758516
148709
149902
836074
778885
505968
751993
445767
697991
730805
204634
955690
930147
483159
105177
71324
602605
315674
409813
797705
329546
760994
753364
50628
752307
264462
219891
768208
328180
413945
100156
71861
771747
3925
601608
145757
581469
96742
136745
727783
817053
603274
39707
492758
27177
41934
106822
708176
685719
448346
256858
578886
889605
335370
866465
250257
1365
609641
631942
348497
543798
49191
89655
516256
485197
173984
235523
269541
100524
148161
641465
397185
222649
460159
229736
314983
481275
575601
517905
35717
493655
563766
5975
691522
576450
576938
698053
616049
286238
820418
607252
92090
814069
825679
434004
965992
597006
989804
244803
693240
593518
822289
36911
983523
293505
954446
73516
207778
491810
44310
970151
761166
217076
824462
367727
202552
396071
918886
73546
197924
832670
756009
149742
132241
88234
643520
298754
417885
505403
643996
98498
787983
51351
930047
584023
643338
696191
859346
320343
691806
630449
723701
522079
942170
626527
355247
675654
196798
128742
102736
327378
111634
369423
155237
589872
113025
287120
919697
322614
195343
632299
418069
595732
150619
277881
207822
490949
189577
774020
813435
620840
23419
136479
682120
56522
489356
326609
534589
242014
436388
276164
279995
413020
756129
805956
707127
833680
802701
959901
80162
909457
233061
815360
658976
548851
376275
779326
711410
343010
521561
610152
487365
673640
347605
931902
836493
155840
350102
450391
429920
749765
149462
142063
333872
436693
823704
190091
307394
716992
881629
552841
858027
882907
616383
1849
734779
602105
710564
832371
265340
864407
370956
950253
532771
45829
90768
140126
528372
209402
80110
264263
114870
920151
406424
692271
507107
871263
459932
303633
889137
740993
330593
332156
58044
506964
30890
917794
6006
656570
187057
184916
903509
509093
221807
521261
352894
731761
590430
653805
813753
610699
269676
447747
292995
609662
27491
267832
498843
305978
921724
111985
422766
552840
592471
443352
440515
582759
398544
282717
524431
913267
932488
943863
711238
965915
208908
182693
327963
910212
757706
79254
93303
613884
262794
647807
688869
170644
204189
470611
350544
338191
17581
680899
468488
379808
105415
684375
17584
204250
208816
13864
684021
381492
8807
428320
552342
183522
219134
576201
774386
15607
111396
938567
397337
702069
226543
999288
786470
874831
919038
463854
62831
509006
43222
942309
123425
968609
298180
146863
111606
988952
273075
535544
548837
41977
817390
788437
335780
85156
811392
96651
322376
282976
444971
550084
492029
809640
509076
294666
985
282651
896983
154375
122895
897999
79480
807960
260002
300983
584017
49757
35833
917762
334942
464890
168155
176499
848068
250508
98491
440192
442650
931407
238533
584431
9155
900272
131290
756206
404168
250170
512166
905623
984237
214351
289098
793135
968021
100624
650604
103478
378397
102488
130309
623567
821492
945205
285694
417933
518216
487127
208544
885322
781779
266665
946798
209061
478407
267822
945944
873686
490004
902993
528386
853475
626652
746250
774849
863486
457743
316168
513214
43757
28629
139345
907038
500825
822458
899038
98575
990904
260025
35409
533140
872221
176003
880095
173688
141274
165611
53273
245256
159211
328384
753293
44107
981907
422084
326965
202710
628178
408690
7882
677470
366529
690523
188709
958716
6238
808782
850486
697036
952435
300597
289508
1354
704870
347941
716653
651688
213686
191598
115007
363346
514347
554625
578159
75603
507513
909152
469788
359574
482093
82590
523131
628973
676776
838509
331970
669597
162887
613457
850568
348561
730592
263783
420278
128965
746285
156480
491029
248988
702516
819862
412728
557816
945295
81809
409921
705348
27021
552789
685027
62104
3647
4532
797454
203271
491475
998331
107825
737456
403884
563642
613575
50350
503661
983003
421760
821723
523238
179647
788433
741871
931422
284411
977291
32181
904359
495800
158602
617896
731392
59034
878537
695549
440273
357516
864766
746418
621144
330221
40116
982957
85812
879480
311596
703781
842516
449221
965322
597440
298263
266981
163041
75812
850334
209976
579282
321758
903998
705706
132114
964542
147718
408933
733781
497410
145152
559596
205983
846576
407535
687658
521911
167954
271203
797779
342987
24492
434445
757602
434156
608349
788768
344305
723776
512314
677598
786550
757430
646472
493405
28964
45122
707275
812465
272444
643802
715698
265044
665987
692985
296709
386927
995970
990329
51388
257953
110575
511322
465840
500869
937638
774026
102268
995462
85027
393234
840934
771733
956675
482052
346706
337352
237159
901460
520437
110242
299765
443626
51676
621636
709804
8651
901407
181481
922119
601580
252594
787366
797555
280425
69715
249196
88123
166018
510031
81521
784336
613341
613273
295324
754863
378610
922061
538205
424223
980776
744024
39839
356014
447348
727699
389788
458394
784722
814202
360665
509617
159997
85591
861110
179125
876460
385704
276843
483814
861392
252100
680470
763516
198424
347515
106467
785253
5779
975155
389229
837929
601267
889572
333606
140993
498375
971506
462348
294922
441838
951739
354626
215689
496731
74958
73497
431993
721233
530255
914387
904377
85121
611109
633150
470006
621252
879870
479652
600773
369241
533162
185656
384757
102594
793115
997282
100244
783888
281641
835146
323284
576315
659410
654805
726916
669560
575863
658343
183839
102019
166027
873179
121403
24577
851099
157656
691821
624141
224431
939413
750480
936940
850387
715219
465516
427701
616842
486203
169097
773516
303965
370077
673706
724688
346835
5394
173028
687667
494119
925211
580691
425760
670456
901478
328226
941383
656795
537836
566761
75804
99216
318740
938027
791830
383443
924986
232270
870260
760804
809966
248739
83703
984007
130785
34299
781316
109561
493722
42289
311165
667586
494414
276733
829390
129350
41472
328900
237749
880001
296033
855103
848786
504776
544671
893916
203556
61743
277056
637605
331781
6669
960921
260835
561459
945415
85419
50896
451103
659515
975662
142983
527819
487150
338450
162140
152682
587190
402936
739126
592816
156830
363513
615460
393708
581830
208485
304830
223649
686626
310235
78435
402605
908175
435996
972755
603530
94939
712049
250262
556995
534569
197271
676280
693648
432645
423507
426324
639229
389844
584645
911453
824869
100687
967529
550034
697304
489126
688922
203380
389223
162887
578702
118547
982565
135078
661479
242157
978439
249239
130133
646296
663445
724618
612650
257071
530099
25867
923568
768417
832570
253702
468073
631316
179091
783878
977649
398200
424438
871593
158988
576361
258861
710371
562691
756052
621631
967715
830723
204273
338993
943531
128480
384042
545738
400151
918376
836138
127216
760798
908166
980875
849851
815988
556046
848881
794571
734289
209529
407117
734756
588703
968112
605152
935280
83914
732152
564386
824065
671711
886414
322437
122413
941323
523982
388830
961007
337893
45544
539265
183569
199257
225011
718404
217123
386724
525239
841682
415004
837796
281772
728519
99425
864574
174338
186537
665746
596917
400393
592295
778160
877772
666935
850123
26428
940706
404386
487807
350836
333875
472855
42089
180708
356097
440004
571210
359881
709150
223109
562951
280416
243349
507548
604262
81517
41631
127393
54276
99905
966008
57244
201302
876532
325662
629425
534558
43469
536824
735941
137242
408767
159377
765197
815528
363282
654409
661399
431372
828979
807384
995205
494347
175333
222360
318349
706880
935152
581447
401764
904635
144986
599452
752891
267595
388919
399263
807695
29055
341187
623527
104776
618520
212899
555007
115617
722881
563390
697565
643301
826028
732483
547363
353868
373608
541106
175553
805617
900732
955457
511007
923819
692851
740233
215328
109678
859234
442803
963171
99691
37177
853181
711036
139992
201138
592447
386263
127067
391857
801710
908888
757504
440933
354446
863419
441196
248365
732196
908143
191509
268190
550531
672746
663145
494645
424705
582440
456762
79157
562334
167994
876584
771540
599492
994772
988852
437986
170412
531857
761021
450295
215633
828487
253668
46612
966375
313943
676993
150766
929587
505471
899826
485402
324587
778797
404074
785541
833984
708264
528944
722299
183530
790537
743720
543019
794040
455034
887948
636413
113207
815621
260993
923626
696270
149541
656457
49485
648380
176987
739950
327457
671452
217815
694065
700476
412519
482118
404445
601811
472310
739144
882383
87600
907906
198068
908094
48600
506544
355906
457400
464058
283426
337725
432121
653674
452909
330333
116462
687132
383188
969258
436789
462145
220873
321182
287554
412387
337677
131125
913438
576177
312516
155989
375400
497995
150660
340171
110075
186758
721727
314176
424285
83574
292956
36382
972616
386285
353340
836403
754705
444602
119605
27399
377888
714005
715709
324880
601008
927611
554443
939211
309132
915954
267516
58585
310271
801601
544346
31770
89993
241568
404596
729570
478565
331747
416085
216384
614905
133803
20161
211813
963573
318871
876054
659411
352797
783529
798328
711795
12637
83416
849302
373481
338683
256488
176613
979857
658519
421808
754846
849344
930803
840435
384060
166258
681861
188881
54452
509657
964763
148600
297936
757375
87568
120977
522610
527866
997643
330976
872824
492353
542731
535552
318491
359950
980818
105865
15163
642360
740520
570895
554415
32580
582894
608365
723100
803562
404325
206310
214081
316435
790943
706175
257805
100342
514299
903088
767610
169290
356458
917409
116278
987114
807490
448804
482267
284333
55216
500594
309702
622127
909513
254486
437724
219709
468509
938016
292159
200634
800338
832246
265736
892521
93615
402613
130551
298060
252807
490522
10890
391257
826968
897875
195713
867839
757961
192382
118329
238539
154543
331389
450369
869074
271114
567510
588390
763661
163458
687010
424081
645088
425865
946575
816292
325046
805912
984408
792008
677806
546350
123002
603678
304988
223966
10932
18441
971450
429106
325996
329073
992192
376751
254876
775846
505276
641570
206379
696696
637266
859407
746917
6651
197747
351373
123128
501226
892307
82280
623072
842742
211943
513153
511635
655960
634312
79731
706541
347110
269848
951146
701539
361717
705574
454150
674876
743730
581352
553541
242381
807324
703738
247167
651376
790284
291918
583386
827004
619782
258023
268347
882393
770678
985762
901610
473494
760053
846519
579267
320958
975730
172003
785836
92615
304647
462514
427153
909783
660615
950415
664719
825249
226012
442350
941156
543752
403611
113265
462646
236149
601034
193425
118024
798011
351180
930158
34358
788915
137851
115648
630991
405536
868367
49702
557405
872997
870348
20031
499352
636499
153437
202263
335108
355342
757161
436435
263997
970848
815440
228587
283013
903097
546234
986377
402267
326669
667351
436998
753817
64210
640648
143782
544476
7601
403055
448352
937445
243177
129115
131423
452997
100904
110870
303536
718479
122709
369735
238326
991050
822109
419463
708837
729693
608539
621575
341685
955050
204382
42100
224964
377973
168181
278960
805053
800153
746217
604409
545448
513994
454117
538357
163007
22494
382754
133810
459135
105839
787067
893551
493185
915215
724689
275471
139915
137248
795069
245790
799643
670976
735062
661614
871987
334503
516734
144536
538316
199976
235877
98674
692881
951488
764221
217472
235123
541721
533698
995719
765083
32237
355722
769295
884642
207645
284289
322570
841365
195387
27333
717775
505649
588608
97660
345132
462822
152926
628337
264756
757539
502978
793646
398622
820728
420421
339664
864586
262295
641306
252567
896461
523259
151567
707727
720018
679451
184958
323480
174030
610229
590138
342612
83083
735931
811570
978210
668387
698162
923277
591224
550887
28120
600528
375465
295486
801223
446406
570058
539726
726274
804260
869318
588139
149343
2152
84896
682935
20390
537
380387
735307
814554
406714
467736
315788
199492
783565
914276
232879
674568
572772
334246
48855
903355
180508
798159
486764
178241
291215
612992
299503
713216
287267
639643
114682
921623
159666
622311
953704
996914
18270
877217
989486
725844
392848
248274
850648
146180
726043
869687
688524
355966
643934
129089
49110
875653
693217
365783
738647
272060
955902
568998
978463
30636
187165
167337
968223
151715
895511
374951
594131
559962
143700
131210
967216
237072
129995
467713
810097
185569
984607
18307
904541
260067
9168
257058
875447
866296
693193
499158
827106
857191
623193
990706
21848
715045
5502
70664
669187
537794
337671
668735
684923
128335
632652
181239
217124
894138
239363
901520
103146
405435
845152
749996
658046
248571
684288
85894
766026
849261
621021
661463
297058
873312
154964
83550
950894
831652
117264
887403
94236
939437
474744
421802
813913
254276
873671
437120
187221
409776
116044
637063
609748
615414
659671
359242
62992
898198
918814
176787
71632
956699
962877
940234
140281
671417
757997
961072
329984
748461
656029
819994
244238
242039
768316
869388
344002
358293
953653
20304
1151
205583
387268
461968
747827
10036
571291
803787
478182
280289
750365
23385
475612
584332
465054
44441
620114
731480
127679
936161
48545
76056
417821
930081
909584
743422
750312
188996
753624
553908
478333
790357
192713
51608
268919
158012
615492
107201
743593
711703
197523
922867
943393
791721
910496
409281
109747
493943
764767
761704
947778
286625
758801
661942
581197
723356
940534
58440
270101
889746
860401
6838
468957
508236
94648
471068
426115
113179
609116
849213
832232
422582
385267
597448
449394
479459
792356
913507
428514
322141
299812
240892
338226
560888
470075
624332
968084
967890
666360
230250
568450
517759
446207
449570
783920
639012
419965
306499
64693
829889
770993
517745
613962
726565
285397
639721
329577
91622
899947
474663
585353
323240
81392
439889
883805
430270
981542
637253
693387
466877
347623
327699
807792
273580
239201
572119
290140
324184
222784
533013
316885
863505
729279
53765
828753
986482
383955
7469
263562
60987
674072
474961
8403
624794
138787
25005
183901
806230
123402
658480
699269
504912
420782
921028
482449
245381
241853
92038
248920
890838
742812
915072
435365
22758
167427
805262
175227
415700
220617
411984
677402
473036
494312
194569
500383
350449
356320
842386
533563
117589
156850
167194
115550
985390
673178
994536
292625
222496
393316
535726
658037
915806
416622
508903
258862
907427
81306
290172
127295
589658
186188
799652
733325
85784
614498
197914
952758
817359
385093
680225
295181
345123
290447
631024
49396
78437
738606
208623
610791
463811
520990
412554
352517
827814
451555
596465
519449
366267
367844
679944
355667
229323
117307
390844
19615
197060
509670
936450
222560
145114
608416
144012
440262
742358
903467
875385
642818
235766
952364
560772
313125
882930
684119
288343
464684
939551
99762
553567
420501
77733
557118
221382
437446
946454
64573
129434
858554
708374
860123
255605
670803
212573
866775
101819
342068
908776
296365
364835
578295
981463
762356
770993
41103
918215
635299
290070
719215
603224
254921
860073
602536
121536
28904
775821
683834
373
760899
405823
316704
743614
506096
568274
117016
183183
468916
32465
755768
349322
17796
746252
810808
208969
633735
143328
392987
388324
941904
505710
598788
617266
443682
760771
810866
528445
288256
2218
661766
31381
17043
182046
294807
536928
125179
321213
835842
781664
267194
884528
280481
140524
558790
185647
928268
340093
941133
360765
112982
420270
480633
896703
58011
90204
410603
639513
288546
552693
305146
694460
727129
905166
591566
877106
462611
924965
541045
464745
983061
364542
377496
414882
205200
308312
237566
374306
490991
628990
857274
670772
396285
230832
591056
487901
549547
174334
563297
623755
436187
62283
266584
37442
760220
467780
331565
421853
490939
832270
329029
168183
94741
718323
746596
246401
805198
326757
832828
876612
789686
202315
790183
782540
495437
486974
153750
811181
637312
990375
789329
157176
676039
28455
602060
54110
964195
759118
837928
406830
340964
283531
734080
587628
182029
259222
384264
867188
197888
39283
102783
197365
560899
301682
481780
202721
4071
352522
365542
267114
501142
408292
118516
26212
755382
382452
744046
159635
490057
265051
55655
822411
75121
441871
962096
459851
846711
299267
433620
722479
198384
934224
93770
944858
507316
346005
783223
329988
993905
572827
721518
89086
708620
934130
72209
284350
668161
207723
281735
959407
600973
295402
65336
393227
469220
546598
442970
977200
743507
221587
704488
294550
453461
670801
849332
956298
714092
155232
587345
859508
895834
229657
135547
424324
574770
449910
961760
826044
223567
885429
254714
187885
240524
240563
469810
246778
317902
314415
279931
371891
597283
991154
207520
429292
328386
519785
176655
302362
47357
436988
411966
715253
862703
413991
122557
585764
459785
43184
438846
656253
102623
239403
900638
808290
566909
426271
491309
607629
285535
276656
50839
982040
349542
768300
273857
270791
113882
804455
807081
493491
609632
577357
883535
191869
490198
284474
942563
830706
479839
957526
457197
140848
899638
938025
436055
36694
611863
786167
891169
181725
671554
825381
128677
320419
428965
301119
562985
237248
540308
735298
977868
664325
267703
991983
843847
744722
685171
56647
463403
25738
434129
459788
673209
715640
798279
123671
869839
164625
258413
609421
431626
952106
29053
184724
543923
507215
746796
162364
379628
685552
707209
127811
437286
127228
168557
882794
739734
303116
441465
888603
699819
811657
987756
436597
840370
893563
856942
7711
397582
577490
485606
588875
333029
940700
10902
523948
829701
692138
53567
636960
510173
31964
354088
826327
479167
974165
975086
341227
906408
972397
427937
254488
349668
23716
276378
329770
448186
287713
517837
933041
763903
150989
59226
394202
636394
113792
311181
978114
589293
550355
102917
539387
119729
495301
893329
314189
759736
314550
101879
742121
834893
384360
515697
756551
529201
653578
16216
727102
288731
173667
182570
321929
810594
494789
705580
127550
507482
507231
791298
332045
959850
983188
197392
167439
277651
895582
408208
311018
80882
474630
153636
245751
685230
531090
446116
950223
823802
824917
464456
533418
137860
387935
193519
408118
511997
581173
459876
592691
388334
39929
782872
616637
278912
168539
596791
822444
529637
297543
548911
556561
373278
236518
670415
132420
530349
321759
365725
340303
153121
336349
584577
46420
289957
694669
393324
892437
371954
509680
653914
108090
595266
762086
331287
23355
575827
655532
284525
816402
827335
496249
21589
205357
917436
596079
674501
219115
242587
679501
759219
802498
510164
967853
826800
983249
486070
175691
626790
632520
843425
109816
311982
719438
724050
512270
512617
387143
23270
434995
236908
690821
660485
407190
369823
832407
193622
281460
708463
480102
646514
668493
736324
489887
54942
665352
597424
955028
396196
75921
302240
30541
837636
489169
879193
828840
353011
336626
771473
144202
745245
593781
337295
938477
472112
22276
542469
494743
999592
428471
391638
907577
533411
904673
582723
651500
781604
97884
221806
611790
596595
990812
399358
724974
749956
517054
654528
946132
154922
263361
631684
472907
400907
894877
569496
199277
16616
847235
759048
35710
18822
644413
913838
205359
78042
937862
1153
858324
158130
403952
432444
843476
854335
81824
564275
376214
933299
534016
370037
771671
816766
190515
479742
147796
628751
958428
836054
625899
688894
425578
840698
259634
963765
916000
946674
479634
767316
718864
378186
658664
156189
812655
301837
731700
657175
518437
476861
26494
696645
632148
259487
185685
712101
763872
56293
588062
852187
840534
490708
781992
233867
404030
852159
693676
984898
127749
279795
406646
102682
1811
948110
645923
553392
259254
659710
328280
697126
537738
399701
492003
298405
701165
148786
578663
929309
595850
427056
285723
394440
421542
776365
192714
901104
85789
724044
996557
285844
929877
411021
995271
190827
78304
624510
518872
750061
126723
924198
665579
244250
356087
451149
523854
986220
197302
767293
560830
444782
518484
994871
905320
79106
130193
385773
605733
985330
382476
894418
765582
751398
447032
20377
953637
606019
911403
402030
720855
905382
102973
384414
243831
29812
546691
53947
137028
756914
795060
904652
971115
320838
99161
516082
247244
948595
873857
819185
354527
417973
104758
521522
9637
864586
470610
820521
756160
191141
814838
496229
631052
78984
608929
193644
835843
50821
404678
858836
111807
160619
615032
744781
680666
255090
878940
458973
234818
393121
46986
307035
969110
359857
639746
35479
974555
46455
735222
49453
538873
670832
353481
277294
606046
781653
365625
279628
526992
194812
314979
595198
235284
785359
777309
484020
306583
740236
475782
480794
832629
181966
239158
325428
833439
369462
524475
810232
650821
895704
602345
398160
268516
464904
497789
416001
535800
552522
961299
937400
44232
337789
349101
325505
241146
865882
675004
590083
621526
26619
328314
207598
374801
685709
575798
473293
962550
378136
349786
74486
12493
127654
665582
439092
260936
842031
50771
378388
700399
890304
889711
582755
958182
705334
733523
276028
440792
977492
62466
973385
593453
697663
731979
959519
48457
832324
946784
819735
463874
834587
501442
248349
414230
437176
162111
63219
697401
637771
925018
28550
158940
646527
571463
642570
719364
894583
153536
291884
205720
460067
320125
43906
180326
731520
57043
465758
713873
919366
71073
406406
973306
620315
69395
529758
506150
286113
931315
406417
322891
99485
683854
95972
259735
831389
550203
391940
358583
942682
183017
744558
606657
263735
755055
51640
356749
876489
150685
153259
128899
309979
949739
286470
52771
539557
575832
453999
597209
529736
466597
620116
639433
831662
169210
472507
155288
581576
589406
387041
962459
859977
259776
115553
593973
740382
616163
623019
922140
875070
579146
383013
163652
455896
206044
107244
844687
680855
103881
297352
53156
693560
491982
482702
527880
249844
572191
59843
570404
513683
810393
119042
575317
538239
971105
643042
601528
988471
754891
244789
339105
211976
661688
40768
738938
138502
220760
988700
961391
330607
898844
109687
661443
212714
244434
978410
914367
44032
714474
699828
429640
554119
773472
861472
708467
176116
156924
300968
180083
525120
33464
473168
752780
831478
335927
836475
905875
225103
752080
295631
616696
717935
315102
213007
537638
848792
744584
825022
431213
4301
99728
226210
573658
924858
541979
842732
569589
912541
965566
554165
976859
570109
448556
207064
913509
928996
510153
404779
584914
153874
131743
917496
169700
893920
828871
776984
203790
305000
870995
358871
812794
243574
548728
629349
85206
263518
237516
122944
527134
194254
805904
140352
255311
749398
72921
240136
131368
912649
2965
526748
673006
997203
68461
380260
77109
759163
249489
192330
29783
696320
687156
794648
282257
891329
354258
763056
850573
583525
242422
289221
363135
480961
588125
903222
369638
866914
298659
503353
160020
503130
17723
146734
636932
305687
717115
771685
573895
485316
726876
694425
808336
405269
847069
517380
308650
137214
703269
441365
54242
846061
604925
684536
856323
272273
935683
696691
777781
63262
648246
672883
178075
935482
624564
244894
130675
938941
809543
551722
236663
670606
764898
381936
908863
992952
718529
335100
208453
718801
526964
638007
15911
755701
932848
525440
534733
286495
419044
425383
361477
750194
325422
732833
265605
251084
350827
932573
558315
104238
318474
302922
37350
835525
241653
718383
941739
342988
109567
230408
607703
743540
431846
996931
478399
992802
526277
545917
317152
25296
505232
985677
378664
232895
599021
383988
505869
30985
209234
89892
1777
302563
380990
817912
950599
695567
503272
973983
871220
723531
897930
242903
257791
149071
474552
217920
285852
781472
996500
554444
505321
730394
730113
739260
798152
940574
699944
801052
414566
646667
802043
366178
808967
845088
814690
906007
695140
666980
468202
243523
291226
113876
447553
998744
891466
228730
9132
337969
509887
192899
276840
464572
133803
355486
860945
165756
227081
501931
102413
113486
690201
111067
103800
8240
472045
203390
122515
950546
892340
604067
135946
194219
352986
174991
100223
424048
229667
614558
700309
920028
977961
128212
938930
161475
525323
809408
473933
120741
388933
260643
497772
361070
198521
208428
981492
205335
324476
943647
721554
526758
442481
86376
605300
388397
799276
6292
116486
775927
533117
798343
282245
633413
561331
931789
341034
968218
677954
341972
28456
791176
269451
577554
786866
607741
161520
753858
9207
453939
783748
403580
12623
562934
987283
464485
746137
284512
353474
591204
651872
804175
721418
343903
972781
729373
2551
473964
395796
766733
79259
913739
571955
708296
841845
760474
664083
749247
800323
113154
279737
549873
386600
187337
918144
924282
359130
59225
273311
500807
987019
300704
874908
678803
292217
418685
629825
891037
487068
73086
568964
482359
24105
99697
665370
213849
630654
495288
717589
604146
45141
784864
214562
340023
535320
871354
628740
809080
569057
771080
452149
264488
143240
367090
378823
381620
842774
579134
187753
697328
781167
947776
943275
622651
78430
684616
71468
612296
996232
499365
773107
359350
46924
985713
711276
922576
976983
31443
362068
867586
800484
968621
594498
839955
380559
713876
649459
582285
826877
147025
661978
688414
121215
971494
552992
493029
183052
502451
545118
772142
507120
969065
951597
843071
420245
159884
148091
517095
618919
199816
427322
785893
994660
436195
276686
362469
822040
752255
259705
237851
60235
753985
306998
294752
399011
203652
678062
604455
732505
594497
702072
876682
926709
14146
771177
937779
956603
965574
152953
464726
731830
203874
374461
644027
220614
680245
136535
689513
370646
604636
409176
384771
360841
867742
11064
103988
791638
680771
151941
542780
934731
681740
518185
739310
922873
499505
822820
462384
636662
631255
421208
205190
607948
184060
779386
485191
691807
872924
155940
92737
15932
355254
44674
831181
848655
902117
623852
957690
585383
513726
17497
857305
859183
916136
786678
696486
612518
993563
996325
282697
897027
185479
849916
118288
468313
276296
291267
657513
779831
835614
22410
709062
963780
96683
458299
176477
118968
917054
179996
645806
68675
202076
284231
298187
890083
311815
397045
397546
702596
768462
356464
864741
89093
687489
216590
559067
136771
567279
79906
654992
871411
348042
474824
439590
959519
675127
32366
887053
698564
535942
150082
583944
618788
474613
959739
190675
414971
845463
224066
946830
593233
302839
294738
213141
205976
501356
336737
131472
242886
39931
51386
244142
818626
84406
859963
558656
810860
475664
732855
963574
794062
996922
996851
389890
554140
772816
962563
789743
115606
116949
609459
767292
158783
304561
822448
424312
977523
685346
243877
234056
314797
447851
770160
790574
966515
703583
281966
725277
324178
895125
908855
460962
738554
811618
49035
284657
952019
846124
351224
622110
387849
227053
890858
614865
834687
397575
997994
922555
673159
215065
109116
970647
369697
901511
792942
948739
913366
174902
970872
659444
117242
966202
395367
727163
154251
562573
30439
865012
278585
16564
862988
665756
568639
412951
270285
68582
816206
274687
128963
432816
317482
28186
400449
49471
34075
814909
458465
654158
517827
256511
813671
555171
168604
430688
404422
423848
331929
22001
232782
513839
543342
46592
999056
529696
520774
683242
706806
864951
154605
16459
634888
383501
132439
174857
629082
145931
20868
144878
168985
872244
568721
34393
305664
86641
789961
192054
141777
716659
902199
679425
873132
1238
399717
32974
240918
635802
13532
60804
623103
316273
912412
396719
50811
839811
401933
120736
759676
129623
44654
78558
221447
513503
399517
634586
469744
222078
244695
10658
953555
24420
210837
382779
561308
886832
501846
470792
461014
527769
424628
653685
827953
47977
160153
619977
230984
237834
830107
58855
24322
275210
743735
983026
539508
164209
499433
867970
282471
860713
539303
823301
602818
371835
273142
935269
580548
666348
259219
317875
654836
190558
810578
767995
121893
447585
392004
319781
65514
992755
842722
618405
431005
464186
726548
483252
788647
682956
147078
44839
202475
321819
602609
448316
21610
259129
347072
158053
461833
515793
876632
944005
426858
751715
98353
97625
249979
601558
721427
12396
845166
423916
637195
65891
674542
267622
409876
671153
452353
175442
705118
999452
666864
658237
595109
258998
7459
536701
13821
898637
934956
933473
525245
828019
387681
604166
320740
952246
985006
137795
483587
618184
541811
975693
732207
461633
367286
285607
944920
598143
319751
366972
254110
597710
480061
877545
817066
705606
391401
801716
333531
511429
6345
827194
333624
859383
397543
918756
812561
955901
815530
483088
487551
956898
807408
728195
559887
872172
582569
79530
455383
348438
390728
677485
621053
417508
137232
593533
970764
390237
867459
261200
724746
629573
290464
52963
64068
819521
613005
83847
322890
383028
47392
476169
643967
784120
608184
429012
123778
246504
86661
414086
845017
666485
642173
914995
262223
880270
701277
902929
46694
916397
357602
160295
501865
944234
316910
97355
85041
308792
79211
525564
75604
419695
304531
158232
69073
294550
209730
832487
69729
882877
458380
612152
777930
644690
392349
360581
56902
233079
18947
350619
478157
936121
816929
32395
742564
45618
820496
465815
151178
497100
535718
374039
231453
489674
847997
496627
932513
224941
214802
283364
555561
816279
200342
453072
648025
252682
340292
239807
242600
227524
578457
163580
367432
223258
38292
659620
882210
250576
886839
88828
881417
582224
441855
222953
988422
94873
777337
306730
183134
594902
719050
714124
82036
581889
464365
780460
768378
303855
360183
410438
587255
801613
325595
887906
552311
698608
151011
21147
675439
578311
447054
970964
706260
732061
943897
984035
759690
128694
979683
598010
341435
216074
309596
620136
438881
81886
924265
297429
265113
876544
66397
460350
707581
898024
554857
927446
138454
911869
780297
693062
320247
290766
735725
264425
556692
468076
710066
151581
304400
236880
508424
53774
357234
925952
2901
66049
626499
270972
310748
273427
718919
209279
123576
853481
323566
134492
814752
374344
693076
714748
567128
766491
924560
593189
730538
413635
55081
253104
68366
266856
625657
371844
954292
357968
26089
861679
215059
813123
729845
317197
700449
180394
681088
599613
814195
431042
538223
228120
157387
78915
298868
857004
261182
382415
16975
277415
23534
352236
729704
574710
251588
785401
238540
4946
238287
400808
132531
154797
116760
823779
919383
79167
420411
173642
340548
700021
859673
630482
751295
775253
34406
532021
851706
86198
719348
41314
310084
850624
728998
707105
119108
829590
196539
574246
88263
82183
209184
148250
915211
969872
47488
378009
121486
106391
860756
786925
627898
739112
421194
262690
716398
924609
564398
657400
804931
789092
527112
515249
873312
633785
987392
2238
888761
777595
500978
596785
198980
641374
936171
113397
23849
920422
882693
91800
349258
162768
272704
915261
295679
222233
470251
168767
365847
385737
112147
74475
773503
199968
870447
108649
670813
322277
774464
182975
300026
485130
12343
222285
841671
254372
389389
487637
983557
736994
954902
489929
99306
68803
244291
29603
973559
291349
937393
299536
974659
401515
369218
155858
453744
2634
561333
919230
693861
796162
859822
808865
38753
91973
226415
619156
155692
753728
769785
135044
342368
445799
867601
949303
451778
843192
657027
311133
997660
18221
919514
506093
550247
194462
188824
711048
779954
812244
650155
599382
258288
722318
885561
551301
338526
363657
49211
633273
348919
476522
337671
814899
194551
828617
834196
928934
132880
864317
615126
662101
601243
986712
467585
166482
694361
683801
458784
603539
435056
455508
536310
297014
924045
453477
315496
252346
695969
216459
302552
41088
466785
641352
31332
67883
993515
636461
422134
709761
264769
31564
823408
79856
617439
308464
582076
183545
568254
999051
708216
98523
455265
206576
460858
802492
919971
504428
707286
943203
337726
189839
193169
223300
950481
807672
912262
783657
946985
375796
820275
903046
736728
580580
818983
52916
728921
395878
259131
82171
329057
460878
812982
524730
841612
360687
562104
179799
793363
790782
235259
828022
133559
668810
19323
717220
574205
918833
536470
901259
717053
948306
630208
911234
589817
316284
592428
772497
664835
249943
824076
500120
939791
655355
549486
993958
984191
192549
662442
943266
841182
713799
421801
859505
449458
904681
503460
580236
132404
405114
874788
301926
708141
987915
336214
508014
283635
648626
720388
303339
293391
880514
101181
97186
69020
708583
364814
668682
491206
181699
157232
590397
287184
5966
915593
562187
152869
867709
428944
13032
241933
579378
400877
142741
439404
654288
47915
738401
562614
679843
209343
10841
761025
233769
333829
269134
527834
550847
690223
790503
993656
903994
271895
77611
83872
207388
180254
864170
238332
159371
62852
307651
402671
109870
76325
742584
420701
182510
784851
861621
965785
293225
275829
587003
338887
394716
635955
38602
698843
310834
888533
393750
453460
384258
272525
691778
780800
603227
825127
419438
146915
288945
913898
397208
967967
861576
876834
810477
84384
248562
859781
78502
226799
221768
569357
633030
210701
515689
947498
539803
47817
569694
466662
502411
803032
638686
947511
283622
597574
511463
799784
886284
282652
207497
619203
258803
629606
528857
875212
314834
177813
178656
552792
470504
774525
893562
937458
587879
861018
310992
376672
397160
546892
259716
765349
978357
547953
136307
547072
342055
623117
590750
151850
170097
367044
730571
910393
729044
692104
761531
854470
858815
606886
723134
561654
569479
790783
828759
361968
247209
916803
194612
169224
956087
731982
506093
2793
309354
90357
86444
429976
743202
520865
332749
735122
165248
6320
725864
978420
1425
269494
807772
815538
683827
666947
967020
304075
480682
582277
932684
296032
802443
399944
964784
241906
326272
752344
246125
469124
501657
19916
443886
805478
269337
23605
700884
332374
28768
858378
272959
339687
149675
759300
815187
488863
680622
802288
808868
315904
163305
91874
292668
816280
883013
131125
809441
26599
316214
696415
204306
436738
981307
570367
980857
609558
662360
303497
708375
227824
507471
295264
85954
637850
868646
57447
494232
375487
508832
354228
745359
770745
255026
520914
779211
336313
902802
640534
874475
600694
267509
946597
944128
965345
760485
538135
969011
583232
718795
692222
904152
597722
207716
241938
824614
854404
592163
443912
617199
661584
741295
758436
724124
182057
260184
150006
180465
726689
540178
268231
538373
442570
997724
180867
731339
318938
629142
408290
650211
816955
65131
706709
439590
628061
580296
21130
787326
699283
136441
277981
707075
743145
594105
485857
475536
403759
37934
949984
436864
92740
831260
884390
477831
916365
385087
704920
166745
659788
20447
581390
748243
358961
809866
394738
754193
861711
660429
301682
671071
880053
660331
979157
771829
851616
236441
95029
990510
217147
988429
83827
962264
992566
738520
959364
381365
305386
442457
345131
733042
258455
234712
122335
263020
73038
428782
281489
943863
310236
994299
833064
251672
840280
370201
965949
914025
355077
101222
328260
218734
278679
830275
729434
853703
15742
349276
761037
743045
789901
120919
514513
80451
409673
900703
369768
776202
494735
501140
423882
228047
254656
859528
259708
256871
689108
2120
56954
628047
939360
181362
784720
632439
498005
119504
95053
836396
326406
103345
530409
307803
236930
921451
976399
163392
279772
349731
804551
268777
536940
899271
468600
178500
157073
634618
12898
651635
60894
563117
649484
324880
31398
336953
806164
804826
258088
215683
366752
842856
994781
699724
264020
790460
304675
506795
16153
716857
914921
203560
938704
274205
173112
552128
549256
776091
993862
753199
74642
774201
939842
611065
726647
58146
866009
605962
995037
733892
506454
181006
986172
547605
589438
859304
346306
912389
464547
690861
809053
783102
917580
738988
19704
780737
654479
589153
544885
402160
231759
841690
670134
97542
282352
178996
484722
307359
207434
805917
828809
94367
131258
538543
963174
647109
454430
556053
788540
746837
788943
251265
17019
404766
228664
525824
593387
362287
209169
344286
261116
886670
645767
813501
931252
805800
762492
341751
628405
29829
209096
70391
398276
698028
489208
789296
515223
468329
853525
993553
527950
291133
375806
267657
243568
905972
836224
729098
60115
67297
620629
326848
654461
473652
357937
690543
567028
544714
192851
830379
874591
449404
753504
928469
78881
213871
440124
642157
578387
255850
345004
643250
268989
517882
324031
886909
931603
925529
186136
380656
452220
613435
489518
275735
835757
849115
192263
768203
394013
632980
948343
397959
456781
625383
322910
615860
54084
838542
549213
69861
697162
768416
166055
561888
569864
688764
187330
190475
558286
323101
214697
979098
195883
62630
33368
710978
76786
154066
386551
22326
930626
830484
721264
515312
696514
860380
251221
3847
107948
264935
291664
522953
290546
415905
339370
981931
649692
111341
162031
140343
342241
171598
861454
829458
90377
343477
930015
41642
96137
70975
732671
385486
533746
136682
148060
246963
528368
481013
115411
894141
598669
608984
798109
383775
915965
773652
354936
628593
793936
885900
172797
728985
93511
780642
501544
118069
172502
599079
85273
33521
608905
591719
579516
264338
952879
841329
753392
814391
111224
529665
731153
899920
467969
696592
535818
120449
532333
172723
940529
825585
372167
634301
143067
925047
494433
72536
960847
134801
357329
917281
63756
501910
16900
934960
924388
392367
748230
446428
774778
478927
130222
225598
469127
930881
720170
666743
357256
329932
784053
287352
846069
73441
390372
278159
695355
530967
127807
566801
79438
939967
833974
582502
629518
696298
998375
771678
397595
187225
761289
484092
274130
507210
942587
380245
865851
962531
911247
817237
38325
32242
484145
833067
826107
375541
577652
393224
902060
595978
47681
770930
911983
47025
966528
24501
256140
159422
535283
8752
69417
775665
47567
578745
290197
255399
95026
186462
248300
369733
793978
879862
790417
820593
531114
532216
911271
502680
254384
486928
569759
850381
723474
542991
964087
723284
424368
869757
72740
540774
901985
413786
820211
36176
921220
902813
215103
785570
503384
132565
432012
175796
54359
649021
191438
290486
346812
230502
880905
478869
20216
88160
566154
730899
552711
135796
929234
938594
108359
741660
765014
129143
474770
229497
391311
349672
81976
585864
535819
194919
775735
760778
705450
648267
527933
926780
211337
284843
24105
485410
595011
379750
501406
571391
188325
990084
469646
465392
766666
32092
914594
675675
98587
740619
332221
227227
227299
238874
744406
732516
782972
314439
705360
334598
167228
751660
119633
739959
862115
536808
415651
890905
393055
555141
952818
349438
2100
842334
18949
562421
731228
690488
458758
226111
422033
210875
764650
842713
189570
943186
314757
821071
731
134464
948782
44970
940102
237786
528143
91815
533827
549175
815779
260474
315941
784302
145449
268942
504282
108594
470285
241449
350682
542739
381643
69621
245752
947242
140256
65834
149041
253636
691510
555373
225435
348924
670634
917562
5805
361734
41992
509122
926223
366452
401116
440353
602743
807233
260306
583541
392568
906900
577919
524359
156036
524048
131791
155166
521683
980358
543925
279043
489013
214970
840653
86512
706748
191591
116548
287056
923147
13690
425100
154388
747364
624753
461467
472896
182306
128286
978539
306027
991328
996532
102846
565465
95050
893205
925136
148699
620496
378689
27685
782799
138796
902398
196684
305280
243295
423722
387225
493845
506412
842822
113243
711066
306716
630628
619262
798815
598406
904837
737944
770570
123299
744148
698037
516764
2508
940150
61785
428007
901413
758720
47439
950672
991830
547250
306794
491893
327562
985462
186823
296021
219602
347308
38058
683955
923587
672811
690143
273142
391119
14267
41083
6653
297634
953658
673209
253292
612296
908409
766082
194718
327321
712529
42446
727648
307087
301016
609695
16035
760982
444008
398263
394234
814258
145555
787986
976614
283675
769898
379821
350139
360294
607761
168750
213147
936059
284833
23868
773966
894592
180680
863933
904963
867732
633615
692299
233381
304145
626386
314932
235054
123423
792278
942452
824250
326650
968792
272440
123869
830510
963613
608353
390874
415467
246471
139981
162757
779901
512088
450977
780816
309271
484286
108354
39110
841053
306456
720082
357331
152472
233343
747099
433178
483758
989782
503442
130969
551495
888105
789802
79351
638243
908730
16250
394877
623771
70004
651291
368228
425994
191804
921256
404586
9549
72629
95668
127055
177844
517530
827621
916023
412157
921160
957889
65986
228328
250479
241668
542979
775936
624097
712113
662816
89646
489557
401339
181837
813878
192792
675702
685339
801626
2209
529324
808119
850769
608881
152270
690647
144970
126197
191463
102466
977931
523280
763979
550265
781395
22412
153248
325295
890173
499180
977885
516666
849087
366764
830925
965896
512251
152430
433126
310640
176880
127696
895488
949981
14962
238489
61079
919818
914154
998105
510919
541484
727205
319590
278640
121207
522314
610055
533790
197847
106708
540982
168682
30453
985700
923333
915224
320689
884595
130287
886982
376384
542094
494346
946223
401123
42689
811418
77614
756284
175933
115724
943304
952773
241098
139554
972244
262200
692027
86390
194306
799987
709361
868833
672160
627599
117953
186191
297680
119090
568520
348485
588665
710770
31615
882108
202997
979062
823676
739231
221034
888809
672824
896852
808254
886670
824775
560590
977936
472435
318617
105359
132332
90326
961733
698362
204905
819008
877346
191628
644316
847662
421848
243503
156782
303829
756667
860587
510463
979117
780781
665518
936496
474056
235076
218629
338680
999563
99953
86407
656801
905627
275604
661894
636843
60637
315298
740073
147897
966610
349398
752545
989737
556854
568752
568479
477296
199728
854150
555597
865681
544985
982070
576870
765278
544295
206405
578269
681395
349452
333300
919444
179375
431140
11109
640664
788248
62676
182243
830402
481066
456757
755256
17027
875231
654960
897205
805573
828564
583166
751306
619138
985564
959073
274759
900377
709138
803629
795060
333069
724593
699936
463311
191024
124277
416650
88808
834979
733692
517790
902273
149582
864488
732996
411459
702007
949985
122513
799418
20179
112372
85811
164956
804960
280211
495408
246717
512734
709939
25732
205576
87081
22176
140208
603209
710938
836136
99951
73102
475867
977812
232451
983473
359787
72781
236572
830761
175634
877541
913171
196989
194079
229718
172548
820249
979695
431791
207325
343731
845519
745355
237439
269351
33152
662879
935782
512234
644533
716334
417353
747644
605871
616095
67637
825198
306386
958338
940825
276795
17291
725671
313450
978072
16470
932624
981946
913965
812776
836936
864518
232348
287440
808644
961955
92276
716969
359082
540844
805295
686424
866300
63058
371127
779600
158663
377405
607076
79622
839674
213495
128084
304164
399938
211251
363590
334271
381074
482973
222483
650359
506772
100457
289356
487910
913751
188557
530351
306131
724841
749055
614874
690893
627559
709940
647371
200569
437323
702325
79654
847216
936858
686975
555334
251239
330839
495990
268095
688464
696034
621229
47470
141275
523131
267189
789157
566757
572985
208042
696050
411402
294289
934610
932075
12610
647133
726076
872459
91900
253264
820757
135254
985722
915639
682870
919099
8849
202141
240693
817605
143256
913145
507437
358238
705116
33833
954538
614109
558430
642081
621531
546908
85617
695509
136567
131704
825297
161896
504883
311119
639426
46956
646501
674952
271300
499382
221523
707198
552940
221529
892631
872388
558514
953098
573050
424751
327936
160642
113136
575147
494128
1012
935520
966904
531054
251249
103379
842183
737870
92163
648953
137908
45446
948932
250350
602110
379219
868273
821988
823550
512149
326839
74790
649221
846712
477340
61411
798730
601538
672924
186162
24317
374878
512352
302072
501610
795291
511509
23395
841337
753073
189644
293679
699889
312159
150919
553752
204851
858310
612709
452919
325188
908077
494787
25771
558858
612787
788763
626481
568434
354475
260011
279768
403728
327573
962249
739384
809736
394941
587798
683932
847731
500933
645521
216187
975796
248451
251096
995781
681130
146810
954748
408931
132624
787318
678479
728020
519323
324121
528709
708079
498095
79609
887237
667179
368079
586009
475550
106863
316364
196901
879469
457968
657154
413181
571148
273036
694201
141761
360454
894209
37967
219607
417878
333047
149709
7591
955956
79149
972811
352748
83947
481327
996921
698231
500859
695821
976291
948269
371712
369904
966719
300783
275684
717608
562032
941268
503030
553078
67153
565993
315000
365670
870925
910843
299141
978304
178536
522602
891480
194940
856174
354912
793070
743987
453449
204522
340054
986762
416963
315990
689379
56325
727399
957609
692934
375907
564085
187845
125003
846088
14576
529014
465628
599994
700983
963418
564604
187579
544288
620542
51937
623306
164546
735355
987714
124554
265528
41398
816378
20290
687992
427183
551867
443583
548232
925460
614347
643327
734193
495869
201154
245017
477374
965033
162365
239765
821858
468613
700113
697335
659434
757123
574972
698411
114326
594605
858184
365042
376192
821025
340926
42978
740142
811346
880369
555850
867318
308194
957919
349225
551966
98413
419158
724816
510477
760661
430151
746711
175209
140384
114420
519184
568279
677466
49911
232446
487303
886202
481768
238800
186902
410220
518361
647267
347217
938440
713485
694096
609387
653995
152101
357435
273652
633502
734995
506758
297005
287994
190858
898857
756708
725441
569572
760867
755144
226158
718536
725152
625711
213922
152192
737724
126848
614814
359636
266048
517098
247506
540706
815446
268677
887344
469108
850635
308463
301962
563058
778649
656998
382498
922303
425406
825904
922987
293859
395140
186419
300804
64947
222090
154390
503738
87495
716112
389357
931112
816891
483512
57807
219288
166437
763432
568699
652744
489568
665302
762751
524884
195726
916964
753277
408912
826133
440710
263034
660545
840790
332666
106098
653116
502418
615132
804567
829216
943628
296635
737565
983809
615407
632932
915826
73004
569503
233874
347184
754558
618797
598989
489544
499516
162735
125020
444752
399673
504669
532856
739941
483094
809087
46694
518544
714445
157016
11020
948438
729216
442848
88842
341392
255614
901763
254144
497526
54749
866557
102104
544019
570999
250510
171843
654726
583635
495568
592375
244168
328918
99514
180233
811376
595885
515682
170649
540370
279055
225947
709142
568922
392546
228670
785403
829971
108924
970597
26295
130448
975485
580453
745499
580283
271612
678510
826535
495578
831398
653103
955368
191503
92573
190228
525465
200544
819693
122574
992683
435955
751890
97057
903444
678310
64658
617024
793494
172605
830576
845616
555652
792059
823277
454171
931694
943929
880299
72715
494359
500241
363131
618874
873771
530046
444288
598333
841703
108608
456272
917801
549014
458008
406093
684450
999529
386221
516257
427342
480232
226950
986608
724744
737609
105026
315654
242704
835821
981252
637723
618163
140000
888325
757764
795871
136599
990390
74743
163445
516467
194237
654494
495413
516192
762184
234814
242354
652565
377068
475357
899583
238923
238591
577016
712847
849320
668240
89843
804224
968622
428985
830741
876556
56218
906395
769397
67872
70912
212322
769724
581806
106266
560286
874241
448378
443843
115224
826892
822317
403913
883666
680873
547391
780033
510856
900124
313852
763752
763799
29751
986605
766137
83003
932507
506169
137104
631259
18611
369578
333853
526018
617240
986436
656925
255116
133134
378384
415388
125560
84579
826819
398535
543865
158513
492892
513043
407749
326261
224878
466149
949537
647629
25408
785382
472881
713842
615303
60735
605268
707752
636728
506015
534075
918988
552386
554843
585714
898114
830282
514741
701875
667900
351944
349497
66183
918238
716836
327864
777050
237921
513175
830652
800303
39082
63951
583057
566456
51252
446459
758162
862035
572434
61282
539619
542583
973381
757812
657709
3576
230541
179205
224425
345728
305058
177952
334578
787227
636198
604813
242384
719558
433978
564685
623561
716672
348240
961204
52485
508426
61311
254665
96135
55692
176460
468791
539759
762752
343489
247755
572227
332119
513858
424013
747850
488089
65885
826552
607517
178034
75560
40823
871322
841543
777244
785495
84494
799925
9098
281116
450978
973457
729247
525143
208067
163247
539095
383924
667168
440608
232058
231687
79648
255415
180994
212327
438836
716455
573837
716171
807483
910337
738723
926181
949652
90060
607181
207752
102828
535707
984450
624814
510206
663583
277550
653649
59349
510756
923965
515886
835821
268012
493201
380800
168133
460360
808774
662051
805437
919025
86395
624882
521348
267792
561898
836605
186548
398368
702848
592036
637428
871804
553392
529887
766575
202382
12491
284444
587474
590195
43743
762870
361217
553491
445509
236023
612795
731175
920849
676542
755580
192893
582757
715359
734306
621757
264641
979182
639417
846245
389862
470
77940
198391
888646
372196
577849
743274
327839
675587
233105
207049
951844
933798
916428
31501
763138
766357
139493
854344
287895
888405
211282
167497
726058
789469
660810
456357
376418
217630
969271
940085
986156
436109
308424
329789
17779
995772
426124
650745
35776
221674
434472
641112
571649
725957
146091
88570
416606
752588
725710
523666
220354
344278
553654
497756
207482
951500
47676
923182
339682
896065
446583
940745
687604
476319
999826
594353
862455
323075
489935
753543
95057
638803
389977
131173
657998
790913
550168
949644
615635
246256
379716
760773
151486
669056
625304
901170
293242
694508
582979
788108
21952
868129
79279
360305
708781
258177
811328
22777
178854
756210
230897
639073
517849
760928
135598
946285
793122
287689
535485
308552
805875
787320
442597
113940
760108
422737
992006
936688
983731
585636
428450
736581
989828
286859
510010
240032
989920
35075
572492
28673
804200
181876
300814
22134
78464
982328
280167
969969
733266
786654
403336
285944
447623
782265
665396
450179
318383
369634
963160
604268
653896
884071
75124
66063
835944
539736
455136
988369
36753
257457
66533
816534
334884
520556
725281
726036
777554
599173
787096
51534
221358
43519
883611
471032
632380
489237
67495
613484
178008
901007
442434
644140
232324
159001
482483
682793
561127
142517
830371
108838
736534
164706
380086
876509
346812
153828
103271
77206
276747
311833
299317
632783
920505
512654
181221
308531
638030
128266
777114
47890
102204
501683
974704
437307
984241
421887
57057
359057
41261
358572
381450
700265
512361
660519
620553
900
467893
2844
248805
223486
372882
373408
670646
538593
728722
583279
613313
403098
258375
188795
434966
973978
485551
540576
71788
23834
19358
898402
554562
102642
254764
991514
864751
600560
263888
987325
749297
877292
912607
596282
652340
306846
954752
87407
503257
297131
918715
194147
365055
125728
713642
429941
131772
367339
115339
18050
400919
950454
355304
916596
820099
902356
369841
31189
443744
482562
906925
745461
303730
978422
678277
243660
60371
100436
508500
292279
634538
70197
895117
633093
872035
344167
874521
845060
649574
469454
285841
437998
447564
474627
512905
867283
235196
50164
497458
62013
331542
477266
495412
926416
888965
728122
946815
19169
203960
4029
562489
670160
527830
323747
980610
782167
146914
739022
923553
98934
313966
533199
494694
7825
30205
493006
105141
221271
803973
184755
222514
218461
523273
680867
444498
173681
5112
775927
393566
336929
765906
659084
599769
129341
50287
429830
773995
455539
125932
6812
686594
511066
203050
889882
669395
600003
283476
517410
168882
274188
467179
148164
726285
6065
65409
654755
626656
159108
459327
761924
950807
808791
100138
57634
147477
461207
782689
150674
174297
380867
160353
907985
550624
976107
352435
105671
755827
344678
757129
888370
762138
949525
954464
725546
533957
962870
568248
587983
123639
152002
844956
188573
285305
703712
859822
288782
782043
736131
593011
261611
258638
910332
586635
615253
649172
845632
185933
128610
840538
811635
423035
301339
626600
649097
9938
760338
250205
271450
544614
106078
52576
327387
725509
59576
219899
57755
328608
146181
179760
236826
388698
126857
370574
134093
649811
611033
272209
98221
76509
409053
766516
619474
58718
898577
912176
551763
628601
375705
275202
564780
761528
331608
160752
738694
541646
655586
320291
595153
790293
306335
408076
755320
209050
905364
944508
705750
626111
961220
960658
835147
40171
23643
209294
972272
28412
967543
80083
553326
421125
336878
64502
39326
531477
970514
676045
751005
904587
333074
377124
289016
806044
76318
241033
33356
458931
196153
330445
646332
807428
726676
133801
481584
537794
527294
640841
348774
837647
706609
335371
275909
83470
450937
365320
234002
25026
837558
907749
713873
859098
181481
888455
632937
385404
979929
157490
585081
500673
805006
827067
665933
115833
605934
965115
669032
950023
489572
507843
189304
706325
495809
138649
89641
892889
623641
595456
923702
176567
246604
265237
612990
929488
974196
755039
795802
595405
10984
233292
748619
295959
219827
55340
285861
462291
339342
907822
596616
551699
39597
259819
404362
11277
789641
619136
294698
402490
141876
772614
467549
381591
945112
598791
197235
866774
891717
150077
222372
889646
612863
285995
199749
8942
460309
471744
983071
623314
979100
988039
72896
579571
518118
470086
56450
875819
975310
810704
366923
372322
451146
795093
141442
579571
374048
25673
541157
211333
921699
549152
244503
148963
317801
246166
546612
719494
545033
284140
896916
382110
618387
547727
168776
506774
877274
241154
357732
567409
275462
34050
566523
154654
642422
120225
434844
10621
642599
501853
676437
843455
740398
265511
555544
213328
405922
331830
92972
816142
409833
531430
960024
383227
458702
585404
913049
215011
204052
85865
719002
896705
439029
977713
666184
604553
59154
191305
900234
220474
94313
281616
394203
231171
983026
810586
842854
668707
326358
387541
66568
367684
433145
393735
246579
872847
64657
149266
173321
735134
28765
449225
673916
41401
994743
430762
799367
739054
447749
184128
835270
609415
69142
968835
474346
794282
760513
982483
804878
180950
181813
133524
316501
314551
715192
182768
744081
907873
284466
390115
45540
671349
66338
658506
861928
845396
702463
820546
177567
29052
609650
949530
757884
347740
260204
615718
826403
127698
689484
103624
142835
887827
833121
614647
841087
915751
484141
602343
458703
508292
815973
660026
949366
649859
341544
620482
217486
206281
303920
937024
519871
930616
599760
861943
361034
260957
885669
175778
940959
176269
226195
996927
68627
177084
198027
644886
835654
639136
654498
885028
281001
158357
956676
972561
403919
395056
930840
322272
98158
619847
716232
105410
619041
851153
653331
238577
680067
851312
627802
758649
269576
314648
60348
25769
882369
988709
686866
584845
609898
617961
485936
814112
212470
287460
579587
541020
670185
196560
532050
782347
215788
12704
464346
157144
362567
111911
973677
156488
751681
618262
884487
395730
205608
590998
847346
694628
633477
530226
968099
572982
955728
91708
522954
895999
46486
699693
758130
604275
687995
883493
83866
441291
78603
540681
911785
476825
212156
510787
413029
57214
504273
455394
558217
404598
309265
630561
829728
729265
578113
243913
93556
471238
15399
273607
630339
745516
754634
476945
796477
108810
643764
892507
783127
319360
653707
889401
701531
485745
362662
751743
27629
196043
237884
317138
745430
101394
887329
513100
777806
195051
411399
200391
706811
227004
41742
32167
407840
279507
422595
681413
699585
612949
414294
251941
953168
542506
895942
315359
80491
530130
596313
397314
582722
162818
879909
363000
692675
244062
73547
325259
466395
950506
993565
288007
441372
921007
692464
572002
725765
896826
950853
402367
829367
553532
193763
862103
777221
415813
251750
465569
53266
537979
89909
844759
166007
100288
510521
275747
901839
762010
25537
627790
438228
204538
362547
461817
362122
291809
172731
375186
338663
952303
83055
730551
145447
734035
638246
546570
891950
40603
58425
947045
282452
937340
373324
149095
745099
752505
383374
289951
571827
296997
805760
856414
620151
195647
493668
542264
985321
758972
927078
140568
838358
479146
411539
354473
481018
291225
630783
59222
806232
529264
663478
28895
279639
725816
12890
779627
885455
375667
397161
730608
471752
477714
471931
424756
346861
953743
976289
609763
619230
778408
256860
53982
676282
174335
50143
247894
664030
562287
393388
385950
298169
279257
729736
378373
180068
753416
600382
631923
605599
136673
96915
731503
682858
289253
211598
103378
153196
301415
71948
521166
493202
727912
468333
400422
391471
211244
392148
485407
29286
446714
765258
955557
938575
931451
707598
713446
929846
982423
508731
395178
101821
774140
557427
755628
691098
232755
400654
338554
88087
769651
56725
898298
363029
980317
93085
493979
137006
409780
265571
313113
318918
747282
415213
94622
260634
693188
78253
997832
18674
661162
770563
4625
564746
70594
567114
803849
794347
457917
183212
505959
972479
615927
321938
150864
57602
139512
671763
132298
413994
646175
401645
832527
228185
363372
975149
11630
242145
632445
988279
220635
767790
480966
552715
394629
104094
139924
802153
601861
497609
703919
625650
582177
158980
545142
222365
648328
840927
162535
421588
279020
891371
463401
232924
454530
582738
82438
763669
800261
701421
467199
98497
651029
814935
519358
526333
516790
738868
202879
580951
960027
514169
741726
315268
288515
205605
700065
503822
143152
502638
833889
718733
944381
640848
842215
65287
298243
500930
75467
922334
528068
749286
390518
503447
980036
857896
403547
449599
333113
376349
348519
346343
916205
662132
753999
439610
883035
312107
786755
125169
378517
644930
150478
156643
500957
48117
13899
674676
123680
561752
965030
841185
545167
598882
68308
383594
644530
874054
666328
862171
397730
977019
134508
312212
214372
256462
918999
274381
35908
863487
984392
290933
333873
512585
82258
950566
775617
445148
68319
663242
417170
917545
602014
207074
986525
941461
816318
16413
422864
463694
274733
947774
9099
855403
856282
762114
72842
488627
832552
871526
229532
791255
588695
81656
683946
372000
887444
855370
878456
586046
761983
126588
979635
852779
334472
27763
564178
519838
568175
295894
498030
88384
274955
760031
634020
879238
964786
365179
133437
167714
359977
229284
847285
822688
468873
641546
522777
593261
173043
137478
112255
654473
383800
647877
756193
745481
398681
676911
632236
260487
315222
807718
908231
314865
583407
331986
301250
467725
261781
491792
907905
841120
155096
870919
537702
348133
676667
758106
819687
808914
552708
894406
881535
293541
749695
134992
513820
855929
252670
263932
963482
793403
215726
467812
433171
557287
724324
822919
883259
489257
637193
928543
859215
658848
874260
449588
476039
644955
10160
689282
529647
489942
904983
402454
40428
718548
207580
210311
810889
684849
776678
561423
754611
231340
393375
776250
351299
556377
633843
414292
197115
93195
75423
381465
711269
329942
802169
541140
963704
426144
796248
613266
937476
214922
528041
752353
533352
122241
291066
590603
705185
262435
889000
968404
213091
75829
742835
323714
598686
500674
932386
330948
263752
675608
636020
478151
582820
522791
964222
197555
518111
457830
415851
906549
785677
734547
198072
767770
656167
384742
988071
589181
441693
658114
297712
702595
633735
248476
50612
730537
256144
607689
210295
278438
976551
367261
539006
564454
414556
948175
55730
731620
224082
874738
999241
342865
866073
536148
267835
326537
904748
688424
573148
726352
959501
423531
511966
433808
957243
640096
996615
303777
352763
426894
839024
726586
212835
234335
370
228605
47747
960659
295721
137004
516468
135553
730272
737997
455810
247146
104027
343970
631273
35211
894481
758151
60835
143384
63174
267498
588910
183033
478868
919318
715188
476436
304941
699738
651960
8675
934211
139402
478224
464624
354934
169133
870152
206156
95145
626719
157839
241173
28535
15302
418281
321516
922015
414164
781902
525221
898261
622325
263597
42174
567856
606842
843764
657362
992396
914011
790781
356584
311992
574209
338666
620586
209756
957707
656081
988278
923516
732684
989846
721159
936114
618952
893871
210675
906466
396122
840899
654823
321206
539357
896810
142323
579696
41017
58888
923174
585264
977949
307372
759920
43287
939779
169866
723979
160406
46201
20586
996726
309425
792012
537889
183833
131456
774013
562900
672984
597296
830279
692048
717619
417119
258660
915541
596278
795786
296521
307337
363095
864706
588886
435307
790090
501426
635133
137367
783586
933139
73158
814574
980939
816416
897026
319071
623788
926792
460706
227019
94802
401594
381071
250138
958191
852676
76880
877920
139519
269988
775206
200335
980088
438714
608012
415756
766372
191571
638979
849493
815640
789839
876291
655520
300256
210373
834649
544209
759781
585511
192520
504118
957387
367844
434456
171193
181698
636122
192541
752030
404408
458808
263201
991068
602011
371716
240372
939169
601642
281734
546330
147628
239268
787378
712789
826351
731742
619898
103326
808115
881408
725130
919161
789434
634715
97571
363948
710291
695237
781057
294860
92636
138503
545979
248629
621438
398173
748305
501639
835091
815086
201688
671359
492992
536888
327969
325267
930284
57577
196661
301301
647558
41805
478170
35982
723386
264757
803661
65146
440445
280583
886455
514009
491360
826967
537575
448142
468545
127983
790083
669646
692400
685962
490926
219023
199958
776785
40197
240957
708802
995947
562217
834201
143377
46683
838963
444243
898091
29381
222009
843034
109100
134874
168557
434943
826973
366695
927700
690785
605183
706330
801945
772165
648954
421630
800795
969262
466925
984349
203028
821012
588020
245098
200576
649332
327814
876853
353323
319779
703385
66815
528017
314324
187476
148203
359217
543203
13185
83447
733546
808114
316883
539854
198255
344438
551765
356589
993958
773353
194558
571447
684846
792764
67853
595096
542911
750746
56105
677795
941915
421657
356972
971948
394017
446786
841947
390542
405316
916262
755344
470687
829981
614793
424208
950767
208157
139025
198166
265559
238371
960896
980262
46193
435698
280399
896014
764606
914100
168067
441714
481352
274466
347526
207199
238009
309172
531986
131084
652351
896454
122849
205915
867124
390727
403962
651714
324101
753532
910363
690215
16138
853147
822053
450121
105717
997384
249738
950336
81197
281418
307349
454785
122477
365212
768976
144682
294779
113482
404514
38451
187510
933449
708475
570726
101609
841989
874937
636772
693381
125310
865731
351484
210163
457347
864084
706293
435207
51008
316323
93185
461820
3488
717582
504191
698085
819447
363350
144054
263651
796334
773340
542819
688519
351631
955136
975653
678506
306887
264757
496747
784816
689576
402049
588364
394455
657665
613925
828959
389645
551249
488038
648327
189185
836148
879996
601591
55869
623807
772321
538058
332762
445910
739389
302750
813901
668558
203351
665076
914840
92823
553933
463366
957643
87436
403304
699793
475191
857643
555343
737094
304519
409438
490289
543611
414336
789099
819406
379221
467207
99565
909741
958983
433862
307293
815578
419121
206441
485215
660187
522613
271982
107531
85074
314448
31259
855158
726091
503646
748774
82448
932304
133390
611968
615796
457410
974258
206031
74027
430439
93181
227981
647282
950829
31467
31140
359994
328156
842743
347426
793060
433213
817938
954268
5652
806859
37262
278947
316711
992548
357214
890968
744443
35034
765543
619498
744432
219552
932527
960878
400636
367435
833294
779438
96788
207647
269994
24223
269522
864465
217964
852847
912808
786340
469554
695996
171160
60791
28415
101801
452961
359418
223826
179887
642638
495730
361484
417404
724003
843130
415683
334661
32585
380878
422430
742514
138873
992540
97568
788542
865208
635558
733312
385367
317677
207092
327319
721496
737467
372079
505950
732361
711788
416216
694792
65977
952258
390366
916730
751322
576282
396640
802402
514103
649574
449800
599663
968862
116950
182309
629712
425345
149748
21629
873401
869163
180117
721873
544662
715094
754608
992463
919565
864631
731757
814497
592873
218411
815853
484933
781570
793541
113839
325289
477489
796549
342084
841178
153227
408440
282350
366640
604433
611474
870103
874344
793809
671061
458189
628094
963351
553939
645659
53304
478140
65713
482746
190734
456680
689893
543691
281123
701952
93612
983227
509646
818088
261704
862708
264450
817591
470160
375482
881331
619575
934663
904582
354468
548839
786535
613204
461770
973298
367567
208879
927171
405082
271713
479728
251659
856090
37135
263583
649159
371950
77489
876260
702244
365365
972172
624792
275151
503012
345208
10854
142764
656252
681802
365305
357737
517780
683891
808591
732771
436395
802433
20708
578124
372241
140553
929810
518854
586885
284853
34258
375040
824728
555699
760467
984889
484637
810458
978142
432640
637886
377226
602970
212874
990087
218870
195893
189622
200526
526541
63527
203443
877755
803488
135354
417461
853581
670117
643790
62314
329702
602596
363385
928953
580621
368838
890090
627511
205417
478271
592493
485440
132303
760935
678444
728207
470007
125591
703952
969882
157224
453284
287636
563974
556111
717278
313737
761311
771711
728324
43800
224705
486426
328723
293865
921509
119592
285895
488994
900706
337501
959609
392966
74010
296076
990934
179795
21464
92488
560357
673718
836023
483517
493792
607141
52654
205702
339350
365943
930162
288582
790137
200736
566962
734096
706165
262289
941140
51894
52975
981289
436779
557035
503030
941345
112573
868834
872418
377985
840795
602189
80176
269081
1353
966255
73603
778001
368434
610311
67919
883983
180029
374153
205946
647252
194806
336547
401546
757188
829957
995855
654826
599004
487070
112089
863864
760578
12162
563681
241330
546015
562812
27717
581576
546192
441720
927820
46159
656508
469562
903657
356340
346819
940581
84819
516876
305467
632670
968051
955150
524719
75714
482513
27393
601494
617000
409513
495532
338780
398216
971640
516040
591058
158858
571070
148590
242946
594897
943064
947647
61953
347992
454095
239293
823420
957106
292336
519723
477649
239992
216222
110989
441590
734005
910136
837418
431050
31073
805775
679443
481466
863961
132668
959222
819321
854835
845454
565624
12515
567525
597772
693403
351749
847076
455159
792517
115895
21332
259359
498441
118829
351869
368458
336478
15996
570708
89307
702270
737775
631895
285647
396414
187489
589677
216621
996462
814408
102254
930289
285606
485877
5804
884778
792327
375593
860445
191935
83005
350390
490881
141072
383696
597881
543348
476592
199689
492845
553330
330390
548589
208752
427946
22719
709283
980869
286325
416641
553677
363553
250302
308369
855619
831253
86184
746997
600138
491083
438577
259395
214229
473718
266584
447687
386057
366946
367424
759078
58877
544400
500913
833723
963278
735298
555502
860814
701147
614178
467883
32804
244406
757285
908117
978250
347148
224590
178714
664013
54881
924282
707897
586198
275199
734907
845141
202718
425350
35442
6979
222238
178993
838405
684167
92930
293322
947702
917843
862208
880230
637581
32784
911708
393606
257959
510833
540336
664708
161259
992540
520202
359225
668328
617794
787590
532789
700274
505646
241090
468865
91647
663478
465848
108929
462996
777921
200981
575996
344866
516255
44124
377868
205564
749390
444919
435171
186707
453945
351144
648539
590429
757675
266864
248593
516889
812977
497158
566681
789846
247641
711087
986182
800493
439388
440642
689545
13012
478056
818973
341140
801849
1571
300228
290971
301277
871450
52010
187743
489589
403161
12337
381739
853620
419229
997185
441868
812340
853545
195284
941813
873793
687679
633538
786800
533442
155472
849476
128780
480153
270063
665743
58046
850623
302397
32370
250365
471129
301592
750772
722926
877263
738779
528480
118950
671915
174526
783101
870233
162802
137074
909506
392745
950296
504415
582443
751210
58659
758227
9823
731454
424916
554541
706538
224875
470928
355841
642426
919106
3549
911637
150469
688898
820773
657669
483193
399260
582801
190502
351508
174512
48155
620702
258798
458428
893005
481863
664804
481623
73379
748147
646327
437929
625373
669123
421726
291922
996815
151807
539636
790280
156138
429650
358878
27807
600638
235263
639298
689456
551337
987772
225220
300561
610646
669575
245547
983182
108820
873492
56924
590856
448097
886231
91295
77899
419744
149448
13497
27533
748445
536575
580482
938344
32801
6655
491725
883506
861845
738312
522070
131159
28615
930281
796100
751588
71501
391018
441020
700494
892483
991190
224225
417594
928097
179577
294695
649916
280141
860448
380278
775396
875604
623028
825515
640473
918405
531605
552661
25361
692669
630388
727868
62732
729494
338338
481617
277251
205150
246915
365092
784295
839037
269974
925047
350787
786359
3207
997345
900199
192770
107632
321835
303091
324682
865207
961346
587512
521180
560273
812424
697829
141655
316515
76079
831437
834762
351227
301591
13714
358976
445200
92001
352105
288826
85403
53419
360060
650149
241451
905437
496054
860182
963684
877737
653027
104506
438418
913428
930989
826963
750216
418066
647297
432069
379598
445613
677756
811183
315138
190247
636775
454777
211531
506531
939057
857445
256153
901315
519141
384934
184581
185592
203654
561148
870126
496544
89658
984750
434388
330101
852550
892137
35620
863933
420376
895619
951628
479701
56741
337065
151537
211839
608998
202225
333799
592648
566910
533128
536847
592203
601413
218058
162735
677722
58555
148055
464572
240472
610333
983078
898882
812403
758933
824461
788030
329918
663480
479285
442838
856413
405646
606931
154538
88329
738033
507244
83955
660540
89605
879782
101897
979063
604897
892903
288740
342591
340906
631135
773963
356559
951126
488775
348165
909586
35714
271009
423412
657824
521532
308399
952505
681162
364769
317295
415508
801905
355420
588441
426289
86946
160677
203487
319035
396475
106165
59800
531247
139965
777150
790038
224101
385455
632068
732762
191711
199535
708335
879536
823627
134618
234255
490047
64479
670668
726128
228162
738474
576633
389135
252223
422236
409614
590623
612360
452942
373226
772677
390660
228156
467672
110704
187263
628096
510705
981322
412825
259140
418199
671046
672758
946912
870594
942078
525547
125431
387017
962716
940473
62589
192941
108709
927572
497910
602311
867757
74462
711808
272660
951520
465322
731168
802173
64400
833806
91731
168102
272274
719098
364036
302165
839398
542827
839171
609740
805200
703548
780550
349430
629227
474775
288254
273387
628728
143066
698524
31813
866155
449207
739034
856760
455331
667756
474775
219575
732821
756903
892586
452420
113080
98654
64869
660066
433035
428353
826991
729045
374493
91924
624741
562389
672033
506976
308411
856278
651911
11951
23031
456876
40421
865562
92726
413033
599388
867724
12577
738058
338225
839973
235634
754346
335069
502217
197086
324125
69449
214479
587491
769406
709050
573364
394009
380439
911152
958450
749937
369778
249227
427169
682983
463338
701233
308744
842534
890206
386223
373537
570144
510512
996855
973204
322208
189064
20625
453615
525200
70785
553027
877613
795229
860196
606260
819117
402637
377004
843713
809440
874397
883713
576319
876099
145436
14152
988698
966918
651082
976137
996831
583502
370737
287765
543662
786315
233379
832113
305184
907452
706552
576262
502664
740575
154277
886245
418307
501474
188712
63828
645340
66119
194574
577149
805672
705831
504557
936227
109796
466790
22541
964539
888986
296260
677769
888558
128219
222520
52131
630050
91681
454200
350780
81006
647158
752756
563158
118668
656567
410907
797169
83395
100031
107468
24634
518378
362381
400788
974252
192212
602451
3116
230045
328770
462761
276802
652340
998965
775390
574875
864420
840924
244540
654134
644713
294582
219976
921803
868493
105253
642182
919439
557676
794722
904021
371150
479554
529450
788932
16114
907469
609869
575903
54318
208502
968590
312653
467890
577011
681116
303637
303900
30127
458542
473126
944008
195109
519924
979877
594272
213964
585185
982484
244478
788222
593347
458199
66661
594577
244665
784645
229602
438251
785971
279231
264335
384223
989076
275903
230230
11796
25396
787989
303304
509836
551402
185819
329942
752692
474154
880874
631526
645611
405813
660028
367629
872280
273116
187503
942392
125613
533931
949109
261111
520693
762828
530915
458088
259426
495715
172763
856283
762856
6495
94445
611390
981741
695264
456176
717943
918179
38604
492921
869353
373424
331163
188008
24219
714991
688073
556384
940908
590724
894733
149850
159227
92713
718855
122172
129993
59352
775141
417426
357708
765616
687890
452118
275599
775794
848317
413700
947019
733959
217457
195418
745723
506524
779048
213512
241436
502559
851303
451965
894711
746968
717482
636639
523478
662193
188710
226104
257039
702114
521898
689463
916478
660621
666874
70538
961299
836745
543492
225802
305906
704359
956815
568030
288472
938674
371314
489600
832240
902692
340173
695095
816585
339647
893390
486465
744335
888063
881514
732628
434663
869709
829253
531796
676529
747402
157108
117258
163932
963380
306523
584253
384492
460404
267305
501521
93716
213787
63864
207821
530666
6792
381548
409127
192092
436413
965307
67371
227152
431109
422702
300131
448186
722920
486000
926147
330470
9356
712331
138180
852661
49239
40845
249731
537592
540774
485562
319795
910807
913752
889108
694120
865486
111667
96331
8749
137366
655018
386243
397434
908509
532391
517255
878988
529101
479300
663397
977399
269452
361766
910052
115502
774169
393900
760068
554904
851521
100103
638180
238277
476556
662983
342995
430017
209828
634686
782709
717075
405347
325406
171036
731417
927467
383685
79497
191768
961095
106984
635173
394394
955727
603898
845524
934721
578037
955069
520272
765261
892608
639084
632919
732156
482961
572527
180538
463136
40933
229198
446086
435323
444672
625641
24740
150331
214247
423544
363075
901475
240284
426337
778069
536646
256352
260819
749096
824457
10889
457854
238308
176920
126396
244458
744339
100763
982904
346455
136334
140010
560153
964702
539630
898438
196671
413021
615597
261322
88200
218963
734135
407183
282258
491135
404253
808698
539181
361556
249695
556678
467625
396373
399217
35123
975141
1959
635419
638404
943889
288078
201446
841537
880529
654083
163442
805721
648
158942
809003
650071
759701
969779
999243
933101
667554
217308
462504
270142
784189
323589
270308
787433
511556
135059
821061
659784
525997
938114
531497
495044
722888
553743
715780
817532
601811
265921
33962
18635
302728
806168
21698
653332
276437
591122
476630
148441
157697
121243
302970
589922
732805
89719
70945
117954
710250
806233
63610
865386
885797
192305
866176
986692
124979
701662
235086
546054
16623
841682
705360
976708
501392
17114
117962
143602
959602
962298
458143
876466
321154
412915
279685
427726
615968
245385
985862
520425
610346
914957
184393
841523
86740
444747
54062
47403
798964
288776
233603
209536
576419
146913
187243
709445
282084
365119
107556
885744
828726
492539
509367
248015
697090
885737
397575
605913
681058
702268
139476
610059
46613
859908
80500
175887
404849
268844
814487
121594
47389
449962
247904
793167
709373
262289
415580
822100
89569
658498
710479
787998
402221
513675
388714
267690
194652
376679
336402
283373
301430
856561
104726
310750
464375
74576
260231
246848
41080
795180
436226
421175
637738
746936
171202
714886
443360
526756
856014
442638
435849
914894
963241
761988
608470
720450
361040
963281
304213
58876
294534
648031
335704
870639
461313
916387
592438
366003
902331
552131
153847
492803
120748
61585
231188
159392
161906
712904
167855
300715
229441
841343
198969
74593
839846
994586
119573
265191
959088
106190
851823
510181
188322
759262
962121
129605
745017
631138
493946
765609
242287
394444
27003
843177
975560
805110
448067
716950
792301
378464
580887
33609
707966
765022
180033
383162
895193
323015
791475
293422
944799
261528
916210
205435
305886
177909
647314
351558
940722
529627
161470
738619
445979
967967
345203
751852
424609
63309
703668
358889
967598
13681
897082
86592
362650
714475
866365
924308
729104
3775
65601
735389
744578
951157
233780
466238
806147
685330
731092
576439
622987
874166
25930
796178
838209
223186
921367
237574
399499
766473
717508
118453
272190
548660
508626
803239
327690
721905
536759
543088
635310
181012
697870
436718
421602
703616
814344
133141
812689
174660
247454
723887
205618
219940
241333
629737
55582
777423
436135
266737
57417
579298
420770
122988
672937
434800
155205
688030
755182
228144
813197
143500
825865
526767
783986
345757
83868
71510
182082
937857
693007
851642
27272
635554
822994
848202
116349
624702
703849
141115
891676
940089
748170
394006
935091
959933
280035
232187
303317
334972
582438
720027
987573
317997
820850
565150
937163
885073
874876
278271
712571
875977
127737
521150
381832
741063
404348
673785
585768
841802
685175
702271
834847
154261
577169
603354
135616
381428
196223
556764
515888
253360
731616
770439
464927
971701
647125
37784
549802
971940
795787
279843
211313
665059
273239
212505
554422
195809
346377
5543
66787
890374
665904
27156
215256
274384
539914
573655
350215
852211
122713
837531
994121
857998
599380
31279
749767
458402
598253
278675
536085
508844
223332
32230
860818
16893
855211
361545
392835
767623
870289
660914
788098
208703
392192
744384
965442
366558
459894
463665
347622
862458
281156
538871
729642
817666
397346
831271
90128
129697
936325
35837
227665
145448
596120
534244
451171
355745
715443
225059
523692
158347
995537
125153
534353
759331
488202
802864
342330
630577
403777
194387
14743
238617
826080
964182
951778
792316
647906
974069
439406
672692
416635
720965
984374
819817
794260
817931
278309
527468
749239
541800
518181
366999
754999
101571
677771
171166
776784
746250
551744
846771
735789
889271
460082
119286
762683
815501
193189
482176
304451
686927
999753
170892
482118
212164
532678
302949
874669
292498
783047
436103
922667
362030
362399
108728
731855
518933
486945
2533
341957
206021
850670
298600
152210
71503
688503
305210
870779
667632
163102
303383
304126
857936
166812
120708
63797
772458
843331
403604
264429
242449
462700
838075
450984
464188
790253
809215
504158
840768
145615
672694
762777
522552
858767
471680
109275
437006
793572
216989
961759
570585
163671
533853
152563
401487
561951
678976
696248
74013
101668
824147
767969
648282
214374
795146
115479
978609
644651
560058
234702
296422
485791
2884
454365
935017
19846
589629
445544
75314
916835
229856
5205
920896
276629
293132
111116
766481
548944
778844
645862
158559
844415
440242
560246
833362
677602
558432
395463
768774
590196
183182
133948
983006
564376
138832
650195
254283
553959
491466
662916
983287
100054
991474
462981
477868
106411
135969
161652
304553
234360
965713
660604
116442
4670
668324
810124
428452
452828
587578
813684
734443
343528
288479
352052
649546
579937
701326
722961
895286
853892
37743
405499
172970
536527
181593
230171
915160
692421
501174
292133
40911
373180
517557
565304
667875
933951
27278
393435
996442
801461
686832
23542
746426
632740
407457
91638
823633
777509
37484
588035
988173
588784
528190
531141
616740
775502
784914
142182
693327
550577
326047
59613
369103
615722
921886
334301
628003
692185
448463
720401
626222
998093
810203
497045
395182
221853
32904
415789
794641
739198
675047
897094
983156
385659
686394
349377
47369
934198
95069
105567
513797
253698
550936
374978
626031
353531
584564
630613
678149
864541
653922
844476
124353
293482
378111
974441
773727
483201
454981
836881
534641
607658
765712
352511
258014
363562
945316
259778
452676
671978
881179
707392
753853
681418
660706
918275
231805
228734
216049
20300
972720
701263
99829
783708
244220
103405
827557
398688
284337
589855
783156
385595
195278
544190
60248
959949
579448
583988
275083
692071
617035
757021
603691
962743
287471
966684
212032
866215
947571
992877
281981
383415
394624
213715
314186
548101
938285
574740
21341
70326
414908
765923
144197
805092
799892
915237
388159
135819
808127
110548
157613
859851
336429
97169
201184
972963
882054
859401
18240
591853
475718
798704
109578
596146
155850
754022
606244
107949
343537
517676
574612
445713
433417
790263
183169
874904
722451
729925
212556
651710
112716
951789
865528
440915
887853
531913
787043
938426
751929
315674
860865
317984
514608
663309
94096
471768
462134
540182
591108
808785
838628
367821
806301
558155
288490
963446
697643
902993
79434
962589
348306
803022
515687
157288
467031
123734
965919
567106
529506
680580
558968
199077
357136
610415
257806
301601
831336
798329
610716
135340
855810
3698
50433
101597
515130
491922
3003
456381
417163
363111
838583
926731
438298
780009
100976
568499
493535
219330
680158
530997
306008
712656
362212
892476
753576
271974
679765
657663
306193
520540
957320
590072
461695
632975
244061
402244
843826
369370
226588
350065
992862
43101
845259
13995
476345
815008
245089
409105
324893
812084
933695
678033
408343
726120
666472
304037
430370
92382
703281
215154
414305
250029
600192
181379
13511
394831
393112
902804
954617
247302
433887
362722
27378
349643
869444
905625
140498
158167
706918
451439
517939
628756
581025
727419
492726
688303
723148
866658
230589
233971
805600
13868
945735
448799
902574
911672
702786
974454
90727
221097
463583
11334
422967
439145
38976
318911
811067
311335
300750
636201
38709
557846
389272
318912
694723
878480
175630
655940
243137
469745
933033
51066
35218
585848
490268
745467
341994
519083
553031
408054
262681
396493
364365
689985
776071
26905
348000
922626
653054
16799
703241
296194
885537
840820
867763
49037
408331
78576
156199
57618
694530
509155
208891
846836
25466
287880
851309
491990
842214
747653
34556
528885
851240
353967
558210
841922
388740
345575
109974
656973
213631
744209
907991
812852
936498
215183
274899
553022
496089
646345
918516
244244
123194
715590
377701
410627
508403
140192
111276
207591
943388
111110
374329
394404
905814
84006
223864
61327
257339
490946
395989
864280
601629
933101
433886
947031
186872
34511
787484
540500
381796
368657
351119
328093
731111
434736
459301
113620
434974
541887
204146
261504
449287
75849
47327
655711
692593
15399
881215
318919
893456
303808
989706
268043
423623
864365
379225
62292
830705
284773
404155
553695
992226
68978
56166
124818
49167
630487
928860
826588
358184
557001
87087
28795
394547
846754
983050
695902
482618
776124
515261
32730
883426
763331
610110
372562
443345
510971
273934
964817
735888
405561
862029
985104
450674
723415
258786
537008
40552
597358
385897
47374
120586
23890
771329
187521
8930
588125
904894
739931
372884
870752
557795
992340
485601
701316
189565
65632
122451
441507
847355
716502
443080
855248
852037
762914
819192
205268
909704
945233
356806
377293
802890
938448
816814
934970
874170
338142
683459
800974
658503
74517
62940
329125
333946
263537
174036
815440
972392
954889
713941
353779
102765
759959
7466
999315
293072
741128
801630
689622
156663
119762
640626
765197
825246
347787
367710
133085
72485
56999
372012
477106
701803
360768
446674
85360
371038
984415
423821
663227
105566
831597
59020
679949
936307
997056
688812
96991
685761
501466
65796
517607
467832
896768
749037
718441
208685
963239
234762
503603
280577
862426
19038
883972
84313
513360
475420
728491
871167
840391
188245
723370
449461
998471
312990
258794
842685
29149
444174
978385
384114
51230
933829
703956
594979
831166
151414
270100
602105
597849
62357
431396
182852
975151
471191
111414
506218
760559
685747
814711
520554
33799
94465
768952
68394
635413
40770
563953
234881
879291
659100
112699
125692
495404
981884
998698
468531
396988
340630
401991
886300
476600
127895
608068
602191
89888
20988
26038
819594
155391
405123
599236
190254
450174
662010
502931
823185
293700
127116
807092
383688
69284
832763
947277
522125
54320
655349
164883
496636
395418
756033
28594
255526
415849
741390
449399
845156
288714
954290
208207
663288
698322
689247
147259
717624
699550
183320
473877
681923
764518
77568
658810
55635
175310
77903
778246
700825
127322
462538
201877
445606
223917
101014
383569
407069
671504
56881
473187
556882
777021
5481
923615
995344
51695
396251
913482
186957
312972
621079
674378
239967
687422
165967
998359
970419
634187
900887
720313
941167
472065
745166
988493
665858
829422
507332
296085
871772
320169
973131
6945
593769
659866
612317
205628
835212
569841
836413
958403
691037
28926
409776
818737
960630
92669
146953
180337
733139
519054
18643
400602
176117
795547
408791
876639
255892
490718
255575
964410
442010
381986
175819
208534
686114
963151
969194
440702
501623
279750
241686
684239
918367
228364
285463
930568
960062
309660
682802
317036
153065
768129
32828
181825
766194
398348
368626
811572
790105
464116
205027
245661
739214
256459
514503
302048
334814
724234
378805
139447
166577
791208
754277
304158
305064
657624
151340
103315
595977
121580
46076
143075
386592
963659
325077
731587
6603
765771
85196
716897
852841
467752
563524
5188
575312
219300
647198
446529
56072
96872
5728
258182
439581
244930
313225
837910
648174
848414
17143
165155
459477
513606
986522
365212
697596
512830
214918
509232
481044
748501
183146
965479
924162
58407
834768
218225
632042
658837
872386
272208
941971
288265
396626
272156
442396
839233
685471
947202
759832
907967
433268
284037
34706
117189
828602
883194
605868
644432
537248
321701
359378
554355
383955
647894
84353
487836
537809
682316
521438
971077
792551
230516
942576
196268
671479
632
999249
830902
820314
616479
87112
31707
195780
939514
101368
46275
992933
253910
295710
314506
819681
769624
655021
253260
38761
235574
738573
921529
616287
681418
222266
960455
818032
894490
888485
690683
800043
240645
50018
788115
84609
67846
97840
846780
997203
754157
60646
471973
981961
884957
708551
768854
176384
432574
601636
869757
349485
988647
661762
985878
387545
937539
652584
194334
952173
86406
871655
262623
478173
936781
339017
350204
299420
869556
548979
405324
477524
96986
979637
960417
579796
354020
2744
6645
683469
981299
380952
440611
750490
104097
873592
94254
580352
387169
74039
248396
849810
970890
180308
300901
962145
978533
54231
44031
947998
139746
78089
242333
573302
695865
840724
657785
801118
217530
679214
779015
167114
948102
454878
770228
763689
624858
24071
816680
828289
669464
163872
480980
602121
9458
561663
535625
360869
108359
981531
30868
81151
34404
609571
253625
134395
553465
966377
840607
802589
472542
182291
404841
287279
39667
701432
129864
323116
620447
221715
352764
800964
853517
491662
337500
87148
889164
935621
214750
807495
907721
64494
792416
869292
393783
650431
583992
217714
632999
579796
611737
695052
26989
187060
181622
669544
928435
353296
888545
964098
815714
836256
529409
221901
275540
332936
456637
986069
449408
209254
44959
520788
217362
763038
651285
595061
742226
685417
608269
536554
633600
744938
316934
816904
449039
516873
575865
363403
86551
706012
725403
79846
899121
266009
557737
231805
551884
396730
287670
995356
371807
534358
785228
524953
705849
355296
416574
98610
164314
16642
95697
630292
268133
351879
349581
568521
42436
630983
181932
100443
503948
200477
626111
551631
677830
765472
782112
724356
5251
464228
602701
795444
165085
181602
672302
765768
984964
686088
101659
939544
339233
47327
641854
685763
714638
581640
608405
63128
965242
777417
680989
691237
23983
504687
833333
667213
235671
68654
217984
73913
439952
220707
662535
396505
335224
493249
856179
853045
384710
7332
736109
262096
317725
909029
943164
296347
707401
855175
519769
693173
758950
418426
705070
7218
342704
185991
327318
345994
916977
888363
580642
835288
642973
959237
531551
576362
980196
799847
894052
603469
295755
132656
316120
259843
79492
38712
159622
918742
589230
168569
476166
849278
113269
661837
664353
207143
609384
969916
249297
547720
348202
724403
318281
809013
155010
161408
914338
114907
865864
546324
848826
340437
437628
444643
136017
310486
873800
707902
921993
534571
740686
935206
125173
353215
694573
279344
991423
913205
660219
290735
920935
216202
753965
217662
37381
390076
91890
484372
222723
437595
611646
164109
555185
899131
587069
360988
820542
750209
940111
33290
818492
515534
887250
155091
326183
429543
845955
858215
613856
648358
104698
111042
548140
690036
812158
292514
450339
315704
8298
692884
817296
833683
735952
464987
720520
320714
528703
323274
831815
14499
951875
97717
533085
542454
265906
606304
667146
903884
192487
31776
157281
691743
767769
896844
653625
850743
548266
416721
746522
309883
661723
393660
315098
570161
582496
269077
775818
788152
666325
456084
819385
920976
948687
687443
577839
843494
844574
816005
327618
580492
228631
359375
979465
121466
404947
717299
887909
157190
816790
466550
756906
575802
363499
698951
831791
399071
228011
471567
840735
290592
102562
294532
870718
160757
687873
225492
588467
481535
269115
674277
960344
277391
247270
743178
983574
92845
379563
466081
727850
572478
206882
805657
611391
511074
129899
225851
366931
189578
780154
178127
436950
809508
59612
891005
249218
267612
861434
850467
72218
726430
397769
596586
603513
146340
35475
123672
42626
500866
136039
166391
111844
944264
822224
69134
172522
148521
423472
605050
377939
700903
31664
638241
930139
247917
837191
656576
214727
791333
7149
189430
55793
8113
830214
846090
757440
359953
279908
406758
360866
573702
424059
516768
649397
228598
665179
517738
870289
579674
400327
192200
17772
852694
321061
310231
640951
367526
152730
641417
597326
434590
805317
80342
90176
838666
529931
263214
434044
479149
639621
455087
605170
103312
670380
725700
705240
478615
755700
358101
655727
708399
553136
772955
959054
199261
548010
662318
732209
237414
751160
689036
232013
689922
224112
758421
891195
602453
435315
449498
784062
138154
185021
930400
82775
976416
817390
42693
575997
310923
359354
217805
415997
65382
334423
551986
813108
799756
753312
343538
39191
544437
672040
609358
957582
714104
365666
215842
454048
921642
57446
104416
248901
916856
385359
729594
11329
750276
273242
886969
362982
156964
122015
232883
807245
214382
153497
362834
239773
87148
443300
45004
819956
7728
920761
414400
592061
951273
815374
248412
651854
848063
254283
237759
823725
483517
760204
442945
850451
104402
385020
852819
441904
702419
895687
339534
223214
916942
422481
1293
829533
929823
557912
541440
959767
734239
652801
867083
17357
533503
418288
826764
509141
297093
243257
324792
831651
658835
172728
328456
672279
107666
946722
569055
242783
454930
3848
1038
141541
25680
708597
712206
230869
803880
371750
960348
5681
792503
710718
615541
858898
638224
331299
778115
820940
243175
633156
350935
37648
322857
904320
83274
421638
551063
770327
668985
715936
565667
823563
985567
104047
174301
367806
712750
78960
272099
585385
706129
316073
836155
792397
663404
600
334001
33104
304441
594482
842873
99726
73601
51276
861610
957963
402345
566509
406058
358001
700590
543277
30354
420104
126356
573542
152119
994140
341784
204115
538198
665692
937799
407792
170236
742538
664656
735222
164962
317097
301389
249811
304310
621874
742746
57306
544513
532204
559409
898419
854341
330894
871442
951618
855356
307425
562957
317873
499665
662543
633715
422574
212435
132262
933407
654469
117709
450823
919080
672590
209518
904610
564299
964152
531401
985209
262729
750071
556857
410965
633120
987617
389032
149154
699008
253122
419753
935
237672
525120
514381
453077
988747
109946
767159
733745
240873
572512
29685
747578
354871
615449
338762
7543
770900
16058
708122
828533
734723
538110
344321
548934
184314
224992
626818
120823
907495
956526
230409
79488
461366
869398
511178
931564
658819
997714
374370
667457
425647
846157
246749
513835
637243
347045
81889
349822
48877
165405
756899
207971
644074
903236
704254
560388
119807
238750
897423
109936
677261
77004
307420
670878
485214
703936
353529
487867
970543
675596
589308
461883
961419
140239
812522
721263
362769
917948
82663
583063
251226
242639
123473
378843
879838
525355
556964
280989
643460
825241
843517
536758
434837
437904
461236
501834
450551
366183
488053
543559
677415
108435
258385
150337
374444
894713
454082
822727
881458
789975
439525
226343
56571
341420
127723
922569
819112
128234
619313
289139
203875
641544
347686
602358
339088
640475
818879
237020
446044
567898
579258
597974
973071
741079
576992
414898
6205
984476
541852
199602
664521
807320
645905
270852
32510
700113
426841
532813
600279
558996
530478
258257
730237
895528
762527
508756
61260
60421
655200
997063
607810
548231
114884
138250
989902
257641
458452
303670
951752
515292
355825
924269
774771
568569
730695
334770
316237
222634
382283
584502
801876
862882
852166
494048
788622
133549
458712
862444
243666
195853
966598
311350
103425
708724
538247
745084
493587
921602
102614
3033
184038
800561
10060
187642
337420
935414
479148
308531
750942
920420
541159
463805
732027
818789
461114
803139
58911
154499
605848
692833
61159
199106
12127
551441
310262
89912
967940
628976
192359
867641
155358
322959
196141
652415
819126
614498
932216
909079
635870
8897
301567
301772
131843
798914
631314
910204
354760
883294
448088
668145
490843
865918
794679
779758
484306
85691
679343
892579
136709
780166
68932
792167
120256
85989
658428
742877
571361
127270
794150
913656
460679
103322
446556
228239
283014
483106
453083
972563
894911
71837
812772
402304
212129
285474
63985
700856
133831
275011
726903
733713
251564
310825
911306
662341
645622
144661
42975
587911
51888
362147
906745
378402
523133
679252
332434
501899
916800
391880
178731
980427
233025
575076
143945
906835
941393
827874
41184
224574
907917
115424
301232
219917
399967
288503
539405
261094
199948
520237
295756
195599
798630
766299
41379
864236
838180
292776
96731
32896
743218
604597
950350
229780
51588
670061
702646
98864
952517
691535
344554
924223
341562
756514
439455
267266
987374
463881
24342
36343
782283
51950
739635
935784
333460
365801
732287
328978
443135
418061
869130
291440
175185
280142
491334
970017
736916
533508
52104
463115
30523
290105
221241
914212
804998
984120
901487
488793
307273
617218
201922
749608
185757
559847
772608
569143
554042
490403
108946
737500
76015
192764
406262
365365
190949
818474
428619
115790
422536
125683
791582
610168
993945
736612
86876
715286
371382
286421
169289
677962
731256
843743
438275
362131
26437
954318
388715
582888
935098
96222
614734
446759
482116
917344
275948
874565
613722
888388
525399
399582
289481
257110
713010
482420
207450
720749
230248
605221
286269
162723
258044
519041
20199
434313
475267
622086
304207
594004
451336
650097
119698
593959
741762
709474
994230
563704
738915
937046
343540
120065
549792
861250
512141
853077
493819
264454
638429
313831
73760
67833
699914
156176
275406
54224
796231
603557
943798
957878
870693
343926
766518
670697
175077
965070
765928
42726
912190
649994
855521
214204
87665
103606
55989
97589
505279
133676
379572
553715
350065
363800
378285
723812
487333
790850
777202
450992
476829
60668
810336
616135
452822
680663
772279
768766
32750
924156
915277
468347
522637
544806
651517
115990
125514
735367
476166
415437
427154
322730
16527
676615
241999
140914
262285
107240
922094
840356
299445
939669
510714
25104
153527
952468
558945
177446
91872
811809
942179
37975
801443
192675
379548
336359
259047
423854
732065
432296
412078
133235
199052
115020
307034
920588
392001
150666
994735
880141
534012
63203
142932
886916
963250
636001
287880
642560
18105
63389
101541
186734
443553
693007
527349
381028
106827
374602
31711
680553
943676
965666
387172
84087
702526
681663
739781
742904
360863
422403
205695
178691
968390
64033
438734
636768
105288
672181
541876
167292
681868
283868
419802
826686
380890
583695
750648
893532
927997
965888
397004
987975
104261
202274
502314
317542
524499
444165
575174
530115
95301
304474
416645
674036
252140
927935
763717
850897
665682
708312
90702
227546
849890
64751
234287
10603
655488
876432
950416
729598
969622
475733
130857
204879
993190
606335
412087
100937
433593
211796
186385
255770
229692
501993
843441
839322
156292
96009
365300
667829
243650
402429
848477
514561
809625
889154
587179
665748
158323
360198
832375
737235
107816
681227
96470
931169
660334
42681
97700
823978
387611
830944
136899
630263
970728
129924
997213
636104
776855
218853
118120
378775
369408
470627
7842
982229
699834
317166
327295
943440
647028
600255
692855
398641
935794
620949
292187
621398
264347
80163
280117
229796
137280
268148
377271
29120
50439
944105
535900
600394
34037
239716
578945
816792
283796
74096
338660
417999
674816
621916
778471
879280
230532
618951
615697
93724
316442
438840
665540
149040
809710
712617
80641
198228
462558
168528
637276
757569
540576
825508
527295
278178
360394
807420
368336
466410
124968
45260
870639
502596
319198
751719
460525
170797
153237
792167
7127
791778
927706
313530
20800
690481
383763
236962
481989
627063
79632
453516
774084
956762
87024
861914
777718
662624
951212
837519
183238
738284
459877
761409
899460
344724
975144
843353
589835
530788
770527
250335
451437
850457
56293
426176
634337
482437
640570
759514
376142
985198
804057
695004
948631
377628
204702
454510
706863
23364
558855
396055
95292
955807
487372
370094
375109
61035
50669
281497
909857
434841
55657
796472
570573
523606
502026
863982
651010
905538
931577
221921
830962
565957
863708
780193
322107
890885
927108
703405
767841
679500
535140
660713
336042
124496
76740
646982
782472
265843
27367
828590
553295
399856
17993
182909
645779
906440
617053
31123
674899
361607
534728
912872
184261
568791
626997
1093
246110
274044
313420
778035
160355
904709
552600
361146
736635
821320
537320
91051
505224
704317
474437
428958
999825
62033
206336
264263
930922
119853
560724
603208
249371
681904
617949
639726
270610
599627
90675
855845
595747
64349
50182
893336
532684
604012
510270
296726
631513
616300
131863
12421
515896
276162
333191
592727
595916
103474
654716
477465
861078
616202
142565
563303
118868
802141
798710
483538
760830
425156
857433
899050
782611
948635
742701
901204
916168
117617
177733
536966
194708
59557
358019
736251
760139
362662
471957
633360
507716
858995
460602
599896
507478
914883
907874
95823
280446
134410
901534
63775
273157
575963
976696
576117
942766
848809
636637
357405
253245
157800
572152
527591
462837
641883
776240
371027
331081
349804
514851
15829
73331
356315
814902
63852
790992
922638
331489
306687
107190
264068
587372
558455
747099
570739
430000
887807
607358
955428
347419
279501
229516
339756
715656
473365
451043
164016
758126
489855
4231
425412
524656
716172
732867
570703
214175
458161
181998
541824
726601
380090
435122
990025
829328
973818
196797
487703
31423
216029
897583
210796
697191
564978
272702
919423
926676
914837
759389
574692
338911
171193
569815
647571
7449
420397
765831
919369
518559
634866
661545
315416
380693
951787
88328
754952
442182
210738
121201
258936
411031
653452
887233
915972
907979
51351
82403
62312
412315
835013
477217
611580
109840
941185
780672
607987
295770
227242
319283
603250
891433
688620
228796
761378
493112
339457
340505
906065
811547
190421
278758
288265
662489
841988
58525
305684
859912
201895
887531
641383
532163
900269
417877
787939
205788
305247
547223
405892
299438
614456
254932
698174
793046
547365
858529
970371
790933
421871
902562
689709
4382
485366
258705
842303
964179
306002
524083
333032
406776
73506
695691
954500
674069
544539
522713
390731
385789
562822
496909
772813
416870
553361
793490
939464
258880
150015
882360
299874
103975
198762
214637
259667
208516
943720
636592
682978
438224
386251
546231
932439
625617
681990
292359
614279
160172
763516
571573
726375
243782
345360
355954
578880
695959
750647
296788
436899
302702
31620
70028
999108
53641
421397
275202
454886
809067
755124
839558
870695
578301
526603
385730
318841
569778
108914
237613
121986
190833
641184
63240
688999
830562
263213
57826
19207
193769
790806
121470
481298
745125
912239
437812
181182
304469
398311
937494
36075
652733
286528
963614
227571
805255
913283
501100
191105
529584
32289
151311
2662
918437
884503
625647
338628
693041
197887
677875
20231
856712
595838
374171
645156
719144
444854
538533
453708
510055
625018
334315
778578
695178
745168
620472
105776
691926
964115
653991
61837
698731
885518
572655
51644
91568
778186
564581
436544
73837
598900
383193
846940
107309
540268
559917
65317
909110
659656
503299
484893
508041
626447
473527
884959
476195
44078
810273
928218
312479
726998
411966
113366
816296
460239
962356
408390
132705
500941
896698
217462
702291
985417
482154
922835
634705
935656
889287
633805
350483
237539
332236
224074
980549
37052
162892
441049
779090
952545
168394
550859
304630
30172
425230
712647
50459
173233
310236
532091
23075
346847
41776
360420
610417
361708
568537
598316
452578
341126
436606
68417
830665
729212
998489
257773
213321
371871
439863
916155
567797
118074
32353
569270
147780
839271
342634
563820
198104
450637
577043
626595
992917
379966
555976
608795
902059
835782
820553
526885
119634
108106
427731
339187
384140
47842
159084
297404
710227
333213
363229
368591
507452
107029
369791
572850
582582
332571
490263
591247
17795
952072
291939
552993
652887
650099
875914
204650
685174
702057
528412
249122
464466
576907
426714
778091
251181
503053
590887
406670
341704
27452
383999
248344
200017
92746
313151
923409
418753
828216
403240
394613
312799
653570
193944
468061
10429
815121
698505
962301
790947
88950
24380
653282
503344
110992
232502
363859
445999
221314
659272
465253
914694
864369
613800
924350
445438
548712
134707
359754
125910
609197
663898
575257
693463
792449
526508
312725
674993
626681
359226
340449
410550
796210
485703
386581
733801
143961
726435
453552
224915
152993
76149
112257
104410
228303
158069
867173
324891
783146
49887
335318
373902
685517
957031
364608
569945
39784
554337
916670
318796
763257
157797
695861
877362
718338
944853
371953
743128
626740
468087
402712
144833
96110
214883
223335
291471
765344
316453
191642
377234
576664
294806
509738
916232
40376
225053
619649
643927
55700
585842
543138
74010
685531
633527
279207
243939
977902
422039
151925
420811
558451
567449
288125
621060
68788
98486
462424
843406
48264
542816
789651
833354
165595
607712
207079
992948
202122
388697
380953
395111
494993
137771
928827
951628
10623
748471
116538
565911
777136
216907
849558
258281
853658
729496
836252
64216
563670
405203
80272
982549
630226
866051
950045
29232
615899
451931
757625
74824
567802
258046
17388
117832
243173
546304
489367
345203
570678
548585
926247
479262
471151
331382
601427
849363
111115
939135
986706
368802
912280
588451
886266
448463
149405
845837
682275
183882
269132
604147
635818
771515
881978
838907
572686
558257
714144
271914
952275
99290
863556
864847
173440
654203
343760
205525
696586
300802
439208
418345
719592
676168
420600
361101
327638
702408
518351
209281
442023
772655
568427
944655
58355
770688
290738
52094
857753
656050
97176
765316
690593
212282
69817
787778
735051
593088
22115
608573
151271
283013
593592
398035
37472
287743
776242
913971
358861
99825
801757
188793
392021
491456
93240
807917
137961
576011
341270
73341
193337
541331
747151
245381
589888
236521
454525
544455
311877
517898
456852
822007
519767
511748
471020
179384
33417
494895
772865
389503
772975
472635
413002
108696
772027
659595
892577
423609
586411
494154
203782
217821
98499
27635
598690
101784
252700
911822
209521
24807
254510
815262
750177
298924
350670
734461
958815
29085
171794
224187
882654
370163
898544
563597
141179
798214
340260
252731
10572
46137
116064
847001
450157
99847
316675
988379
399863
805252
538312
43925
350411
24077
9589
32108
205567
774306
996172
958446
427322
214970
497330
235261
534976
925304
452532
491567
564381
488145
579716
546324
99574
414807
694116
906763
636629
536012
458611
988169
486102
346890
459882
453698
818221
347015
507895
269986
340199
461910
458671
417145
583209
879498
33088
816085
872695
333635
859034
262599
933101
723057
910775
585388
362238
760381
981376
837027
294243
96215
393056
904995
815949
97389
866505
181178
53313
320888
773234
697612
623118
198729
361779
660724
977093
760286
969095
386865
967288
769945
80060
115000
185540
765954
505007
384184
172782
333279
47704
611950
858911
520595
732821
666586
602452
657277
307548
183974
587970
961089
752782
716347
989953
854997
782445
448478
673998
414820
893395
662216
789128
671336
468344
970007
312371
930811
596857
979750
576667
602167
881506
867270
949726
303755
882374
573741
534655
539133
250870
45030
858673
302698
828994
821308
302843
6034
409133
181860
263913
724077
394653
375884
682608
460834
285814
532546
116299
387432
385928
236228
816218
357501
873574
342378
702363
801395
801583
772789
126096
937799
496209
224105
896842
222781
142252
78974
703357
526302
340667
176100
377492
344010
728099
412980
167848
421635
400282
336975
737860
617287
718455
486211
89823
401395
558611
116999
662634
563743
734998
729438
130997
50943
61533
449126
678079
814353
89735
863835
856860
719595
508301
111070
116256
282487
148280
550850
11027
755921
874584
89127
187131
200155
9443
761256
830230
122364
237016
815479
806884
33275
219146
986470
873733
81749
343349
941326
331990
465303
568917
984892
251069
104773
422736
485078
579110
645644
841910
304488
431506
193982
912259
657981
651474
830512
997320
516062
782369
7371
924281
654835
40624
370346
713961
567520
121030
627104
174136
617583
333284
136402
750745
563635
827894
439669
51506
414302
195862
662084
188597
810039
803919
276903
198910
411581
908737
542501
553569
508346
1425
870111
137442
250501
726558
194671
294289
456944
314242
749560
190713
711672
883792
178109
495657
447181
440880
150470
393600
622639
691822
397500
778572
711052
621854
943043
720541
394917
340133
454900
641166
245814
482492
969299
455491
549224
90045
894102
964627
423837
361225
591063
25864
349170
585049
183123
537431
747450
710284
859556
350743
697996
935747
940890
32826
396371
418137
193594
403272
835801
339023
390595
345106
155476
546621
996454
175368
720805
591467
566666
414969
457538
327017
378576
992517
903691
694396
886715
711431
216738
263719
495453
72328
63994
120225
490632
814923
796475
593001
414388
267314
220063
386368
349446
700967
163885
838105
617055
160565
905066
297013
409448
142109
148836
293246
657174
540482
878454
382242
928614
594794
666521
608188
880395
117093
65564
667579
781778
575855
740881
11776
297553
479538
572639
221566
79305
884678
326622
126148
335818
741422
937970
1920
589353
891847
414522
694190
10805
438358
761652
765854
446837
539152
509102
298562
822310
801487
821120
287761
275986
76786
166454
466389
843848
725369
368123
624696
779497
853519
917437
729844
137425
11045
210257
269102
847067
154966
585894
643968
152423
525049
681795
275126
649383
398289
796359
846146
20968
607743
705152
896648
414886
812294
308505
122727
92616
229228
88327
871000
573011
69302
499829
907826
327424
51044
791715
665615
5247
284711
446546
792779
655842
241885
544378
524180
816600
405202
822107
236455
49901
557934
433198
689170
935835
303024
18746
619227
660710
974674
516310
836119
643674
367704
624824
644140
232762
105323
890946
277381
87394
520495
109172
283402
427294
967369
744692
500568
710407
576183
254120
681835
214606
746953
124278
22231
561874
863336
493007
522214
631833
907613
327569
732217
286548
921555
712717
710064
71700
631038
691654
955705
150751
298868
773475
116065
658721
203525
579769
761321
931391
656112
542275
470966
360318
537282
333428
818470
629192
579100
479994
377627
229622
810792
590813
476216
725128
918707
477232
924085
551637
975176
538966
413715
763741
210139
576771
62467
843278
396276
155675
750533
716309
852222
724929
663000
630947
702264
249128
302884
260448
677059
605720
931829
119807
446904
24851
162008
616172
434701
238072
423783
970390
66410
417822
957066
733465
842852
498330
392053
585815
250859
194678
211840
961980
344026
396678
345123
370885
482937
732516
987029
254763
821046
414123
274587
790757
561961
379832
933930
185851
273598
865682
577092
498303
875994
498706
824476
135117
918803
236784
582371
855018
207139
27140
752575
854966
925567
816238
841900
482014
951570
778862
156527
64494
556105
310368
828664
916972
510739
484384
763642
587319
255052
318897
526769
666718
795650
504830
273609
881197
34592
699657
779632
144047
53988
137690
972435
879973
159187
220164
155135
564543
445574
694547
518771
858264
560291
320188
12567
628593
985087
309341
51826
843980
834934
296553
350396
505317
865884
555002
946681
581853
617163
217979
337853
173048
543365
250398
766614
487637
591462
614598
648012
773211
33909
448737
628053
908337
222982
173256
582828
870330
536310
580711
204729
666545
487480
449607
887918
721740
182753
264271
386032
508555
326444
153834
618825
391269
166437
455533
454239
271153
273994
102408
586088
909628
889145
947593
41804
692230
977107
515284
570120
993864
90431
188155
306886
964453
669070
303101
415848
669144
469494
141428
627309
31514
819046
423540
482529
709902
523252
651190
849794
985994
124590
919226
918024
843725
295903
596117
896640
150620
387426
907471
510187
34275
876373
193129
11607
988843
512585
733141
896920
520358
517383
335841
484065
743751
778521
618990
284890
709260
119190
908311
347277
182523
422553
314989
244499
800168
837744
738364
510462
787000
461275
493201
74819
801667
366721
616211
274305
384280
374790
37376
444615
317
807667
453953
381243
182890
578036
568014
4089
894690
975636
838936
457032
948478
245942
693336
606292
947085
56789
672089
255627
244059
231772
685112
858725
883079
438364
551760
565058
529457
921282
533350
68517
86625
503935
624507
452108
322185
663978
627156
96630
658220
9206
49286
315509
736693
280410
626334
841383
715121
609276
547369
543618
473427
695999
330855
396316
840916
64602
241680
659673
798780
77866
969315
291719
691873
42210
120828
369119
552969
724095
469254
766764
272995
518569
81506
863420
674800
762403
771106
759687
471013
34235
900519
536408
663335
362340
422906
148924
798762
940467
284519
582138
182767
810782
864603
28532
104004
380656
341707
999081
706559
690936
460812
873330
307435
534228
546844
29517
241476
888446
686436
410431
905738
598937
334725
830307
915387
166821
729772
867494
700165
144037
121786
16525
629421
750108
825788
871879
365946
337147
237463
837743
697823
576778
527713
408037
591249
911849
485471
513636
446266
881007
557223
464003
656891
145557
116817
811267
408318
49431
445581
382005
528125
604988
324228
63952
485330
885800
466379
554321
681065
880654
90395
456200
218553
197929
318800
148954
687556
606164
974953
38415
998364
25602
173985
641690
230244
441870
560265
789807
459645
684760
955228
241320
247929
706337
352390
57417
332921
866892
354026
843039
193942
278408
97847
434578
859096
829112
473037
361095
961702
753628
396061
738452
542068
315238
943048
834933
347523
838929
488914
428556
292842
872337
58152
105580
901695
345511
840283
843770
525255
951222
720326
42467
754788
275097
962061
104489
649471
648060
908841
53446
166870
959314
854601
486518
864439
411511
564640
289273
942811
369497
208943
291211
250579
130268
874057
661616
246019
287695
171403
78083
769807
181489
487992
496042
745427
965778
587081
220978
392941
247641
604460
560912
671176
308197
755461
72374
897143
701997
246343
916318
387693
628070
897540
764856
620119
407733
740227
382197
843090
785438
481381
196133
171377
205158
841993
313116
385857
64066
420624
51282
863027
866789
682303
310201
31847
661065
778918
292270
708319
21865
975508
213784
664653
215827
84905
511275
995961
123018
982847
705915
870673
478733
672170
520428
237674
703455
6203
870548
927758
451279
59404
287153
660160
522422
609450
596049
867456
840722
753618
723547
182018
885708
606791
700473
293337
134407
909132
68001
82694
696235
470538
758590
15071
31379
363302
793568
705934
302565
580169
972581
568305
672107
322882
630357
883676
133731
137659
484908
4462
478056
633312
2261
84808
537812
915016
22587
892645
640097
950991
432645
198433
831336
491654
500608
25976
666801
549254
717474
897889
135443
541335
36070
435735
1355
836056
644488
77943
306632
126855
916182
110126
962960
599241
450282
492470
485081
236790
601812
161226
223853
206105
805747
704023
751948
687304
221811
891897
96081
236448
746160
68633
966697
171965
446232
93016
712817
630417
636047
613599
143381
433841
453664
395916
586733
675198
476877
665032
36609
658484
284501
455224
241914
950961
142666
805917
33955
844205
450768
54848
188971
646115
45102
409748
958930
564906
975362
884920
923466
977870
278422
611317
182060
103724
987998
885078
170219
191635
149488
129210
628513
78137
870582
145014
577765
725476
779732
103475
254616
161951
86189
680397
836986
656174
624495
150339
618791
235652
62487
387228
687640
1205
532452
845238
323349
936029
362531
677486
447506
59037
326772
950388
852845
786865
603905
423128
879161
99550
135032
988813
585635
692309
878699
523220
792298
233403
41607
190712
320453
322694
96705
761442
166229
694756
654172
527098
45029
837278
639024
157594
622059
281484
550832
406369
157251
882097
843522
687102
191123
978608
126807
513273
597735
428940
29341
69381
476352
76836
608447
145194
695975
689300
759231
661148
525759
895051
556001
978889
288371
405898
535510
882644
249280
803727
371906
818678
375080
509064
247675
628675
306734
980794
505388
404230
112858
484196
474634
83275
916962
129711
551756
283259
664042
840469
5826
429065
169993
390601
365250
985317
325697
846141
201720
253761
65083
724257
262900
91654
488700
560547
193842
675135
227310
176586
637999
651936
51687
647684
129595
287207
87913
103931
903603
261673
34342
46892
427710
432792
51614
976206
173000
341954
874385
207769
696768
47850
481602
615501
449861
786948
327887
127488
202581
49453
55324
231822
505412
754410
538560
535016
282297
613763
882376
929472
757627
970193
877112
233165
563659
552031
388820
144211
18343
592796
681933
387874
168317
614200
159517
714122
600042
746528
407886
90752
682078
231768
292589
809688
581600
935508
96092
303194
807358
546853
712233
147019
284747
82294
504804
769263
970392
30823
350547
932420
637229
391906
148707
292128
633496
678873
444409
580362
540828
910612
723772
383382
438146
153543
378575
294877
184213
410009
309614
451942
165782
832800
216581
854549
280988
458779
772379
219854
618084
860629
798569
200013
509964
916772
841102
670003
225538
648592
524376
475652
160564
774487
624243
212082
559835
253814
208145
986624
249296
53553
949157
410311
67673
957668
586908
413647
94536
465699
872497
811031
742094
528283
184058
354466
680913
497435
366958
406050
744510
689206
546019
368499
286029
50339
567240
97426
202030
125632
140145
262522
494000
688357
822533
476096
697733
53090
610510
362974
71943
863676
23596
751417
301377
15712
803968
354699
872014
290045
320203
898851
418724
150811
826327
382913
352317
571420
505044
921302
363525
995097
509923
603793
510917
57734
998167
547482
716502
974285
526230
196400
82904
785073
136489
454193
643840
93817
862055
378813
790647
673601
663690
902607
589441
533952
115834
295971
54542
678405
933973
389207
141839
302171
823363
753151
100834
795619
315514
222701
688542
507649
139231
252214
855253
811649
389507
852479
734629
412305
533151
481110
620114
561763
883857
590560
628806
806771
980525
850490
608670
30965
765564
411200
641075
479431
241651
962155
284779
216226
369243
84513
200901
664325
276480
535626
406369
853126
167655
344063
988819
900901
107583
813069
237526
473189
975436
205561
48335
1806
833399
161852
518364
300784
961739
710481
835851
211115
499050
831391
416399
133681
63725
3889
335019
309737
111412
691534
195488
581138
562258
142682
287425
241567
700999
305471
230555
430008
985528
224059
524918
661236
946293
118094
429121
555531
186391
665216
792893
891490
750275
610363
169454
981796
444121
236829
272871
692356
364250
870892
691361
18471
601775
275805
335286
450916
141390
422812
526874
590338
87251
77706
368982
55636
256931
66027
615757
180933
145798
323990
843372
194501
611564
93868
353974
731640
315627
846062
1303
347915
326673
66825
570491
610120
920171
560641
23136
883818
369505
90677
977922
685653
443878
249078
914571
577100
845251
55981
422260
2872
822273
480541
689871
99698
562194
278847
655933
286153
723697
790449
882963
277556
652160
659401
860461
100340
779231
104017
882493
920525
510736
92753
863472
248210
507174
13207
289196
989824
37641
736295
834703
461652
383813
99947
208131
319561
511421
640409
997114
855479
322619
505953
123306
608702
43108
946161
204759
515933
35195
894624
509524
552142
843045
692097
296773
361899
931525
409102
317097
815579
435320
215687
278152
810073
516453
992216
899883
495705
489329
634098
769717
394476
294176
901679
240001
291413
57806
197923
594173
650876
729440
806392
47693
330158
12154
488841
448190
423531
739754
3207
919113
727056
245967
535375
320680
128628
929884
76661
613355
231761
453998
385362
980912
392234
479958
115145
795999
747945
656136
962620
259004
502103
314348
560075
652654
890667
869867
137431
52452
353635
367930
701094
171433
464585
767656
469270
979307
516855
660072
289575
118197
833692
187289
729638
714590
897580
915325
291744
579476
97644
720704
983972
538911
223683
515962
846945
590630
487419
339733
153172
669743
648459
480089
913119
349267
203026
280125
525711
303586
304536
77823
243981
88578
933916
894002
86069
242116
971050
383371
418956
852732
723278
149995
908974
605880
837479
473499
910665
176191
907759
207335
324340
389603
420615
167607
403363
720750
405308
803972
732699
591528
865402
944877
114691
789317
278990
905267
369595
547172
883310
105607
783371
508442
371835
798817
638449
346108
212739
674310
5534
486671
905234
684042
685683
717514
582556
781165
198988
713070
291749
507766
504400
953842
627551
294034
135446
522115
205705
636287
628910
627121
698956
416175
950429
602308
299131
953832
571995
130015
646600
938568
531091
101622
725319
109543
115101
716991
630416
337765
388013
230216
54939
830433
420960
589754
692402
50422
361139
818931
449462
327175
345868
123859
668372
679744
940261
70849
186595
814799
829418
842441
406759
459878
706212
807498
82573
584321
682931
891706
950552
450381
119003
683214
959214
349993
865396
352307
352959
894669
913937
33578
931000
517243
540036
565711
690094
875887
936825
206613
516772
257289
677328
352281
126006
417080
214939
544932
306932
761711
617250
125211
433690
215138
67410
29654
830764
367615
178069
820617
641344
569625
965190
416242
568846
212044
419825
908463
696537
19668
903471
658442
490181
710401
781436
649313
265154
853816
595149
769427
654353
130359
574006
977198
557631
632274
613508
163753
255094
105563
284213
352197
101104
643805
868305
710195
330025
251662
589074
964000
802112
184317
542860
141410
238346
462318
487820
511886
688678
238688
866234
240847
490744
249067
678937
327029
400025
26947
23533
879170
516430
452512
510184
37239
417962
279689
11483
612824
861720
815947
824201
329870
912404
364756
35344
165747
43446
73317
438092
181888
54574
320861
58942
500435
384069
602682
457518
939682
769451
219685
813505
573861
811967
80280
263699
954600
753787
748656
395299
795685
659775
471409
283878
400244
902397
541161
257665
454780
668357
483510
431694
247162
477513
515216
132487
494097
989558
397616
784176
374714
115230
163805
489349
308369
254052
72173
426717
470221
836497
421404
2071
956706
536066
95044
789795
491572
933395
204919
135912
124121
647902
478930
368657
660220
744691
356929
801192
136005
171848
715697
590865
710857
481907
198011
917235
16013
130647
357258
257764
628014
517298
774815
679789
852115
214458
589761
836768
423948
651988
273313
846384
216064
401570
610948
71686
381106
77993
900575
436115
772483
186719
27298
547904
235558
86380
752883
461778
482232
733151
656515
185750
585208
640802
751079
907992
119757
578713
914901
73121
761785
141410
371856
435556
124035
66550
231520
962502
594991
117587
791491
894648
208675
535237
26895
150850
462680
675389
429055
478450
913580
934957
141661
732642
94464
213344
655712
714166
190226
433049
369204
496364
828777
219935
79947
619139
861153
448440
150052
677224
52545
776203
986700
796271
617525
115638
489057
759544
202011
552669
537499
216342
97760
468557
277917
341475
755945
82583
360808
678296
785018
446753
431599
738979
666808
407604
450824
329881
296700
724073
22839
345917
198441
524153
873774
951842
767711
188634
717790
819146
516142
345618
10824
738237
839955
351302
993318
152288
175382
756810
671457
31754
984764
974961
384448
837887
950195
11569
442106
981646
850786
998628
332164
406945
249167
382198
622903
266625
322135
676439
913691
351551
839487
153801
515953
287291
534089
239893
321463
878698
69491
121358
639522
141782
816332
345430
988554
183356
300072
423622
940789
219223
429091
550787
305885
423739
177993
360931
762813
318351
912698
16586
18811
310745
896081
20445
205672
741597
254167
216575
624047
673831
153516
930337
641105
833213
64397
926933
869806
164058
39038
704405
834654
19746
933078
455352
759596
915262
797104
377983
543265
474756
724379
850515
684681
260822
760698
862558
896567
392438
282176
917470
998459
603701
82209
491180
221717
202380
541344
765782
220055
559995
397073
727896
886515
353011
181245
608925
960941
886577
57349
180687
854769
679926
948965
925614
37838
496089
535238
435052
870253
419587
283385
262898
366794
823249
48919
928929
334528
385408
391063
589893
480230
185559
931756
363068
620915
395476
880732
30469
199960
854729
385643
422381
870051
948230
449643
962484
766542
316113
553239
764260
84218
297674
679431
814683
671861
38254
80
763470
956344
918206
797154
488757
270119
246212
587758
41737
366239
120259
230820
554675
497676
603155
745652
783060
260
387271
45237
86234
714697
38649
152913
78487
110475
36295
408482
933530
343519
123901
456196
205281
692861
157199
647032
607526
140077
311663
740577
69776
702671
332476
617900
826877
647896
334115
757840
626981
563454
615633
540706
488111
578221
110594
939469
612054
990651
875949
141826
486610
298681
311349
495964
268423
782894
266716
255246
844579
603352
192084
874492
111534
453277
388117
809571
157660
906054
242052
249729
63807
508486
487577
758874
300123
311372
552825
986676
143017
149578
987620
437697
787133
558331
918065
461869
78294
426781
689006
337000
783022
368957
553219
541407
22715
594723
299063
606180
840926
363432
935080
564793
249846
79137
125162
251665
143723
384091
796617
714300
385673
678767
565967
532849
902564
976601
263648
459275
317454
152174
57863
940394
649001
946470
930939
814425
108268
784048
252585
592864
180981
853386
384414
582944
928094
424462
129793
998139
35926
194165
512361
799854
504102
933483
989643
884347
194985
628871
950063
133998
592865
887885
423551
18759
717998
582435
732595
265267
68798
197931
415152
272327
597608
702721
70898
372612
45457
657571
523703
808314
658204
745946
264409
625732
873680
470931
601198
174799
401973
171541
186566
946108
350132
162735
90898
50330
46483
176681
729779
1346
134382
456927
898436
376287
615069
605551
117624
400576
257915
474874
680568
365167
971645
214674
961122
148980
791504
908313
864317
101702
112744
871418
73056
246439
303657
479421
689543
886896
24111
606356
815390
798439
492921
153688
931573
673123
348860
798253
642529
380096
217581
834226
363477
53045
969237
585138
733673
859251
197295
190457
334460
537936
938599
288236
692174
667240
355503
551520
905397
457364
879902
981127
173447
161517
619126
432650
773350
939409
725608
761487
831930
973322
999719
84822
379939
455713
798395
839486
727406
232381
81094
730171
473665
527390
689072
131427
943175
225627
178435
588733
31594
976159
208528
527105
317647
897550
393066
972608
835330
90550
532420
507904
164948
648576
473327
243543
649415
790885
259087
806540
213919
629757
683401
724298
542757
41733
557397
940221
611247
752489
444464
391597
200979
239588
259647
439341
128788
417288
830420
219517
444392
962512
801444
614889
715164
92546
392364
228553
46065
663756
303190
883340
171932
903772
48040
265232
213159
754188
178805
283188
823595
598943
932959
962664
855954
323967
284039
326632
986312
43065
30942
953577
263427
578636
276923
124303
70540
927997
98659
960324
513885
593961
19336
1272
805618
827352
279714
793193
723504
539816
890615
904156
128613
755138
983145
200166
921956
680042
221520
292096
790819
827407
311506
662228
462141
927773
513072
771217
231495
565486
718923
73480
625592
734694
124064
374186
403130
433282
434703
990435
99597
24851
570961
35289
491624
917348
521675
229703
40872
497439
622671
113204
605289
152878
758999
371008
422472
109209
56686
51948
142517
424967
282497
269299
972312
453163
470416
695139
865210
311724
961771
647401
628965
394194
680817
282966
159892
743197
262554
41530
161739
704844
507264
377060
702248
519244
164158
819769
245593
638361
110552
163037
728250
666639
479998
194200
371163
853764
714662
854784
110877
579014
278126
115463
764480
126978
986427
260023
970813
5377
608380
649068
81136
116351
628494
494544
71456
717119
67039
142197
11982
755098
603691
712049
856398
226140
589073
170482
910530
671880
392325
830810
164286
5218
395895
328706
565860
852456
733195
138480
521782
446174
241353
689605
928147
272593
704525
397569
774636
585669
861185
513752
567062
205758
418215
86247
401070
410701
146965
327328
63623
143748
24213
928832
199597
23773
654542
532759
448579
34054
276513
834634
814127
844404
555451
162953
423003
704627
345691
352323
863044
858675
214272
839117
10833
728679
406562
902206
593390
842642
596500
920823
905123
844308
405002
500916
528281
906300
307681
738226
574886
799653
377068
262282
146165
826544
5753
123120
122391
69746
813702
42703
662011
813907
19523
657260
54334
658131
70435
766173
92194
158222
775224
504595
626373
250103
220982
981271
294264
47229
235947
326970
493611
688872
301071
763747
702059
419475
694796
576147
571188
380500
793596
309802
733187
546137
305057
313477
797584
534320
449181
600012
303222
130837
387172
867939
301423
858251
539502
639567
193719
7880
420160
427334
814208
346849
924752
119892
586217
689173
901701
407092
535051
306797
620276
310929
535561
515531
750455
252058
687242
639273
24155
818233
504305
359821
14316
511602
940448
115227
66114
539255
586966
180006
210612
824330
533209
109136
129987
929896
661205
209753
68599
132254
135914
785831
369334
448796
767713
254722
424809
1586
815550
892287
753554
825865
882391
125988
651760
744229
834872
927726
559725
380491
614398
642231
724728
647335
205654
159720
291694
522996
589342
208604
612483
874603
123481
202178
885996
115790
568328
673549
429912
357134
241728
188021
742058
509039
104981
363173
634028
909987
185826
971680
913035
911288
477544
521924
123214
796424
271221
932174
90542
836829
214475
31497
284737
984495
146976
584453
440941
653181
122849
899527
594074
988435
705929
528687
485529
79655
509219
894032
773879
584829
196670
122146
25554
910745
629150
549563
144271
222869
864717
616508
290988
342081
239263
123995
503392
45946
738763
627291
363446
77502
756362
169123
235311
414221
714406
452617
242191
209351
952463
46509
669585
239429
305318
657511
627083
880887
642659
139564
39707
739757
528083
968958
428476
866304
937450
727680
662212
445942
174815
798092
286937
873211
744031
888824
247808
151864
333270
213300
90846
441345
96917
615434
420067
571442
644356
276300
406808
457980
9105
292914
142906
285888
59152
232007
879381
766888
688916
328284
52026
850644
409584
978588
248297
512549
267335
335631
966932
533452
191019
284698
612812
183139
819646
766371
75910
340177
738766
779376
338104
150660
370292
707895
673913
511854
176834
936772
680996
138132
376381
593350
442891
275172
822431
453990
331605
507285
188185
253687
233344
571712
954050
344312
88730
91536
148231
763207
774429
642850
451603
198222
127729
67735
618877
317596
542220
743687
96439
624144
107936
203270
258250
163147
620830
540972
813508
942859
474127
382023
328215
791202
160947
404922
320247
889529
521489
772998
909645
388033
176623
783387
393229
575549
566397
390804
207596
607915
348221
920544
733050
168093
581800
854682
919930
908077
662046
925466
934336
149758
483790
260805
485967
510376
121527
818690
932790
694468
475814
418161
164404
857706
253719
108631
578032
425525
52913
100329
829553
257774
5501
310492
406511
96040
320009
435212
507536
431852
980316
201836
366554
50007
900770
867638
542673
171695
693585
255490
438421
360378
996414
973371
223890
714361
538590
400174
976125
66139
47624
440748
466678
761556
759283
503509
486087
476005
214966
922295
933855
99654
969556
232724
274070
80769
63485
535858
144899
519885
999651
392437
501353
273015
265896
12112
135804
360360
3344
36978
516234
29020
177121
244172
495192
851309
596900
126240
374517
597260
68818
38210
255344
753177
79077
133972
903616
676860
832619
656289
479040
525939
42916
315017
18562
524057
672240
377682
171993
873287
139182
865801
238652
497057
766310
833713
80018
273487
243651
609835
553924
281793
415506
617696
739030
847381
236894
836042
198813
592748
343454
386509
688666
550191
424945
864449
596379
681336
872119
842556
913703
584232
256350
77191
746325
859985
840274
220131
18327
574556
147743
345553
200190
905822
639055
428498
42438
369393
6499
948698
596428
964978
709229
436033
465210
7352
940065
728
654330
689798
503146
863408
143675
807416
507112
915921
887251
627680
385496
818349
11767
526321
311406
270313
397910
213268
42664
587057
123757
834794
188147
571790
146128
900964
498038
101486
399995
363435
113005
85900
590243
888995
469746
301749
602644
609789
186560
475510
557654
503006
915795
62787
586143
784696
754478
252362
401829
149261
932152
117046
742694
480879
387940
638750
424382
814758
850835
255706
602092
62687
958895
385436
92547
867336
61519
28972
984370
14480
773750
968077
845596
235582
640689
234003
247480
556859
307769
309037
249377
45122
418835
962886
807263
904841
608251
755928
728940
355767
462173
418701
610495
276296
618733
325226
152383
646868
855818
990777
106532
65339
329992
499028
897370
271841
591060
104144
565380
659864
503039
496330
792641
812120
284848
421535
265386
575546
725886
107596
357069
212564
721339
280288
234745
417470
540616
835769
648984
561080
640763
900292
362600
569267
987682
750740
946715
943687
609486
211174
593189
708968
712569
716933
868307
770774
536922
36436
762967
896559
732951
930290
526474
745447
459666
937182
356413
64332
201360
897957
564117
792249
6892
809474
458443
368777
11196
240452
473027
334606
497406
611699
467584
859017
636344
108223
61508
449523
308481
973573
602957
655775
370820
620966
465635
342285
613865
835499
656674
855939
683627
538499
82405
28371
987111
717375
414056
774089
807560
972634
472975
760561
938131
975012
167290
188360
980820
481002
361893
651389
764672
221004
640754
937448
242178
662829
709111
443513
859975
4956
81765
184508
91954
93277
466868
933628
65277
561175
237469
522092
990226
210246
955894
338550
721859
249016
558965
898599
773575
554644
278098
360797
856844
184938
42272
498432
226723
179666
252629
746474
8078
107671
583239
325897
969787
98187
936397
534496
935424
702224
383918
312489
199822
190432
55803
30086
408348
932160
473834
724266
973643
496778
308353
215581
839388
261855
748682
220008
562403
297601
952712
476001
940944
92897
286440
142081
76366
575436
384252
349341
776638
735896
866918
210842
502777
866138
864668
148914
182931
215952
408080
366915
461957
208856
417860
763917
957636
925129
676013
424409
168645
114041
56566
228314
873789
13266
743903
914579
699787
614496
489246
743983
28829
695024
879681
209792
324749
676952
411930
171349
358950
297337
166606
880654
332139
135484
704616
77433
681221
959650
214728
104938
450687
562316
428425
526772
547818
188862
705975
347403
637472
421815
955802
275258
405591
720332
503913
119888
104438
198887
375471
149176
289340
473763
135650
431337
891528
330422
561932
258676
201565
776019
9533
605268
913540
420156
950661
872901
497083
644066
193967
383925
428674
541911
506125
377214
96109
817378
957435
487496
849690
122753
313583
398949
235234
289517
354865
897446
740044
919082
816342
460511
790419
922627
114387
576715
411792
732601
683910
589334
431965
87522
974989
4829
99076
487458
963801
801040
732597
543834
510337
917805
505003
105203
962682
250947
57322
189201
731850
360147
732001
416052
160984
414812
113476
212708
198073
19825
127210
696907
108484
758050
951607
710384
530353
14607
279044
319475
755892
86876
157686
187637
453493
698366
983922
303379
270191
32811
614271
995721
693330
187132
220044
97367
782536
124131
304404
345394
292481
137031
540309
739672
286450
410268
836944
37780
262258
803936
804331
469443
706862
940088
803999
658255
977610
808834
339724
83277
284932
193728
999917
372493
498361
535230
637414
430138
835422
104183
61281
181110
31960
3951
629369
24318
363487
297420
247607
88373
468866
507197
436867
839082
573239
383318
68390
960331
337220
424758
795194
368014
768755
35369
771512
814754
876418
91943
354171
127704
664493
141434
931982
913933
138262
448489
918937
127793
165999
715424
626836
966983
365461
856098
660188
766854
58513
133502
516919
860454
348437
385976
443723
717941
692143
363054
455739
845211
403203
237698
980328
336700
498079
902029
898344
482566
165542
861343
804355
955901
541184
711425
974576
6863
469095
458432
841293
744914
485538
474950
2483
963076
506059
217605
752899
106612
991195
59338
109497
298367
179051
871776
169782
316125
175419
620153
203664
913382
996663
306959
128354
11437
359364
935598
456208
388012
822707
970339
505713
878095
879036
805686
815964
43615
351286
653007
370914
572601
784482
529914
984367
234171
805998
908305
506098
15803
979423
420322
991460
196288
745678
674613
745111
766001
521843
477262
856965
576683
53749
718111
460586
571878
113084
372292
99822
155511
404565
22302
959376
342651
666933
403158
243931
606865
425138
232382
382478
758065
35908
1239
424501
502400
229788
398909
369326
533670
260339
115941
714602
240232
280084
485970
303282
136099
961336
83119
352242
865255
66483
894721
719390
833370
442485
526113
782995
478710
985136
55272
377129
921920
798968
875914
990989
915533
482090
547257
303026
527000
235522
873431
365924
455763
474922
321581
226516
691761
604199
794056
779287
275982
705193
63782
199687
704902
666006
971931
146473
579463
151452
710910
954905
88777
395890
692287
825234
470442
450722
395326
494997
704592
71922
594544
236393
577765
581906
381129
320140
281063
885948
416443
719634
893180
747024
715800
865062
601055
217644
689480
515725
193637
177880
311550
955230
202689
853401
664878
75708
854822
480900
762156
717009
745468
327578
942693
265158
285313
880361
776967
861494
547677
487074
255652
428867
251288
338069
816665
465455
180598
993556
35168
622405
744261
468560
417891
664726
920491
636392
280430
110893
915682
235920
932197
53380
214005
195055
697734
771934
617388
545620
939741
271269
48562
443788
142077
852658
704473
759569
88368
575110
243037
307795
684310
405162
8790
551738
757905
890464
767098
74689
352120
370327
674390
12912
830651
977485
741045
488008
931378
677749
460098
902381
148505
793289
529427
838953
371689
666154
665798
934248
800729
680415
331044
755065
863347
139437
889776
819256
838802
325722
761360
826779
340133
13439
122275
398236
518101
153963
232845
486545
149163
697409
965922
863951
621663
729072
72689
417546
99713
375016
41875
776445
862443
436189
489782
180066
368623
637658
753282
163561
739952
114814
879034
283841
363715
384137
191917
628353
877305
116444
222252
245319
632675
80606
753372
663447
905041
527037
592909
984110
387941
39259
951547
32112
311170
512035
27244
233834
862275
532338
49158
445054
435078
322775
673532
672136
366846
933827
885441
15500
889749
407832
887869
912227
272965
337504
719643
629845
817070
731441
718677
93070
731538
587729
224039
965799
18566
790736
666272
128908
513207
246473
161235
836983
370940
281880
392916
921629
735175
290763
365858
2492
894602
958070
460124
649658
728462
595274
529126
690524
548213
182669
409850
372565
624597
398997
916877
753935
339291
967348
681537
963232
2362
762996
466328
884463
240386
600823
598444
978154
414758
879765
957820
84541
307334
149914
3774
103503
888404
353017
665475
343519
408115
82175
584072
976331
841935
132061
911798
347108
241251
885510
306539
526065
959542
512303
702664
184244
700429
627362
496753
674771
397431
666582
722013
268873
853126
546807
868423
628702
882646
851439
623802
601327
453917
206591
709100
399866
761702
780254
506606
373553
860884
119190
847938
801057
514074
94924
449615
519576
193924
789892
127753
985957
792247
198110
165492
942002
180102
268128
138902
174373
936847
33954
656378
845699
469287
569496
775011
115357
512481
345292
781159
183207
295300
367230
529380
633879
927961
352119
913847
713526
790647
963009
545531
719701
867698
197712
447191
15777
435094
975286
708799
405271
880057
259226
884003
192637
872806
768339
953315
527944
868725
602171
172221
531869
634594
348012
202725
801547
534193
899914
821491
709306
235782
460543
585534
733432
283729
599951
249917
462293
748744
841871
319904
565790
957606
302630
559802
425326
934063
261235
539091
684440
733813
357041
797188
18636
815560
20076
655001
494086
344185
637935
257679
855070
143337
250976
679101
434852
31089
520867
868767
62388
537578
913610
439072
201464
942386
775941
365727
46860
647906
322687
817703
549340
351250
450146
550536
174198
462903
626375
778207
585120
882941
382067
698832
15104
111970
133502
455038
389710
740604
601181
335368
969663
949868
375538
944076
709346
496716
720664
281311
163183
511059
258076
142287
958564
462833
125604
728070
23479
92444
981112
762635
588470
953888
998481
807403
26780
527088
459152
689775
467861
312893
543864
143403
401794
298475
803409
647102
448108
105012
43032
263541
191190
516791
663580
757289
289035
717094
692799
214105
586539
439530
513244
995214
939367
69156
220518
808187
543226
82470
720926
56993
256223
606270
386178
430665
954359
212541
290867
107890
628365
221573
675902
771732
496639
412099
345884
596996
836372
327358
822699
704769
522435
163233
584314
40927
828356
570495
170106
735494
427989
442023
59609
546076
562945
76450
445465
807467
547197
553138
535205
132430
552336
205821
100500
779292
267492
536881
561484
711538
775843
893100
874950
760661
284142
489034
652908
252313
320525
167799
582496
321049
26249
870767
683244
174048
123555
689526
804842
558017
901734
942654
609263
752401
569939
515388
844916
621005
657122
895609
232397
40224
927650
750649
368678
543892
621676
889617
381662
580147
980655
16301
840141
738335
242896
716953
647041
66589
772443
526904
913670
927233
791902
608861
586554
348515
72244
634930
27633
247619
113516
787839
266730
804210
825078
306276
503912
691215
300523
220168
880688
339277
431786
940535
637288
586206
962235
992172
881781
471640
868388
517792
480340
359973
770202
627575
747376
499541
572357
187712
128212
729105
28169
446149
549776
996244
44986
371058
898196
732343
192166
3439
74159
846433
485112
488366
299738
680927
305992
785090
75835
397270
503101
946661
823599
183259
61542
395644
241074
383872
318095
319980
256194
655115
894598
842610
291206
800110
547081
794931
803485
636876
809945
697749
793342
243189
933637
20844
214383
335174
56152
714325
32812
676469
878776
957737
483105
237142
619023
242422
667305
557818
869638
724807
785461
893983
637073
76006
869646
764995
104499
121117
111002
874242
587548
167372
296654
342845
608337
774360
986654
775742
303365
289810
938683
284018
542261
834583
613070
166914
42889
842535
398504
364187
362429
564572
467425
971562
117536
389595
418991
11619
473695
377206
986081
228229
737604
361367
614214
317953
696698
644579
813681
212761
377739
946801
369470
651705
952583
163077
142574
228853
682522
633181
702542
928628
195520
133044
63448
52885
270569
381994
525281
135217
900943
279238
749494
408445
97624
903275
304373
236710
418176
801871
91363
317488
147090
774053
673435
73241
916390
598984
146098
386328
498684
840895
428529
720188
109015
410931
756941
285544
29879
623185
727327
746770
10022
325387
303878
911576
902540
855807
755865
683605
318880
781385
331758
306878
500698
836595
867520
251928
370891
310583
206203
144383
649733
451341
88731
876350
742083
557020
170621
377311
445183
442222
513889
106390
304824
120716
483406
909385
829021
313293
172539
807570
474078
243587
49573
72278
654871
756631
823522
841452
986509
441884
405424
897370
976292
933100
210209
357719
242253
285339
700707
960613
90851
397915
69878
262666
191493
150577
473268
466619
110856
537033
53805
435006
142347
701286
807374
739517
837265
572543
147093
114491
53576
754254
435970
179934
680880
188028
591124
234340
768258
709182
744650
173147
31227
956882
930304
906688
390627
928127
188370
155999
947204
484337
833594
859787
387633
159128
409516
328132
752419
642207
287671
14878
336277
944407
62797
570109
353620
343311
916674
48115
651341
812591
852811
625852
641666
410363
596339
685471
947448
55216
709528
753883
701217
306561
453200
681813
596103
35220
457616
371080
248945
239497
243011
977083
325346
661916
946348
994497
19536
966273
676010
958197
68856
94392
927029
940942
72909
313833
606226
752844
69798
524045
893787
889952
117603
935929
934830
652826
962642
536032
670819
844083
642996
23481
822345
802463
976346
34222
967630
439354
108652
362253
235142
447917
545299
692608
817715
793983
443999
385785
591609
107052
857364
436979
727981
24040
959436
359365
963661
395431
919646
832385
774560
696039
752481
632306
423991
241205
576527
386657
226003
53812
399502
586887
734490
143294
662416
49856
191174
181940
926768
259649
587625
121543
149841
507331
450354
135396
808406
486721
928919
544544
654752
730569
178386
558631
825199
491504
384511
679557
424232
75943
533329
10245
949930
685084
64853
124203
313552
933289
429487
741282
644347
434170
31286
700027
24590
874273
816200
768049
725775
143684
615960
47141
910436
113030
105167
710398
682803
807825
948153
580217
215618
676
536444
268948
419443
196083
88345
431355
827575
747673
435599
730826
930857
226523
602961
269923
311615
31404
860869
728573
177000
610826
608999
885063
756970
875365
42376
206463
615746
675678
677583
984919
496118
993543
161547
276232
867191
96363
517228
653644
684978
250739
297017
727422
201355
956053
135422
357805
335238
263457
663400
661850
735064
932699
804413
126482
359657
54244
230073
244150
986396
809933
782591
400223
392155
871065
121199
406363
937459
730411
185904
837579
128282
744700
293788
455449
189490
944706
756749
782812
230065
765622
950785
620987
749402
149419
676305
716140
635769
511497
102650
917152
431536
7357
894825
306071
292991
72473
690435
509123
306681
919645
210553
428387
986124
576589
67660
233447
837968
178198
83879
100660
258466
652237
26109
493032
25779
142789
470054
914486
175162
106370
214372
573712
41532
129505
801146
819705
360579
213056
769857
775574
205475
519363
643917
8343
845928
916075
685138
783541
870791
898972
232712
892255
925140
835855
235300
691004
318212
179356
23667
946931
635805
985198
202333
582022
74559
50287
26671
550032
925844
633611
437477
450528
778885
173806
486378
690184
632215
959732
494749
915931
939364
437204
414439
885003
923768
11065
82481
600003
282853
576405
292145
609718
149892
338213
340970
750076
148975
994828
965961
505961
556380
923508
269677
311234
867141
293704
608409
607669
587083
791369
42508
252500
863039
354340
710838
277496
556780
696367
226546
564753
507930
334222
119265
688912
258444
18687
607531
59235
810738
621488
642569
773865
891192
543891
877105
219210
416018
842807
700006
214469
343324
775799
531674
420438
684460
435846
591457
190827
258165
898109
577615
566839
629438
832995
173053
690737
150754
381809
677891
852914
957775
983251
28979
697037
939835
581143
779033
634953
180707
119288
3988
774660
590259
411471
614501
622158
83352
996250
979894
656370
907802
243521
35398
931049
637755
466930
364228
706212
650049
929005
535195
966316
202339
169829
83383
241141
120050
560639
934391
319848
907846
104813
709016
993630
393378
785878
215995
631294
937410
390142
14311
793128
799144
12460
991649
878914
412056
434964
969038
326002
994656
607612
409148
656017
877057
446755
726639
267231
932471
174384
726710
311066
58528
515770
508390
723692
496299
369931
240115
318293
137069
903661
632906
148028
473169
585345
893412
575487
422013
720273
190069
877247
914773
628091
443846
920794
825803
400347
256010
662692
52966
454617
415671
711119
965731
235521
934651
875736
138876
925305
840031
687181
232437
7304
261344
573135
228793
525724
833009
864191
2671
979458
688393
32338
601759
887132
503267
461995
380111
394649
285749
825770
261500
106162
346037
991603
70717
596038
923824
27294
682079
277726
171124
715791
182403
221533
899069
469661
401686
303440
321629
487544
434
804430
17421
21243
551220
589376
256176
513461
392136
854014
932017
119758
27058
734243
349075
91403
991030
687340
570060
328294
431268
251342
929987
161539
744845
924483
678239
936948
276661
507508
789487
864124
304328
294025
498375
920259
448031
128996
406399
462940
99231
887438
64329
75577
568694
971036
317618
693526
963193
371559
990890
852459
7775
880664
655175
582318
704074
894263
731375
967063
483799
183417
437614
510831
456747
918874
19825
629295
986131
173656
718935
119483
677087
687321
892641
347233
482873
173886
173536
412145
793639
536949
347461
732789
117418
341340
536171
474457
29648
588500
670122
66200
458290
448262
225027
296330
389658
637249
677752
314053
248346
196654
537698
338590
233193
891417
864458
283925
917962
896182
923124
121578
619006
801457
126078
741228
121658
824732
646216
454155
147053
591678
873208
154759
502348
726572
836789
886931
389138
192937
762012
720545
549128
176954
489166
440463
888158
289905
103529
330883
976739
80905
922696
314357
728415
480730
38733
3691
333076
640444
968228
981768
751360
118029
755895
359897
162217
587740
719682
490900
213716
606963
752458
30669
382656
909292
942419
16567
413573
413973
949194
752603
938068
457868
373268
755987
904282
650728
350890
106738
554800
561195
969166
524511
277887
595659
534744
254715
13073
338366
874718
404453
481812
994223
794073
354811
231119
811553
530378
282996
750865
130097
785566
281051
515746
975072
779738
811545
126989
995136
13405
252320
327764
117502
362942
182493
610475
573390
989250
264056
967606
333622
908550
453195
720403
444230
485029
806898
239574
343268
590463
510375
474560
340160
354866
153947
238655
218857
420431
229794
357909
154717
547061
51194
770179
430646
79603
395357
298992
623211
919880
974481
492510
225953
231768
530755
809050
487059
258436
654944
4901
623776
741839
509456
107693
586809
875442
170042
529194
976260
649832
930634
358808
335634
199331
264508
887399
996243
677674
870627
920894
48277
608686
703115
519044
583553
453980
966232
913804
433420
340421
919573
593985
440885
460481
356386
740623
683460
785201
808941
120452
6232
16993
856197
923002
660957
115469
316538
205780
444270
819603
842757
190916
383658
419971
10638
889988
912987
302883
678343
244830
639281
601839
489481
379684
402553
24191
358974
408015
997887
836728
135026
833009
868084
562982
962033
36754
288822
192834
685614
979979
959794
618936
775620
912820
418375
689229
984828
272861
413481
520779
116254
539670
621062
977355
590154
212817
195004
21183
939022
23350
460336
27604
46728
898567
297038
792768
304904
26373
698418
507888
245090
988117
7490
928650
855868
788772
665854
914178
517674
346215
900231
120796
215031
609418
685647
86950
855481
630654
140663
669653
683483
787516
59360
852993
393882
822444
113906
396291
686404
996744
438015
116400
487460
408751
639729
867627
720592
782919
589707
154349
868446
24292
151691
686211
145771
745681
546372
554498
109056
587872
635614
76263
883392
440405
850011
341360
338904
260495
242604
383872
636093
830042
567903
781180
32030
933484
895385
81081
654584
935551
301965
533175
241089
743907
163360
650325
526431
687719
160664
905281
570003
50044
31163
55385
529276
694099
948976
181208
627924
861879
830290
156756
79884
131442
879293
326576
13985
14349
182194
520601
733974
540896
941966
455865
75748
687864
934884
580520
124536
849729
513945
893889
212694
842426
639111
831847
312422
609342
116095
858279
404551
6361
411152
510781
875560
353748
495562
373043
687338
424407
778951
915597
906756
523296
710003
836681
906332
305099
793518
663843
913250
676056
305065
382397
687134
107099
254184
318963
71174
903670
639320
361089
859699
868361
895401
188659
362325
368380
18012
70014
652105
242720
387346
666563
491455
584356
291082
512859
283311
940213
195849
125496
943430
793852
684286
196025
660100
188840
335784
11060
353784
581056
542696
865433
158171
242745
3302
983640
346606
887772
286936
675199
918096
954831
913593
22984
982014
573456
652007
420906
15686
787855
549439
445435
889095
46246
593278
821635
687297
99268
360297
848781
519812
139545
774911
573941
978624
590591
14388
472175
944959
243652
615
148509
696446
367660
753266
593086
694732
690255
994144
476718
658421
85898
904986
327242
374813
821775
590367
209417
446077
759901
300190
873475
329283
150864
42331
485320
158374
597557
502528
533208
214907
930311
602519
454424
800153
918839
387291
955549
125657
90157
895269
982047
725743
474828
243541
422270
750425
105789
759323
948809
869416
63064
54084
400033
829820
567084
111032
468998
342323
835075
319720
869944
286896
664897
468909
194355
491847
657119
772855
874919
759062
17911
210208
750667
588965
328208
149709
330651
899419
285436
750041
155179
386220
991290
615204
953623
120303
969433
20977
69405
137752
531534
921276
959999
250790
38982
83523
523713
900121
361734
865611
731257
268484
152930
316796
530606
488937
9435
516058
49711
821287
461722
496897
813222
354733
793819
739029
209043
77540
146634
130281
329954
437664
603194
558925
740344
97716
474414
343880
923083
538919
503368
286641
399299
166390
271665
357911
631621
815466
891302
226476
222943
440951
817345
487586
894580
538769
970228
546332
512939
778247
571973
121628
875951
890324
174276
784729
896300
90988
868150
761174
89375
658746
288450
995322
704602
84101
521381
397968
173597
13154
198160
14981
577796
404100
427057
295149
658564
452130
99988
738336
294541
173756
36266
175186
158436
249608
372429
181767
299956
275665
856217
648545
453905
427663
503228
124938
625210
914586
95877
713098
699398
846993
983026
545155
288477
952493
624279
650570
783061
726180
697728
597111
339179
901947
876856
335713
732342
235650
419611
966199
666676
622482
877932
987201
299591
135618
479698
487457
680593
997913
647475
910768
418403
962752
88058
830770
702283
254717
935085
812843
959977
387856
733051
414252
225663
629886
229751
776356
664297
562109
105551
895103
685089
768548
533122
729947
661673
21059
379749
885487
471245
386580
210975
453830
635231
309039
754156
666849
829061
213287
268251
2833
429278
596377
940804
256893
742388
622625
404213
535989
121827
35945
337049
687802
895744
627698
796733
365512
74112
296826
935254
615128
273694
865168
548730
212679
116202
875775
508980
795569
696866
241024
233026
404440
607150
886320
448698
959290
246432
652753
322901
514866
178954
631504
473177
617453
284348
103644
242934
227046
799984
220930
314477
780392
409044
832138
989625
145143
271539
583305
359599
574320
657783
298093
494139
674841
5725
18499
393462
218864
586034
203930
371654
441332
523544
480155
398326
173566
857094
810530
755923
395418
300992
459802
659798
286165
490530
486051
142350
373289
433876
698588
530060
162297
9358
917943
300653
39323
600607
435956
384626
581775
955195
232438
137713
227135
834941
409149
327795
608430
330706
989399
185169
984911
374538
991858
323951
664598
604392
902190
698292
562675
290166
588708
388121
102927
498996
439273
774050
599977
562485
124364
16438
776816
337182
864356
487365
439010
528876
818939
919134
363127
210111
190625
792807
430978
534985
357498
765530
515117
475578
76519
525384
754485
440453
777820
333599
450249
40350
244430
84347
99255
499861
261380
155547
350083
587182
860449
890895
957519
456681
38093
797522
662346
41437
467439
363495
192439
285664
611091
472359
230847
976099
379001
622026
243902
181408
133414
752069
664002
491505
791558
854988
586644
634486
680521
598010
664680
684674
320320
285772
411060
416024
955831
159273
635719
476865
872875
3651
608043
677125
854161
521295
90337
61153
155548
968304
593398
687445
170652
539632
221566
217276
713775
984973
758622
238592
359212
882168
611300
105587
275188
388645
844442
342559
919035
595134
291559
165438
476742
319027
696112
462239
27825
906387
593466
178312
814530
652923
698885
266828
927748
495931
280517
292200
317706
518084
23037
210970
397354
458567
401337
747003
35230
921748
890358
255739
868404
106241
614627
890608
960244
351239
289301
695757
46439
98365
872669
598254
573932
133282
218146
741040
970094
783333
80309
758621
489685
764187
623894
650100
922537
353394
692700
801641
553919
175854
24214
840423
576696
189860
971513
202000
922545
629636
412960
605019
456133
19599
263566
334721
622454
602265
942951
732100
929777
253689
384800
159885
853120
220026
66453
278926
22438
511216
912690
375492
862131
282211
78315
334231
588416
979218
535122
844693
944928
363910
856345
249155
44063
894001
50916
268750
304310
173679
925616
933163
98348
208908
94921
61268
592385
921343
343917
766797
803538
226264
374982
78610
582591
99550
381153
77977
121099
784585
368899
582962
389564
640619
613227
169726
442511
529304
738178
114423
244480
366151
306551
65263
124398
879561
897107
783279
472740
288576
214017
53158
237093
220123
831520
423491
503442
325671
11617
111877
803289
645392
898424
173504
258938
48620
987186
130421
298306
239805
71893
138197
611141
739001
913206
63211
53411
831640
592795
47524
211671
922382
682608
375045
119178
288819
364087
443873
386996
126062
5874
547682
922264
85426
138554
310930
880293
133087
959253
695468
999845
671500
169007
663859
303405
55203
195071
602592
89040
891245
983355
523722
45918
41983
160753
502030
796030
57154
509250
182192
781746
851799
65781
908705
136805
582466
120414
466582
693463
382976
865849
63771
832190
33083
135246
12756
371074
98936
705382
848909
543556
817348
653424
390115
898639
158042
998691
640667
890335
96375
708101
889018
634985
715752
575689
621374
620820
515087
482296
790622
137933
959094
54182
384559
126843
452840
69288
414173
157303
618299
118934
425323
967685
218281
809674
120389
309991
808225
467416
538307
768968
141426
388291
679433
695728
935254
809845
926669
680792
820928
891542
100540
601838
857602
976288
575929
688824
60452
882129
793906
63570
853637
17326
734807
824032
837322
517604
622766
502216
7948
28057
746766
720195
609947
933805
614423
925835
955139
319509
114907
743842
901592
686281
587122
543165
270524
900313
283241
402320
192255
219337
876445
72550
33974
55049
998914
566350
504831
840288
564254
822857
482160
902099
123361
373063
852871
21967
875649
280255
964298
773823
879310
81532
280081
233031
902950
343019
120732
626168
467923
282273
394475
672896
847033
2519
204677
36483
28143
284526
413701
565018
735651
366522
615786
861953
667602
281149
296436
679992
768798
948867
48510
622738
290373
348627
515104
647739
751299
963349
672163
230356
818549
173309
561216
797080
491871
2726
727895
241706
749919
334849
797752
288135
752304
411749
884822
143478
994361
210369
873601
5481
271193
279117
510498
249462
899553
371739
195109
150990
182773
743169
267780
889874
559276
157006
576974
769872
309490
45395
970346
998864
588038
956798
997264
214785
428108
159432
77002
816192
991839
186386
341762
757643
870476
999594
296912
734449
459216
222267
450343
301219
536786
24353
949718
542472
862125
595583
673743
541095
272149
805488
578672
26931
514076
472344
101496
558515
455890
842797
971031
416955
547514
499350
35288
958051
883681
827989
870040
338785
871115
273316
289501
735329
422717
350640
903479
42381
816382
807965
110616
705978
6711
500265
206132
419073
884694
140562
467557
193854
568401
287529
629588
504927
614965
549550
823171
564678
629495
412236
799907
954562
719713
642716
185653
47191
821495
394234
766976
682902
570692
200058
554987
981390
498731
832437
424998
938251
511296
837209
266410
198345
460012
885323
33338
708605
899568
62120
207489
426749
97480
234248
667142
444290
896227
395932
403731
91922
664910
568236
211106
558477
95267
34841
753722
705236
271202
850740
751765
377842
642732
916042
468384
121452
431315
863153
861072
424068
410303
532251
516867
294888
855872
609654
570411
40106
752231
793546
869770
544821
812842
721144
92690
250166
159023
708856
572578
103670
342035
454588
650714
357336
611252
247490
961970
863580
745976
766219
588453
429916
41770
902396
912111
847724
733280
24716
911719
79646
592723
767309
423336
253680
582971
354390
5088
894206
680694
199899
319952
972568
516841
765426
381768
294263
688720
759020
637405
215984
806943
24134
390152
741370
926313
925906
385575
68308
792210
383629
635817
29226
296380
586042
214158
114580
292678
602414
224383
995439
732320
218978
274242
784841
475455
268474
765450
720804
33913
939806
984493
857167
502367
289196
899792
894774
901756
923839
154712
932691
708255
854118
220275
131412
164422
198593
542536
804851
554411
107987
716336
387915
175670
72390
731722
735474
688848
582224
32298
589450
646693
959330
743386
964549
546328
397734
325909
520641
76708
636863
208127
643743
446384
576534
679511
212157
875159
339252
919955
580544
722346
80163
717271
705325
529964
939121
652346
193353
685949
619767
718427
488320
687368
199234
404052
888191
83145
637177
500122
826324
397199
611359
260690
381937
745645
31194
851464
906449
544499
400434
961793
223742
914520
479244
825933
26018
697412
128002
266319
201156
90171
432751
257835
907057
117278
285460
162366
521877
637405
740729
844415
337396
917886
379388
177349
82370
857121
270901
347428
652952
672816
556844
323757
438797
836681
624201
599914
373473
121828
925798
11574
669176
241798
549525
574767
1623
936843
958922
518546
550702
527553
264095
259003
640278
822197
244036
85978
688636
426502
185123
153054
91567
773839
249426
331056
998252
767195
416682
834465
444393
204678
935928
162424
904799
177213
33946
861647
876565
699585
442524
846449
193701
494896
146910
644017
482160
378467
513534
540855
69856
152058
877937
318171
407890
109670
555980
261750
687186
911935
453541
985682
164283
258550
30686
989008
56499
682283
29690
81957
282249
651539
279081
768637
738195
11376
949878
476853
857195
752352
394067
470445
469889
932899
73184
203079
140576
692055
198424
515644
938646
639536
589303
83333
758714
750650
608497
629075
310533
248964
253602
214080
846288
540014
721803
417383
982944
813617
456213
675868
560399
147526
565672
541638
225493
903776
411976
250502
822808
48301
628147
318237
468557
869964
669940
200543
800559
762177
839798
639757
329810
115436
788812
123333
509413
440025
202852
590410
417032
764158
253969
156640
459773
407688
361799
513784
189761
685198
527022
799451
871464
297933
518629
408864
690739
4139
440524
75948
687541
548387
796808
952485
491779
145943
951886
139069
164917
231241
183830
406206
487456
41754
649887
338091
215490
472351
92991
522599
4551
358341
441736
207460
916811
17156
483354
14529
783775
835686
705692
700916
970908
96757
668801
345744
164134
928784
509454
394754
907527
871791
393516
4779
436989
336719
972355
373316
487750
919847
789616
76471
185611
761456
639157
471418
76776
992161
45444
964314
52656
681014
916360
501132
684815
228047
413489
705026
829884
31348
353823
815732
797582
61604
506709
339413
605151
431814
84239
950759
16835
879911
956201
426951
921478
363825
354425
340496
657479
555896
41811
202213
680216
338692
355356
601018
678732
888343
987740
868359
299191
939783
85203
959542
667428
64621
508799
233404
794815
459543
624557
439124
412826
959720
686707
36260
738489
142738
471972
722870
426573
407460
112736
467364
369787
475604
299998
523092
981351
130333
267316
917671
795425
796878
375220
942196
109088
933730
311098
302557
227104
17927
339049
308647
331461
105797
819456
271845
862793
209989
668537
516097
91877
72406
209467
698156
295078
383700
576175
352614
407142
323930
825162
593512
919116
908033
507989
162961
731068
149771
126345
756923
791919
879639
98179
357882
127289
212179
100211
91022
160742
911638
23212
51430
301591
727677
406154
228207
2043
964354
51335
938854
960960
348979
406943
142192
687514
155046
431486
282918
897497
317858
539607
568964
141093
290474
585018
456246
221604
786782
448700
849469
310554
454474
998714
691273
151422
794578
845829
333057
50506
359828
856626
932445
144301
165414
377635
367625
537860
462257
747125
926894
823254
920216
555364
481383
888157
41817
356880
265858
712322
59685
335134
957299
572385
36586
17977
863350
449902
322221
768743
322371
770943
20244
581839
277123
259652
294058
38610
941410
516263
68813
453100
959651
211896
813584
719582
731136
380109
785722
583025
360666
830422
783437
655730
972391
518707
370303
498076
224614
954143
975722
512515
903265
227768
211318
380319
322761
215442
486949
768112
272423
447319
706591
526790
869132
675923
114596
124165
405373
417611
443709
529295
196592
86222
280610
586198
307009
675470
918054
472586
857989
837924
737652
885559
739601
689457
693277
813552
120223
366045
741513
88608
880810
88677
940093
927133
622614
589218
271408
541908
894421
950155
979671
339224
489215
654053
638079
664714
972247
133508
594217
266849
512750
251390
916821
240473
912306
128350
439312
228784
154774
822508
5116
578560
624336
625437
627360
238800
75273
39005
876120
26022
752153
597485
715634
412351
560921
679124
484342
361574
64411
680690
903965
839928
57872
715185
330635
476251
654447
606320
950231
834479
456672
518052
279977
95507
789743
266351
511946
957478
921679
866519
670529
377933
246985
906697
918397
857839
337929
404441
531110
337859
303453
748609
151696
499688
260610
292666
974187
57371
181563
686510
299851
581204
740973
143728
337061
541758
526190
837313
480945
519737
30402
597214
727213
770322
101473
979535
919863
410928
243031
885796
895175
731329
259878
490132
357462
175466
268742
346668
577380
109616
522182
181431
332999
20492
614980
849890
162092
631494
748767
484882
388993
103537
131975
964420
847285
423790
282589
653477
432027
108448
818791
616799
974821
233809
567893
954754
564539
15673
452906
417382
295320
177302
747517
271771
525784
709168
131529
512398
170330
659574
600259
752769
520753
68052
465464
891004
473239
82342
382594
269516
725649
164996
405275
553850
391962
488174
254160
315583
43418
254687
790427
819596
112023
881062
211297
153830
642289
21064
430154
940577
6080
417620
864146
206814
468594
395082
22745
405793
118032
536032
480576
941802
763875
449487
510172
261635
100469
919517
643102
466948
24783
835625
87911
683040
645131
848843
733454
18463
966638
978463
740709
249704
711309
259961
649606
911404
303667
68116
688719
760860
612470
22888
173120
440766
188016
687440
612136
292301
307491
236285
471319
204474
406283
434347
88900
22315
884618
741181
583890
724453
598520
705651
421218
771315
405576
557601
238276
293787
10631
884338
833484
626461
653807
712784
379693
955575
367652
302006
52444
71825
828441
210909
490465
535145
598227
977607
409617
183132
507158
673797
549828
448136
837040
931490
939332
44027
473443
608084
117180
450189
728898
139160
689859
685445
540886
770220
467012
718410
484711
62814
475739
69087
455821
935266
709880
434149
718785
353432
650479
873458
258073
387099
572471
156405
803284
675594
341796
583092
185707
563008
893792
265298
866301
879830
805136
882374
785660
890714
630492
700187
505298
884196
447763
885804
701344
787084
721404
110949
730458
376929
880069
653253
309595
49531
910511
513371
305065
362650
812039
665500
37381
435963
929183
134250
541583
242975
147936
417278
727663
909727
567506
685823
875364
189867
209354
9352
786486
393739
736436
330886
233600
537606
59430
929508
164647
56415
49425
562456
208724
81648
251224
651337
136236
784266
695325
752661
527955
913581
459645
858237
459325
812350
264380
222343
150901
967690
182311
718126
29613
655046
115262
740239
929738
115157
962110
642976
667620
520113
274494
37326
649048
263747
300592
750801
951324
166129
756959
447256
566822
874928
58167
302543
187950
877764
29931
409749
56210
988346
138161
76961
235318
540352
760729
470507
37560
113272
806692
652513
326932
157108
517747
376172
885819
377991
120870
215857
225923
353838
390312
698188
942918
927922
756201
688135
410718
630789
53813
332846
345746
698868
685377
398105
121707
966025
878160
773831
277673
704727
140985
838167
716579
217432
230153
130135
899112
369844
862580
782180
748241
952300
442557
390470
572215
676492
790228
76188
138005
242961
31686
378860
471077
957771
77468
962255
518803
672060
697039
739152
701643
109268
839513
218939
331348
411624
166472
708010
663650
314508
691384
497327
506206
454871
750140
321057
82906
942079
320192
506997
180570
276650
600674
585316
266506
61700
948290
422893
248029
799489
505179
838313
805875
620222
416565
834667
13663
365570
147315
377396
104871
69721
137568
4901
931039
236532
639283
607730
719694
826657
308146
765520
838564
486261
560295
612853
113524
723531
605008
734976
998387
637764
271573
894283
778149
26000
565274
72873
916970
178055
771895
355756
953723
812029
531946
369907
498357
919579
493899
497013
126445
475483
86401
443803
360815
73866
406129
910248
782371
49682
82949
9319
221188
33809
895876
790721
499456
450116
198376
220238
93647
115141
527278
350679
760754
207505
193985
548880
514819
301594
682543
552731
534815
228874
276460
925263
351384
970271
279918
801876
333242
824078
694138
330214
702069
956811
681381
677261
441719
319450
217556
928280
386675
670386
644468
30246
823042
779735
733448
55165
953307
22131
699814
861730
241066
776085
996428
459871
604536
687532
433889
741559
76473
129389
481734
190685
690401
988118
816005
266438
676062
578326
313732
636952
312490
448142
898448
609056
887721
37148
344641
917440
167110
888472
939027
399888
120063
336387
929703
145817
511779
536758
163722
647782
781981
817667
803403
140577
540180
302697
878732
373509
143741
694866
425713
596050
686359
794105
91236
12647
609266
325620
660750
21856
16047
635588
532545
636786
518485
877875
275729
612963
218179
520727
891042
955894
600077
22722
467858
369842
979378
684611
575959
829799
646378
879375
703802
141554
294840
218586
182723
979543
928507
726046
821580
398248
897401
188753
886784
101485
106896
264144
449785
45817
741667
497496
280873
467661
996485
334357
155333
974002
498723
558902
889888
263426
505371
954178
369618
440993
713059
579544
138234
314791
321951
412351
424314
556417
350411
998292
232131
680350
798233
253109
92720
59865
786722
464699
660103
814612
532501
865132
515609
591656
115830
582896
292374
52298
935359
642030
988231
387824
938508
919546
656052
39460
840688
981544
199975
850688
160105
843797
804406
313134
734483
459774
948540
287850
282336
328745
589048
32522
399939
836972
102667
271011
529850
841949
497287
875710
204953
845821
689203
754659
730318
956108
377602
10812
923300
746673
808415
601452
969600
95407
658580
914229
207343
384140
343183
267148
133557
929251
319091
150224
989594
511207
290940
743663
385946
162366
954486
235799
349680
894877
737982
365046
67285
380609
499506
845827
202541
366150
388758
121295
394035
978952
820999
963615
726112
688270
540340
552970
747361
781189
319455
213141
135633
98341
67503
29884
322482
180638
789642
455427
792624
321262
877719
478361
687013
279497
401625
402189
136659
331689
132544
910942
969430
590159
427116
398629
871317
565715
362574
965544
809677
719276
449353
120376
74023
89690
330626
239301
751869
749878
807008
402686
627926
795850
449791
790974
316436
22494
173042
936569
609242
211430
58332
788425
806941
107084
221659
624912
399130
397343
634801
237815
668497
515113
960064
855872
242679
427224
148111
814905
282026
431368
163220
351386
259280
379016
223262
125235
262246
412386
604092
183392
187403
455116
440303
234156
973181
763129
908060
848215
267256
152329
498490
554895
433207
891197
477556
32786
632112
35765
785091
745939
982038
444957
684117
280662
370366
495348
33208
490908
176771
349147
357835
811338
275378
797518
809780
982745
765909
897676
242183
764461
499804
869882
291119
69948
924220
209724
529935
597969
23921
552878
17812
103288
950120
512055
448117
505584
16244
243324
563605
465882
988227
679914
234631
322826
884125
746606
301230
771517
902476
368764
781543
946074
754680
419934
50956
923988
630902
476886
623771
990617
430597
406967
369117
270619
942921
259317
426453
927873
749281
669307
58816
732343
622560
469217
818137
667594
474311
579483
732997
346490
380584
316851
253329
905184
281488
970253
747108
65391
985736
758326
941401
229729
409227
562291
722993
831043
130526
391834
810095
936363
643708
14948
174514
494711
156117
415302
911390
712672
505147
608964
655298
769808
646334
537466
379463
169298
253308
598764
386533
335445
529520
29692
819876
956598
99692
481170
251750
655142
568191
426684
763413
200136
167293
991888
523154
348824
992457
394010
445525
854036
881734
516944
270303
487822
652553
824713
407397
401362
819452
460818
582090
501360
749392
172017
252528
173692
77934
622530
598647
621057
871820
798469
206908
484590
218578
241386
398296
706540
789093
824342
386869
99869
316439
539402
800876
842306
208675
685973
60954
371787
383696
742588
289945
411809
1409
537051
402859
430385
901945
389567
537417
292073
294526
609051
121366
799531
522143
866824
183647
587390
684260
769300
500162
698206
486136
479549
602151
555359
589192
337909
210797
311191
697074
181092
880381
642029
202564
904992
490944
854562
804244
882958
530695
151538
885620
360284
389506
98663
674843
987678
761054
830711
308847
138018
913008
622041
48832
380874
463869
716875
435101
434162
422996
918635
841696
999312
310065
169798
381153
358359
695160
844844
117899
272329
19455
956293
695790
638850
507197
596010
661173
996195
898358
424584
871524
282912
785409
704460
416320
949971
226861
199899
294187
617708
462946
344164
214967
886268
630060
644786
193445
468494
758857
248547
337196
22350
858871
559019
282918
526981
268471
923961
412201
672006
18505
586385
22027
590299
456707
140382
692341
679472
498276
359333
402313
188515
326161
114038
674795
496086
601639
160935
496027
692504
586467
890354
323637
484562
460655
33599
555847
193765
195941
534874
47942
448636
514813
305148
959175
662332
283848
233360
596700
207675
346805
267956
558371
949391
815780
987549
22086
305188
158400
229003
54391
281600
108772
722038
438788
768404
269955
575205
163223
277786
58811
107914
382283
455667
577446
995972
646873
676728
756263
337193
856654
370859
502771
912991
704010
956541
872253
1671
671647
893443
99693
220162
831644
247346
527643
338720
765491
238554
186577
247158
729085
961083
477011
403350
566107
88450
475800
886252
832505
898970
628177
874435
389729
441450
654277
144090
511872
184220
402399
414318
917237
317423
234419
927580
823066
435044
407468
535914
628219
144163
475190
824433
409138
233638
211732
857610
444846
475195
806551
764219
249312
122685
681294
47463
828342
393458
199101
790690
467792
139710
519423
581160
879669
439413
558600
729294
754024
778226
512826
378661
560136
825946
19388
95203
751637
58798
117791
703843
662015
202819
364985
327592
266549
304838
676602
892275
60189
796088
67825
258584
670059
547512
624473
207573
341812
960920
487321
672092
92518
238055
965387
624210
838288
368741
258444
288191
619559
317650
914438
624930
745912
772671
728543
563208
769850
814537
512964
174059
85611
740215
607957
244277
650355
842644
868381
217412
975844
441372
578119
820984
484490
915472
633962
646594
506342
143373
72412
172911
125712
30435
348931
951885
724014
794977
398963
600336
132191
628964
864654
962913
211339
85977
791146
445798
100109
843550
342759
18532
385279
510057
304184
205877
873655
827106
392101
38207
823655
927653
134157
309364
478170
384832
389399
547695
818923
625903
844324
200821
414677
765268
987336
577096
983007
252362
782878
341794
745196
127849
974125
708611
239158
127151
64261
734801
210542
594038
861609
187084
535418
850600
390949
462822
908485
830239
387835
389856
941809
787583
121305
176893
907857
698038
627076
896814
946434
489305
118027
344482
805878
58931
774437
191727
660769
286694
308788
56320
779999
80419
272722
374905
948928
572130
934946
524160
223998
331068
611331
990651
298628
883036
936984
970094
746490
224234
568024
858720
641255
375921
873472
960127
13116
514529
292860
212505
361083
820076
547321
860980
847253
544707
707610
755284
555422
531630
789232
253698
899291
915298
341918
78829
318757
5738
211326
928345
947142
446036
18870
707781
346341
910626
65213
514532
20581
936261
789311
611380
581444
157960
199512
8222
628233
105180
843534
950289
641579
505483
600710
855568
848078
830215
432781
592597
334764
560578
490235
401477
157715
675128
489272
411310
485250
853571
121903
593339
341603
604551
815038
541079
126317
702591
792392
678923
313994
809623
316478
981373
452553
692452
701404
484875
85390
93034
373113
152033
38625
670773
783149
730156
330103
8537
479814
563191
762940
683521
152917
36873
857250
67730
160513
610470
896565
861131
225161
566130
711181
122941
863430
846832
707643
994342
102943
159633
93419
176941
760929
319088
459985
812985
308792
810178
967527
119617
287956
472529
71882
1836
996347
504872
349043
556883
230273
912303
122376
321770
429188
924363
709659
746104
180482
642366
9067
484922
782432
369293
919749
88695
841985
936600
253876
603255
981343
236997
70760
833802
302993
963157
45912
409500
985243
857769
501368
78595
801795
482768
89534
193836
90461
389483
551300
898176
951444
372710
164311
493725
491683
901278
900496
634641
147236
537978
406294
610419
312716
2018
904551
240416
888723
44774
884971
584951
976926
187133
353735
567035
262877
555306
27361
742705
372144
900398
931838
830494
616922
934854
772488
480800
939382
597484
32
557927
141664
100961
434630
357281
622616
615288
837491
817092
926824
577725
824533
370718
724374
682215
619152
931614
150093
182980
548190
292628
751261
123437
964033
149293
157721
5829
603250
638985
762269
218087
44537
47128
264381
156744
612731
922317
195844
191547
598200
540075
973810
261267
408069
696824
579470
357681
136214
66957
88898
94756
944202
298958
592359
847981
359212
91009
135085
495123
375334
973899
174249
408070
634340
69673
752368
202140
909214
888628
793010
278059
697114
473332
914090
665102
898485
354769
122040
245798
939603
459087
424592
118573
699813
322174
903349
346351
797515
595925
377653
282396
327352
887089
226372
316953
892479
552554
175305
565438
919995
677430
629862
788594
570266
864160
711446
954882
866545
977336
923991
728505
372755
765915
780602
997206
784136
758924
394218
934639
167443
282752
443748
661662
748018
722325
674327
339874
86619
274788
134410
67183
113353
582227
631359
408448
717507
188162
86366
191142
62103
77896
521237
344629
473651
274544
700917
247982
864705
136629
964419
547823
281695
871810
358682
832255
892986
643263
49162
488180
130544
490993
568963
990250
884661
689467
845161
815849
748772
273612
41095
357443
564428
382698
877829
916017
114358
113911
953662
424386
328333
355908
897776
677104
639278
337308
188988
879211
830706
10467
82782
308070
233787
207894
342693
148967
751183
48028
86742
996805
473626
587161
361800
120595
743628
891273
513857
415043
213484
598074
887275
970615
946288
191695
462821
683352
882955
71371
337330
246788
715382
253122
770121
692357
777792
913223
729776
26846
55631
230939
505796
858963
800694
899021
791427
666797
802381
314497
114369
870779
312099
507190
682004
393468
436664
541153
97483
981302
128135
795614
631099
667957
69140
812672
227097
957694
481685
734849
89922
669535
993020
906168
165071
561152
317825
824707
119466
773558
420472
238949
109738
98185
659962
625764
368309
757777
467360
794372
516454
487546
128297
854500
645322
872145
560098
854441
258324
826442
989558
822069
965254
699837
599090
141938
160796
330626
165347
134318
27364
342960
558150
294403
649907
814236
268289
612698
112338
800992
480932
463452
749380
937589
942434
514131
505257
375840
97520
281743
375819
945684
425605
676713
882499
982840
305111
364500
988338
30699
180190
789443
730327
654688
37313
312525
22709
924096
166559
213400
773721
669873
551953
129238
706231
715660
531292
331247
737555
656337
111477
340729
391189
24145
233836
163910
544550
787370
656244
532686
959502
432060
259200
208763
896344
741499
238058
188665
3652
733178
994136
368517
300074
799708
987274
28827
987763
524775
313920
898357
430625
806701
877957
895839
867505
588796
727538
498310
682974
607773
249571
677285
352487
829119
427594
899162
900510
183374
543812
567223
626465
95523
768067
351689
958377
580051
742292
878348
189172
60879
874941
824078
967779
640421
821535
828178
336337
704275
890326
125040
844450
517185
651861
583982
605387
471096
62879
151958
598094
55787
951229
261589
604504
674007
497029
980867
67759
235736
790542
829341
193270
824504
21398
75461
923695
667063
329682
195985
345749
870648
118390
105615
600658
227288
530825
30965
508767
119590
775437
683558
180460
624909
610658
89930
256504
718912
553825
193420
689001
671633
70398
963727
145055
771941
7172
897111
209297
18146
98234
273056
481184
578565
148644
488526
547412
471331
153424
427114
76915
709605
381934
644197
104971
665947
875498
223657
350197
72662
314876
791270
392690
445303
831513
755726
398253
509775
306826
34635
237001
853174
601670
913782
621266
564080
417689
345746
407281
658861
794216
171285
890324
926475
101370
392568
670320
2734
610029
179281
813441
45017
566245
892388
785902
25375
217560
67704
291048
678655
367122
355197
54303
68319
887909
299242
198331
737076
423971
601556
254750
797350
894237
593162
350374
993866
190989
398806
640363
326680
865583
756366
656121
974802
665882
176103
922475
242227
835014
996052
447170
546438
190967
282562
741538
603498
132855
874188
367309
329723
248321
79891
304843
888280
155701
330695
678897
113866
815388
545502
865330
861919
827339
603331
785636
182978
30994
259690
771645
330734
450121
288470
536093
960917
19053
932718
692576
977613
703422
642839
977358
396587
522576
498358
466518
182609
882952
727325
549186
483707
975697
120004
298753
883267
167549
565931
83892
258467
422657
245501
365716
905702
21849
196664
234869
941888
909787
748534
861865
505677
610677
536958
597563
260368
686859
555007
536552
609530
60491
917094
61061
490367
849887
503964
196830
423964
806517
469822
361490
964125
549342
403750
795931
911612
859751
758390
857350
147372
130804
277226
119506
594381
761572
277857
493481
518205
282658
687477
333017
87868
869485
513805
101433
808149
629091
57980
118098
580598
154191
715059
347526
478652
1758
710030
731283
559125
182274
566117
504803
917638
63116
383585
711370
352103
136848
501957
71591
40697
551833
433976
655768
612299
201963
351547
735232
175245
654449
360203
300114
838007
139524
120811
84953
156816
343053
818054
52253
361745
652968
937212
306668
759064
726959
61904
401544
74931
358659
842335
874704
418804
262588
347647
249022
461797
337919
685336
575855
529987
859035
988379
579669
740765
137081
429231
522445
36392
290982
975538
115790
448059
49418
727490
590790
740652
279949
182808
592168
813623
593658
9345
692687
522056
500013
730357
84709
949720
368242
780965
234063
217241
141900
36310
769059
801899
618955
644510
731736
800216
404982
55630
832572
897278
825663
212519
82080
243391
16835
810323
81654
705964
839272
271391
888954
930094
553633
914786
479354
725923
587305
824850
734588
370898
289516
879332
206759
347320
68018
734884
890141
564286
363548
183631
617783
132360
776087
284527
60571
534777
366110
321948
556965
144469
871411
77389
96258
191775
239229
466351
913854
917809
403243
567727
911952
932202
899650
101053
14298
389438
981625
570228
581234
801691
202327
931972
719864
732224
306155
556693
12470
560616
941757
459488
80618
54005
341756
610334
69305
327722
747671
916940
361765
748973
340166
505670
490466
643892
463183
730292
699681
81682
381240
934759
838324
535713
861684
416563
862396
391623
56127
537272
54109
863657
197654
372047
988490
943584
642031
399851
565749
672936
487823
604095
220162
493731
327126
319517
100003
110578
940721
879628
230340
842110
765979
775387
705537
841405
712306
588610
109029
304855
994086
93296
928951
966907
827193
756016
568303
583140
365474
392249
252229
954195
707323
779856
243330
974591
270074
374593
920991
40151
653349
812147
404050
434141
974535
609301
383944
348614
806088
464670
748651
758121
365287
379858
189202
588101
465235
926149
343138
800140
661199
76292
581167
302688
863066
416725
868186
820696
25574
435590
460877
644489
916860
515203
807131
168527
261902
934395
267884
372591
794881
899677
363902
101264
184113
185082
526994
950098
34463
148696
421202
268984
893654
317337
686812
307209
748850
715493
65178
785037
386906
201220
627240
672295
992998
709910
104848
750391
125984
15578
320124
417230
91915
391780
157602
750163
557066
158599
693349
233729
899156
102467
727077
913499
879899
420451
789520
847290
362630
115361
118394
921418
361820
985586
265173
363863
604488
652739
242578
566301
222410
1540
247727
719613
202278
498668
724030
924084
605065
339845
999673
649540
92950
125348
16528
661214
592964
264313
616481
181576
398535
56161
592144
235793
395660
263855
577720
31162
238439
873782
370991
342946
774969
55465
453668
943081
827053
703038
356341
507308
393616
583359
989326
251222
161558
964322
872607
291325
902453
435457
203043
812404
543996
385483
162510
9658
364431
530719
728146
427175
717614
414594
833318
876514
133411
619617
673620
624908
456566
1672
647400
547850
703279
936843
803760
76902
651712
874196
419043
214522
910562
206192
2838
334625
39545
652265
942323
111232
263512
613953
546294
700263
547740
80120
371531
900749
35682
269867
163575
773413
322453
246347
348009
421516
424415
813518
60164
538653
535440
89775
188378
434149
925870
673864
996558
343971
447353
270807
134002
872756
347268
982918
856500
664777
417664
17798
731167
474031
188028
156944
506782
476863
928113
623702
509310
905041
670430
729558
162518
726334
391356
246207
601736
461559
160157
719707
912424
963476
726769
66552
44289
520769
145545
231056
291423
211792
411249
463939
121589
932145
913258
499529
922329
206358
646259
676058
393348
893682
223124
815195
350742
70444
874828
152016
444740
804260
863566
248936
975935
45087
208956
458820
214841
807106
381006
593584
974589
933428
474162
344368
336533
793711
112260
66753
178324
267731
69967
74250
327390
347752
384053
905552
685359
789995
151102
866408
358288
348485
832038
337375
694988
393425
50884
993319
9297
560671
428280
602223
541415
663034
354276
796318
775393
853247
180230
214425
492999
518990
889137
151578
458886
112145
164720
254215
911290
957644
452402
742308
694517
404596
55758
103276
767835
435048
593473
736652
880019
512793
652566
25990
524436
156415
800086
114284
893125
457882
982327
99096
940284
947625
780964
275188
210810
748679
700207
512579
548412
729528
235916
505539
571042
591100
415761
75360
862173
38058
317283
348231
251484
202847
77526
151789
634075
383858
257000
660793
390402
583338
289043
655230
785132
164836
31452
259918
95576
693015
230543
407023
527704
999466
720137
900092
303831
614515
395144
871418
10670
764765
503173
736202
853546
774958
717201
677366
660755
817733
668735
803611
317337
622609
303804
581986
432627
793
307832
892654
789909
578279
564182
379981
303986
254446
309747
55471
453777
635447
785271
38043
424064
233309
955219
816944
21838
750809
975984
663382
313309
874850
831955
968906
293879
789237
427703
380800
227962
726682
852487
3201
231136
11319
269435
441847
933978
987905
700082
125990
687922
439175
967625
253733
870001
435507
524410
793580
111737
381325
196852
460728
310834
330167
21672
221265
238289
947487
454953
383576
733817
770103
224168
520848
730864
804877
830186
216334
473200
757722
496852
145224
216061
903778
628368
112150
519231
590999
233124
341030
530052
849651
437910
82029
24389
160978
916507
227527
781610
620635
913634
41863
784265
448481
377197
924894
482260
474974
6289
261873
855130
728387
378469
956038
823532
388245
947796
599435
385615
524332
274822
35285
443084
329313
139073
734921
954112
78379
96296
909678
649318
773930
887889
669194
188559
669436
955987
674668
189363
290426
643488
387054
704714
520333
690388
548176
293956
805837
358350
211131
374657
497142
74199
471713
34315
163266
909039
312398
864006
753237
234726
333861
800431
829696
968511
779481
86131
32926
92538
927945
593063
257448
834024
409296
778236
273717
893274
356437
137258
284454
753933
82410
648548
159118
894998
23017
96501
915777
171381
961485
56966
474091
514670
307244
362082
769914
667676
141356
793753
806080
482587
48390
450402
717939
742341
968548
429623
3408
719944
113404
778068
880021
208527
61822
10073
556627
6541
816012
603866
3525
349880
28661
274756
972054
923545
802134
609917
396268
416345
546785
319562
394325
556514
243101
208964
47205
507096
389481
671131
799524
924768
219554
992986
880868
73367
719233
721091
991619
827440
640769
663402
589308
169073
366721
531958
992081
571664
695816
152426
586923
968846
415577
154487
247016
174039
459716
231545
49451
586395
702404
368307
772621
804994
877867
156906
589598
280792
378297
650122
167772
180782
780031
192967
727949
774857
301615
313375
35727
762957
774447
81065
555513
910265
557161
708067
338041
574319
558132
687631
332420
700949
713102
784384
305017
344451
407177
426417
145111
741904
645850
593647
877299
314393
453049
536100
88692
347987
884081
285217
321289
760053
19937
757763
211866
854355
665677
125095
224077
300765
807768
385963
5537
441505
352174
840882
125104
756246
718770
483358
231080
982983
892155
1016
443274
708672
115134
378230
493891
656424
780669
271198
291057
305076
781545
675435
828353
454992
847997
397045
491009
401488
954284
603171
286023
429823
208798
258387
31049
778535
796444
882971
809236
802115
1282
747747
330196
997929
769840
661924
575386
626113
452112
952404
783767
262252
839160
511818
579964
193931
846883
366514
662963
72421
776965
932570
680556
906982
4636
491166
427587
168183
712714
262726
936050
491946
614263
178909
847427
354529
404928
686852
600210
607829
275806
134356
433429
625161
760089
16132
121986
91315
657370
136086
436550
936053
675442
325407
400136
941287
460049
847660
184308
714487
321074
977350
703795
288700
774497
150467
22353
989646
232945
537586
166860
856913
735148
988074
421912
257479
883258
427020
639930
853330
144933
208732
832822
672177
202960
557594
571921
874040
942738
903268
288270
132229
165491
996118
190509
61819
928043
902712
973301
30351
553663
476779
327811
694567
487848
914985
797597
902807
2242
778585
492678
247723
651945
907468
471362
669338
808507
88144
33555
511830
75568
359024
99267
916568
376580
524746
534026
569387
184585
12771
728436
481326
717359
708926
568847
2748
857101
552701
718236
465164
316297
730853
755190
865790
240957
262612
384363
775613
249716
291313
990307
316954
718105
502858
79924
137017
535624
522326
80042
594667
800561
788048
707678
560598
465494
556835
494506
836350
910380
569061
137485
633443
694475
925215
43512
827404
403235
972855
686233
435815
182668
894281
19322
539682
290444
445929
523840
655486
9752
251068
814277
265286
172154
366016
44795
372726
699716
349081
412632
276606
778681
4745
814784
383327
366898
658295
756413
670655
638900
911101
227391
532726
907089
572249
330110
713462
488208
622433
581103
40969
484747
418427
815753
317327
91066
126779
561280
59521
701514
901495
574004
225512
483685
228069
833570
547262
431699
169853
526942
292663
58593
955738
921201
663168
119288
329337
514183
965991
428185
361250
562632
224754
420978
330513
656034
215151
668138
841515
932969
14247
90038
250714
552174
861062
963686
161518
433623
419422
902677
365602
238646
412037
100732
895176
95271
179544
448726
728498
73558
916641
899635
585564
110108
214222
591099
324824
494316
119677
968756
681678
491688
789530
365942
728177
647156
706685
658067
343280
376694
615233
417594
30248
4620
484346
589502
81865
910523
309277
725862
155869
883605
481272
668275
375251
577060
270008
323686
753851
143785
248137
658135
3438
300113
387030
469128
137651
383071
622985
496723
535536
221999
84006
879881
164468
837813
986915
860511
292908
492021
378078
732211
164172
699667
985111
91697
315355
794524
292705
951781
377308
739356
537446
727004
497165
247683
393766
626971
335246
196213
216635
313616
416808
16641
344315
662727
314080
220734
385360
776665
684445
615994
289742
26848
336138
444743
542045
55245
587330
407950
473759
575012
139158
397699
155566
766534
522235
258957
222213
414258
611538
767725
296790
744586
28906
704917
417626
315413
863228
874825
507687
897326
147407
501622
88835
170924
416564
312997
930562
605800
778316
402431
518084
600278
972641
966656
430201
977436
214051
267239
956359
408988
273953
116250
808888
218179
864037
264543
847173
52381
889475
564162
817615
191004
170432
817932
831740
869663
855060
136307
220690
38028
649290
744147
741103
996984
112720
560467
927248
946508
364407
227395
796640
836550
853711
979069
56802
75696
5549
453764
547112
31257
407271
240551
323928
229591
534765
302501
186547
275707
564886
225700
124262
694556
383832
405373
390737
374319
964798
304434
374658
308109
662292
292183
958143
722569
117648
356681
287855
576639
554355
294091
223423
123431
602228
997153
159523
105911
417237
322021
516058
375868
549082
552900
723930
155185
496995
588526
680487
256484
104599
969091
703441
66471
455091
353431
232586
521860
909046
237093
67353
952225
705493
425227
108967
269582
220539
857827
284938
163875
668353
990000
43408
597673
502162
761659
146967
239212
455152
102973
482925
431326
854246
85465
497582
110215
718550
255061
246235
502012
499884
284707
807506
861296
660211
56601
139426
121280
129625
893854
33604
635615
707403
952532
585245
458241
390015
544187
641344
612241
339365
898047
466105
676800
357494
468015
978985
914668
499855
690725
859802
672975
825251
885014
161799
38508
814563
604372
378392
641667
836611
547168
159367
841040
618045
504841
211571
35316
110140
90126
784665
485656
349513
815759
228068
64902
761279
54514
501986
503770
158462
404360
873125
78728
796591
319764
384232
438956
58488
606188
710800
185231
928409
92994
640813
475986
336878
764095
350459
455160
397120
333459
961458
995234
267855
577128
883582
856968
694715
11139
994330
340693
738087
605565
177973
121745
404189
904647
440696
834766
538069
800860
156831
509557
642214
464049
201978
515783
398065
1935
805739
198904
843249
160530
794772
6883
477047
651693
851459
191372
302627
140033
437732
587419
369139
520250
564220
607839
656922
168923
678515
927570
660460
425930
784240
779768
677659
81955
350023
798966
542121
500788
502456
404277
585724
806115
660075
665337
390646
853008
777392
166464
336608
785752
336231
606069
500410
402626
617530
858468
359712
676615
9732
927063
355143
652183
905131
192443
838425
567613
364810
936258
268245
479972
130832
687712
500771
285901
322199
797320
172688
909214
704796
527749
920460
792977
884917
524715
247031
715493
987131
551392
650908
729044
275415
343629
940344
395713
207119
600656
333379
567758
619841
789883
789382
785078
279319
785478
117173
227419
249866
189796
73830
548360
560827
961663
398325
670268
8415
619156
375553
192283
764410
466675
144730
888202
592987
90553
651860
756527
838856
465360
280514
961118
46058
69897
645195
719813
115749
817319
710439
541642
393256
116084
101288
191524
225391
647834
358615
91782
262556
22501
424368
892579
937299
423552
58561
253417
265917
529889
543844
448825
668207
26643
757428
261666
754226
496475
495400
826886
189511
672707
39996
663548
558022
720622
749027
153223
623210
667907
644516
175985
303905
380169
294455
632443
805423
888468
238712
826113
228050
101346
501423
132144
901548
334230
570526
251273
850341
19594
781902
52353
35073
705746
691233
880871
818462
859678
600949
997714
722570
645434
808605
529812
705052
151559
129670
166708
560610
352160
426545
581088
784894
470342
93588
215654
417602
436540
340120
34461
458047
282455
131933
971400
133528
39970
362567
593779
425307
647791
363498
9441
816846
277712
590729
736742
133809
691418
32165
625501
9270
914439
936324
696510
390109
97795
507719
742777
278632
994020
562014
32864
179256
467271
542318
350856
388469
450338
540538
361767
368256
878939
803054
627512
726215
991977
115160
559389
482188
86623
698604
537737
699446
589964
93278
706195
709408
227796
157625
308882
45292
475183
468140
215500
726660
486680
353838
888121
575689
39372
674125
503875
414519
847357
161626
565022
757118
694421
720268
291149
104937
609850
935265
783764
683664
642339
261218
58396
513176
941147
928740
330781
743225
513309
897954
189048
587431
543096
200603
996972
362015
333516
782018
754355
409281
953187
658303
801063
342781
23534
887981
933558
73349
18363
107024
37713
521312
118285
529391
334547
115904
869434
133236
490448
779950
799606
532152
534457
659638
96346
457677
247581
873393
528554
474653
635012
376107
402647
624524
101190
589642
786697
720445
119678
242616
344009
337909
163116
146953
999105
595872
892399
233869
6288
875981
63621
403566
665998
874905
310508
232569
866466
770768
918008
130909
987433
615774
236892
621439
726765
653840
625807
207181
629958
561886
947684
821948
338041
635316
312899
550403
900079
53638
75116
855920
824389
472345
942774
646427
180189
634747
694400
381801
87619
308728
899697
236366
104223
438140
904599
52207
691351
77714
985355
103857
240382
62396
603446
374809
480819
959318
830277
887012
945976
982014
154823
892637
69503
206911
828008
734478
692583
514009
722748
934167
521491
544977
871697
222063
937583
996178
843565
714716
803592
217716
228174
662604
311494
827141
643773
959024
787318
730081
90787
782547
35941
630043
248247
873947
727785
391916
241470
798036
565059
543361
76616
791641
725396
519443
163641
54697
825108
702887
386550
126662
953631
37830
485851
162715
393888
310193
973650
439173
600342
731573
418510
668138
792548
978833
324729
411186
419051
849930
509541
235065
551610
794248
622219
733565
170332
386833
409584
830437
199873
707793
760993
434785
995706
161429
682975
335334
269256
2583
800058
791050
185445
981959
375548
873558
643541
124768
718329
331416
977408
516817
446332
306255
970616
134615
816102
895
874684
846150
184453
905056
880839
108825
877687
423747
608647
200944
396500
363392
987854
997493
123640
140908
892289
486837
452999
309441
760833
901328
118312
862398
702361
179263
105910
388363
134072
437309
517505
879875
801424
547504
846514
987807
314362
538179
683568
466109
404098
384344
203105
535230
826515
668192
902200
448121
434284
950223
767048
645152
320550
811600
989132
237161
317793
831212
663950
225755
2413
202493
61643
958271
473977
598999
715504
788874
24184
896010
272674
7830
65773
302391
496551
503776
788305
431880
377205
840493
277740
14734
429732
274703
825849
868873
827874
309477
674901
691174
256864
94221
497368
313020
654623
928069
528618
507118
189340
592438
562441
3495
71919
684791
191120
461225
454489
843489
154105
835462
569031
236758
23848
314704
660930
232565
210945
152829
245478
150395
578655
844603
706517
370181
440653
401763
224770
954066
829836
665689
499908
671983
193247
291106
281110
221634
375429
868768
272746
613077
322253
229428
577671
193698
500501
915636
825563
333744
168082
181264
646505
596179
741747
815673
403834
956282
712573
844914
539378
877452
944734
970611
907537
946542
164534
107840
431234
979171
25048
388883
454774
284206
420175
233685
798582
398189
56978
686321
691939
93902
126400
72201
186248
30772
436018
340596
667613
473798
831598
925739
570183
380294
834796
739960
107971
968918
432924
621915
499995
207657
925479
327360
563251
650740
514875
686340
235957
172950
607079
25664
636395
442754
67575
808282
609532
319768
797725
116891
339395
350678
7789
708185
739955
203932
388183
828912
488882
155257
648992
88386
275773
543334
509769
179213
310712
511005
867213
192999
764256
75661
68338
270247
313094
233321
657118
703650
475669
479316
785022
764719
414468
449474
340452
837513
794542
140364
33986
834255
25941
19404
380659
597283
351543
352709
142594
280183
3475
253808
736036
833434
20753
507351
726321
22996
6321
601397
685609
821606
127284
330330
148015
376165
158219
636522
65407
394028
819674
512646
653797
877570
951944
660534
460385
387650
380891
602722
656926
643938
975400
216336
626201
492220
86366
641121
265303
439650
843495
513274
404315
71637
651400
454684
268314
424707
45339
305163
802179
271228
752691
169126
581232
447213
406852
989891
268956
629977
923991
816106
465240
355992
233952
499491
194990
809500
746364
944737
565858
828582
96188
772014
516035
35384
705160
28413
429963
717026
367242
982307
447384
189530
95673
321406
66922
616734
718406
298715
435004
725515
380930
877501
695009
904646
500474
384473
834942
193701
26748
644404
393452
147764
85423
335982
452601
228251
506480
356092
248063
69968
45960
363633
955707
276545
768512
919538
242125
449604
367962
714558
143946
436086
436152
837725
883043
557548
613534
682512
415509
284781
802282
236031
822642
267039
818100
40829
636697
614616
988099
311368
683561
652084
169182
415215
19673
735255
245032
559752
507466
144535
383069
17592
300620
870237
839553
746416
80243
773424
716240
436670
446733
75590
805893
901019
97717
660627
61153
387894
355487
127452
617174
322194
784729
755198
487224
89826
156701
317409
889389
38142
869101
124566
264961
226061
734393
44614
755871
255498
146761
185164
650125
83246
600420
231673
962619
671335
407732
997619
747855
520659
279312
454087
334762
260365
312217
742779
320644
311840
328077
367893
221055
444106
488727
908696
651507
375516
349587
993963
970158
792390
388979
602686
957265
231738
816218
198896
78732
811359
754144
889590
916354
805943
902950
995548
434715
684435
609617
671889
879792
930129
560577
704808
913981
80674
585253
553888
999924
667203
543749
970095
749274
27951
578569
568075
971357
114974
399366
608096
992567
573677
797908
694233
165246
851099
193989
893897
395635
481938
18955
335173
780869
760372
294192
641589
894272
225944
68786
437464
978541
232921
3915
532014
193474
8809
873718
480371
485862
20133
980728
530290
513549
787400
262033
462297
872249
873499
677965
470707
397740
720498
369162
603483
842215
597532
691558
133670
132500
947684
580985
455683
643433
800945
231214
609596
62279
423795
456360
202027
696097
837240
527219
171337
477805
990550
483335
649591
518737
482372
141925
789025
801336
569658
62654
363244
328917
440199
528489
130087
204179
677847
72666
566990
354403
241595
45133
421526
670793
531765
759790
284619
124404
124271
315027
325333
93846
195673
468778
225678
309924
585837
682849
813365
69455
734256
356373
536792
74625
822347
706273
937606
623073
936285
470664
853692
138205
299009
724976
651295
820104
334131
701024
318038
752753
82692
935696
279750
541868
387097
118675
739614
249358
953271
166601
782140
571818
745589
625723
832126
47355
834294
907656
137315
987260
217983
374244
304048
134613
799037
92899
266837
495847
672828
959508
957337
52424
714499
510277
174091
546289
967894
116731
994735
120905
641684
840688
953766
182385
748692
963710
38334
365557
830548
333921
166697
407050
1768
574868
297608
800622
612311
366331
363901
24730
579448
335266
293064
599233
56983
974033
398417
72408
708532
286297
856113
716062
482869
216477
264503
45117
899601
942207
651857
414238
341437
881622
418704
141316
26857
821212
189559
695753
323453
511628
189907
425283
548648
630466
857674
276416
370837
315235
357687
183896
853610
549770
839315
265316
771371
917232
590885
668257
885686
585427
187882
848315
166912
636344
157873
769669
590171
421708
57075
161304
58611
705107
650692
7662
921095
262879
775484
442285
964700
399444
703961
487833
683688
350577
149589
144691
799270
115511
112863
130473
93055
718483
438550
925619
418691
216190
875319
925474
520824
131416
180450
406536
892900
777253
304856
703052
481679
816587
896087
559592
268451
245663
316384
163315
828832
121017
671814
58163
1265
640273
438198
663361
665340
573127
588139
775349
851692
290477
658657
37940
10161
98965
139883
183422
721282
611948
169622
991362
810674
592401
3565
382263
670347
162997
610983
990688
464020
770954
985864
433024
652174
873391
296098
154793
764146
9940
347361
710389
225863
975598
844608
34388
241733
107210
732008
343046
616923
77587
73929
558899
88467
173106
156977
494855
884680
647456
948785
101705
424021
941331
268739
768238
498441
722318
666369
110087
685567
560553
309414
190982
269041
643933
72093
950503
994815
837030
601792
527561
716493
679002
55271
575267
503094
509476
646489
350774
378007
989885
866528
611301
840682
451721
252442
701223
199685
765077
109194
765209
331104
934684
914198
223501
433944
825391
534322
1371
170991
415492
490466
109613
227422
537329
561372
561796
97375
441297
198688
615285
156166
418477
429547
165337
986
935446
529057
146944
372789
37778
861014
496475
509580
816318
159661
380793
15372
217450
707767
425437
617394
476778
701578
822687
568723
79762
280988
874950
798822
818614
525826
205559
440152
924645
654327
779653
882175
952940
171608
931005
894029
987778
36665
270144
725103
646725
558513
168136
280291
975115
168046
730464
797678
259633
337926
874592
428100
411660
815447
522588
981428
995096
948510
910958
772734
967829
824417
278786
651422
375656
349347
54984
42959
141465
762518
779079
715688
479894
784343
842597
96688
745268
281925
639435
309671
916760
365700
581564
139972
165541
624663
620781
734510
619407
726488
355757
145305
882710
621414
197240
338477
704413
515990
323578
638963
245874
644602
879273
276859
382895
690424
134740
738155
247217
452391
598879
821101
287961
116855
442530
979545
281253
965092
33828
376620
161184
775553
258364
607319
105984
159879
199177
402525
332408
319239
201216
324422
819489
786677
924868
810066
267281
373030
199289
898878
200788
401024
14896
900019
82156
273586
302803
665548
312392
333652
376229
830744
7759
41088
438120
330671
865683
659308
919204
669329
856950
50764
501771
221552
926205
773078
51536
469641
469142
450601
155903
819936
992232
964663
228603
684172
928007
153394
969330
869789
879352
852029
241153
629560
161133
638967
210943
44569
39438
340413
715357
472268
718194
631136
273654
623013
149093
735652
504586
650474
799951
278757
669252
727173
852039
915777
314425
276690
703683
408030
611069
142962
344649
950834
319830
365457
506257
367513
45724
119327
302170
165632
816124
966157
434382
422416
444550
982368
306572
162683
866328
699174
445760
488926
681803
379846
687099
685093
554005
639926
414626
477450
20521
334309
841530
898516
917478
2989
485583
103639
799221
170530
471889
851108
810184
438985
112918
316765
122143
361419
431738
479927
340985
556122
177420
236762
58389
659035
337640
985315
962536
989241
129910
465750
91632
615093
759713
622473
132572
138919
75126
888757
938002
977770
234443
410438
423494
374061
474558
155553
91787
60090
177477
291827
727483
443200
575055
628511
404661
180565
8729
974870
78229
292686
818944
920633
343585
885859
527053
552798
753815
981638
588062
639005
982534
337043
108709
133497
543922
91810
226643
36896
442369
513199
885046
88648
516201
156114
723293
232275
195725
46197
908485
840027
354696
957382
688928
602073
69059
570608
909230
277990
911186
857777
298045
175925
991396
750970
584152
313257
292986
409337
444219
724195
823167
163115
377689
208110
710371
845727
705266
271639
554543
357883
374731
471677
154146
822280
247389
632918
572010
942714
216233
979418
446855
58818
104361
632367
740793
908995
146184
316907
136853
319805
38006
212088
682477
783830
789718
161370
488588
175673
736458
973231
501519
865689
848832
79164
320380
25232
321958
245281
854777
378669
47885
162997
583682
870196
729222
383725
338577
256099
712247
164793
940859
724010
381602
713885
561996
616319
525548
935354
199545
577615
293522
33166
211374
265353
818267
58703
460518
894409
155823
215717
779090
547188
151143
552218
77952
387024
619120
814882
240317
569245
141229
721904
104985
702676
447196
78611
949050
993861
860603
724443
957029
643478
509261
140446
584494
719365
60457
806352
637132
305059
254116
187267
506741
659043
876861
327863
245873
819756
490687
227837
111758
650393
171755
306396
435563
23615
551561
503669
100056
538834
925816
170031
924358
554254
149874
145224
688340
714829
586671
838201
36417
466448
565682
977487
985419
947448
33842
654007
509319
339873
437885
967252
385888
620807
826173
3192
429692
195439
210654
529992
682116
701631
587669
369818
318831
894988
190589
245775
981589
779843
672927
159759
434636
247437
978553
664750
756322
451185
436435
636941
563845
325821
285813
963119
298678
744396
771617
479908
475938
739093
379050
192727
344383
807367
135548
880981
955749
758511
546180
745683
112896
494
336628
179747
292367
519498
574248
535101
117831
35175
512235
482367
666176
266715
642419
278615
612167
719195
669401
134129
70370
183952
399469
808156
550707
518080
952566
556001
73434
470415
166283
519430
600880
475424
220203
126273
802970
155654
460263
275584
531423
789212
125001
596300
476546
130092
301800
270331
955954
231713
225805
373613
847840
947438
622112
886228
237843
257972
965722
385321
439708
69180
345291
442609
701697
97437
60079
18048
180761
666389
63283
677587
306100
270642
621346
13181
168459
713262
337126
866891
564759
842243
247028
885551
993352
801026
88626
401454
149181
484244
349914
319266
952928
363961
676688
549871
680338
513900
347992
331216
937492
464802
9744
286911
391104
343407
937531
977018
164972
579504
287728
285740
887254
733395
910408
86762
820312
994322
607519
861633
543950
907801
820339
870865
913651
459729
689922
977916
657585
469141
283138
599690
991361
799947
760176
253782
835540
816378
456975
934550
497846
901509
150331
128760
878403
365387
154152
830523
460774
778816
295780
348498
784393
660367
515473
569057
211210
340648
792077
50866
549949
440493
419927
142045
357313
494913
858287
404668
200698
291326
338695
384795
473872
571066
698914
186583
696136
593385
635615
410950
133248
669920
55602
157717
36592
817064
807586
720364
254168
223902
903411
716671
688491
239809
127540
275302
131058
250431
955915
977242
660713
74860
22092
143205
880196
629090
619236
461032
358156
460300
956760
468489
544734
938101
285270
965377
650488
762128
963663
791965
695232
861013
298808
557508
440872
251812
538542
570166
989884
223517
53719
661589
239752
826431
340501
980630
575488
696770
863113
453416
977086
200003
118985
199197
854018
109128
508461
524729
591730
846191
835305
637852
173132
148866
735421
299078
470317
795507
21317
215748
406722
799438
378208
949938
353158
761403
784376
285004
345602
383126
106407
605456
68029
77063
387218
1978
509497
3475
152033
531222
6465
487435
944380
971033
261567
26168
372108
136597
397597
112991
475149
395058
264043
976973
991555
872470
448466
368840
70618
168424
266175
702946
946785
367463
235059
834880
595505
999198
700875
623960
240785
926499
149911
897033
471382
27133
569079
459115
612757
82542
706964
231388
305508
572580
579375
379758
787064
992015
71767
679557
928063
408066
893736
235154
139593
26053
84488
209468
120001
975402
455844
954560
109047
595276
948682
962532
499690
120695
532887
266327
399076
874285
165922
50938
159597
416609
105990
63592
865484
606242
383292
575878
73777
837014
656257
636029
980010
165924
102867
877698
578160
602027
706192
208257
165407
379403
775311
335386
522828
472855
126705
503252
517171
595416
142290
155647
781751
442542
535123
192056
33579
603995
560311
503949
471033
513453
831955
673084
363455
12916
616101
703995
529706
110149
284316
229006
583902
846696
727493
258414
781831
172578
287207
679556
837970
419729
262276
30893
646832
73940
841298
521415
857284
980803
108599
167676
959133
653799
224400
506659
910421
689612
814981
433533
845881
33442
763467
320829
448485
708781
281690
487210
654976
84485
506664
777699
70178
517677
135696
434695
257789
972003
987129
513127
527068
906778
428020
638682
222052
792353
947037
358537
45494
642303
86885
629342
352484
722717
200799
948177
313636
981924
920795
3516
765772
188415
653445
888962
100034
345544
813538
374326
96499
121025
870896
83930
502629
781060
494936
125778
621413
858968
455721
177398
705060
975467
367423
970338
400080
841314
294394
665208
480730
119927
942776
493307
891351
70242
526839
15087
105747
351369
389685
867671
274935
255225
320342
853640
518563
869896
195007
382526
334398
260824
313627
628697
335909
468163
182456
191899
335715
546590
392725
602414
720468
158916
289885
794926
192229
810927
841638
672021
165
703164
89542
462709
231769
565431
713257
465050
470686
239067
659222
955811
491569
861120
363672
459310
292860
437727
543162
113533
937811
407264
18327
752372
436952
196571
569179
65313
330303
356180
551920
949552
75602
25027
567364
630879
490994
693867
57606
515857
474975
421711
503818
182308
253358
278282
261777
649834
954267
551102
177925
338431
5672
489660
253813
683725
904777
139341
128741
906883
927717
455773
371095
646099
176311
868719
75835
811190
719033
991964
299016
985473
466774
450109
221452
55669
949534
998987
61981
319613
300908
939999
616732
92331
774795
645933
725989
917521
780647
575
656227
426780
976322
519134
536369
238241
320296
339211
245338
899039
516857
536916
630919
539022
350491
488526
391074
613254
269541
942189
258572
47018
917845
123620
621965
729281
929164
840760
742771
632815
342137
651005
761703
909974
321931
355116
242020
253285
601964
109867
92134
934153
480786
809358
574855
884716
175717
108587
936947
841757
443376
894417
465341
129414
530745
241387
210075
282832
282051
191913
947822
434824
653670
687431
268170
426478
741710
234007
562627
626095
739191
263410
444678
197546
325330
439282
222768
151248
818000
669497
831822
140434
270049
149440
139982
673438
755501
343511
824607
376707
488597
16461
654501
832313
84589
863943
350323
791457
253302
193201
835650
730608
172578
591978
377208
467138
34273
905580
636178
363386
868124
896329
846573
814389
292657
265478
45030
475138
556013
592135
324103
685968
742857
30440
230271
556390
636592
586348
281104
759172
164820
422872
278105
358663
932842
759996
73967
77684
718915
877893
911388
263699
118420
644652
988559
698513
341408
924022
353033
288577
730219
20130
833039
741208
491021
227581
55024
753268
986409
495666
872290
450035
403645
889481
752781
606814
815349
375930
507491
338226
484710
93940
518540
787098
55870
589393
356261
813290
994436
174360
787127
873605
613513
119116
423530
86162
229779
535835
709006
874380
555615
893807
221900
411630
575078
206233
155819
863392
969742
868858
940960
675011
543238
640972
913365
269058
978366
997524
287319
921943
45290
144194
606508
689758
242735
184329
64940
315706
405197
30962
977375
577869
476540
496216
356960
151431
81772
960138
985166
181190
982991
606864
797350
293869
919395
521558
450390
622550
545915
818627
140180
671766
124421
852447
510124
290096
208492
939625
915142
690691
259649
73378
204299
416063
95705
520097
35547
87544
650536
397505
774236
247204
505640
478280
524300
568735
769815
801535
100232
992050
852133
815160
144487
608296
32886
470796
334537
768107
394610
773030
738096
117685
899029
99044
533930
693428
318113
742646
479233
593910
685754
239665
399449
485611
497141
456564
161980
280512
965674
615470
140126
807859
685002
95952
845343
415666
961470
115722
270468
111431
748248
576108
966370
809064
748327
329979
514332
808336
834219
42538
477078
457833
257555
689669
646794
126825
380411
254893
308508
985632
572792
155024
65660
842988
244648
213765
789369
782469
375592
38116
64340
639299
101884
792543
206787
168722
325494
492849
710336
343592
209252
441238
544840
179413
333724
972075
34322
630738
634503
410606
696751
909305
934813
666646
691267
830987
684518
601335
301781
124566
934617
814747
590221
546779
232901
54710
955527
236914
144362
162159
866865
431228
657469
385404
382956
960944
459020
138531
397883
729501
441860
163678
141223
759946
855652
339666
753539
635113
115495
4662
94451
683167
663734
682271
805108
406006
928379
255396
570751
83253
451591
567280
892534
124916
713632
275825
136848
607
322810
844888
644218
581662
123207
346268
739979
411586
417557
580177
565642
830836
659233
392663
13560
647943
327476
650962
313419
645086
721620
129796
247251
200315
813521
846322
749062
119342
535922
980719
241097
901001
499552
930865
294164
276861
433472
253508
639979
516999
386172
544468
260886
217833
132617
478162
745608
609218
929412
582618
134748
470314
960255
219666
307139
161507
307113
899359
902506
602802
456228
41036
966221
855214
598502
256534
895485
960927
506547
584985
450802
703606
63644
667178
142322
338281
360638
333293
401594
287224
658661
122352
654646
972958
754527
808208
465819
561137
402405
273215
321063
921316
50396
56969
996394
235496
725931
92465
645302
124539
254664
490934
676381
811780
771911
111473
982503
101781
763459
549455
321881
685766
283859
282843
921640
591912
851687
341727
947242
23014
684651
164251
159258
294235
228482
249836
106780
164502
857503
7782
684145
827006
117021
119578
354059
789781
75181
391405
789000
631195
613121
485225
133499
96304
64080
488800
870362
184633
240419
165847
314858
818653
959740
745353
203772
424593
843153
129814
291283
657100
153393
275803
982981
772082
147305
276612
973253
96883
734311
287981
233399
783956
658121
181308
921285
249048
768273
567962
942087
975335
129224
825100
938103
163200
518492
485525
604106
580311
27398
929501
301054
7300
241690
902076
281328
140127
794092
663476
520373
219344
753411
591440
738849
223607
331661
170039
531431
812759
140059
101915
815047
405801
840808
996866
695469
632495
949014
750941
210233
961347
975967
900078
106720
816079
148584
737486
789498
861933
406664
158811
69039
503290
537663
118446
542071
711904
367623
113884
87730
13759
547989
924163
843200
503421
811162
919925
676576
552113
298538
519858
492003
236913
643208
147093
190258
172937
130781
119039
755282
808608
427599
207521
26004
211276
520131
119956
308263
90882
895999
205786
490433
515421
637319
975571
515163
375450
912734
85415
392914
964640
329524
393450
510606
795314
768327
915255
466945
133294
836819
515911
996474
714697
455516
195631
172177
298298
463990
908304
999411
582029
433159
349713
43737
273737
924318
546731
622747
559342
539233
227534
985428
110032
289259
371097
23351
759554
899801
58983
979882
241874
318308
921605
423889
558798
322296
588366
476241
318328
986026
266802
22401
102065
520932
66525
204783
174888
924953
443049
13017
106845
381395
631094
515247
26370
987404
606431
71138
447078
558664
12323
183840
377489
151992
402569
303413
267568
668029
763153
119597
6324
913678
649414
638602
389262
990845
112166
46269
50758
35864
407530
384685
943524
215230
582471
179005
894022
101067
912813
134509
721039
593757
909438
137679
259830
293914
26142
780681
680053
793726
270221
113829
871479
474634
797902
934652
449140
601388
75913
890753
406213
950289
488385
185153
433439
607640
727574
626905
78510
538449
520667
535303
67049
487503
514747
619902
750730
940499
385766
928612
322901
828076
727070
340705
280319
666936
858761
928445
873871
372899
673028
188912
144684
734213
687238
930877
635133
941179
875958
25625
667304
597411
888268
496118
111987
296356
143286
936828
540035
866143
504806
972042
928485
746535
655402
460158
387512
754019
602772
101481
751373
655870
978020
88020
136556
997569
111297
320114
397638
788725
842787
761310
433190
46790
913150
299899
862852
269691
562385
284131
47176
919790
502747
651134
257830
287742
756377
211197
565098
846389
334505
789703
281257
483253
735381
212302
391174
238425
375099
702938
810837
267690
701058
816921
1251
441966
911162
734792
659302
831750
625687
622622
327925
615772
687368
242813
131154
525949
628342
479660
720956
119799
976665
425610
677164
464647
3318
744996
957264
58997
365063
494308
253062
489958
938502
915872
615824
606412
994395
981406
702093
456478
480755
24480
725198
789048
508988
581760
792511
80981
415743
845865
859772
726076
719285
466705
325267
697209
475457
852680
136994
104622
822740
208764
865299
576715
466125
137319
537780
788214
302699
562588
262074
388712
161341
606458
963302
34150
817441
760695
351944
720381
43786
376900
220148
766125
283522
797809
619547
406952
733898
788205
40038
602190
932236
271043
131121
566417
850120
430574
861979
717260
73495
96419
527784
606210
69307
251844
774167
733533
424607
437444
974784
444517
295096
366405
599672
724544
567838
473786
445355
128858
349138
240276
872665
744079
810939
668440
421228
677715
255723
616039
219024
672607
503403
303648
706476
376133
184043
771727
271699
803222
30837
434823
934271
186005
585462
729911
791168
322403
902309
408075
501744
316182
852092
593403
651899
652092
564107
824562
518720
631836
671349
351714
62240
89139
853156
527854
516488
194181
11782
429606
219984
925771
586837
192974
805707
810417
524342
709317
778487
493005
267510
933176
16973
76026
671186
618146
981252
575113
755961
304493
745650
921322
355152
336546
745288
510299
722780
203660
296608
596780
487596
978908
956498
287598
309676
685656
30373
194810
600072
827318
439728
813153
697969
504410
388359
709531
563070
548981
399383
319501
328662
779028
611403
329929
751909
498644
941146
415760
342997
36477
841925
952265
100543
345295
150007
165688
867843
547469
203592
32038
695221
350064
742833
685944
358313
921018
612481
467029
727577
542557
698278
336157
696426
704550
381472
238914
461344
954449
855125
911972
679973
159426
747546
794907
360564
656130
711265
406228
488661
565872
172970
363376
485253
534701
471690
452915
802653
308842
455254
441020
795664
518716
944183
910482
908019
239651
954204
732188
160797
888109
917174
799965
692246
587495
837847
263154
955222
677953
302597
952964
303946
832213
126218
118612
988797
293846
737121
367884
48074
368278
427498
207900
92649
464749
213545
519995
916981
755644
121578
241568
877889
307030
997132
64284
304945
669569
147264
810235
967326
494370
657004
362921
691599
456275
236810
448049
473164
244308
621458
477139
412180
312308
911794
873579
142284
68083
852480
80341
194745
518721
67795
124037
329711
238608
581434
979226
247450
604218
59871
205573
290735
734606
745532
116329
955136
513335
775008
908273
526342
950180
284836
721947
243945
936248
549982
323744
81060
608151
810175
738206
257685
142271
70234
271373
363256
564968
955013
62370
987686
674896
581045
687727
482455
926539
451261
341418
41179
306381
378362
200835
798416
202942
825762
89505
659932
426539
428090
719026
952339
49324
796180
696938
110194
253321
934405
862534
653710
323274
232397
865246
313633
346836
639811
603219
400360
453166
515726
586838
890487
107309
981833
777199
408212
626695
40301
73869
342900
937802
262348
287742
824472
589557
570938
125177
284360
590378
53987
794049
916460
668159
503491
204117
480953
422071
268589
724546
670426
14265
699857
783606
84832
378547
717520
724298
741305
690333
615675
545689
968443
140567
869173
248281
95372
567401
728956
707928
995839
851844
658738
63178
125213
891786
158646
482654
637289
771543
236169
684749
734575
960469
44328
814553
166506
52703
769278
461886
297951
642647
480377
685425
856964
768990
259950
727315
517862
43174
891706
61994
481704
429180
36861
659792
982727
57136
885929
663812
846877
989461
577037
222978
573671
720129
625236
538820
853233
743075
991139
734763
620349
262459
63554
597552
545311
863611
498010
822522
191592
413852
824128
778066
130938
51389
934234
415140
727862
521451
648874
498157
267470
44580
981723
755166
307105
195921
648391
207270
283736
695758
895127
50706
449270
747064
957290
441045
332794
834830
757879
872893
404928
616449
186076
324929
544151
696069
453736
20656
953934
336607
708467
816286
744216
924275
229461
132182
343505
793219
252044
699105
417240
557988
11859
87207
993890
311154
774724
918387
948059
894384
750319
587467
223839
244922
167630
92314
380923
775366
567297
4865
492652
689219
11458
16917
518640
233476
415517
90394
104147
853801
95958
336974
21124
935204
341028
718713
457822
804913
420124
685759
176330
393509
952967
226255
71430
700869
662308
297679
333503
864672
822728
315447
426184
482214
533848
209337
468712
682726
977488
199062
355862
344603
707543
396476
578927
550994
374348
665662
773839
562956
847831
720452
100700
151237
44616
94787
76555
296628
11963
327746
781142
193890
214490
231630
221868
337036
113461
175306
214005
453486
169331
567400
177693
36327
100856
991665
878176
678554
159983
207684
105946
967928
497333
346666
45686
207888
837454
162928
393352
951805
56701
909643
423841
166222
255421
178881
943168
691708
114926
105493
169576
818878
458209
765472
58081
131611
886827
885229
16105
13200
647392
801586
830317
745506
997021
380898
395097
104470
947317
21196
176185
662772
949054
779044
687004
501420
130736
227871
605469
372860
34841
542764
881503
222017
660354
945195
802931
197473
628713
378760
781995
633000
506949
24029
803742
422605
997110
934638
359337
845783
148935
236271
139719
377977
32868
294737
113744
671886
276231
884487
626724
442364
318873
771641
705865
442075
408707
240374
401197
879435
25440
88282
365859
129333
105540
382082
112086
54717
882668
120058
142766
599635
58327
54496
857992
47113
979591
155994
496041
611553
439845
138277
89294
358475
545641
963671
8553
962631
401398
446389
828783
90055
259973
391220
574181
438784
13633
871599
621327
390349
834126
857061
628802
835406
452360
195473
980940
311178
18681
560966
233980
734806
124903
488191
188954
508445
996058
957123
998842
654355
548703
693094
884916
438323
779810
5581
124055
799035
285376
851281
91778
973753
856837
558777
254514
785950
389394
676075
438353
100590
275634
515501
454255
414618
92595
878540
475113
968781
898815
394589
874073
458059
170389
826770
663034
401100
79409
703598
370630
215185
533696
306768
714417
604868
241364
3689
543259
595638
125676
505118
804899
400966
333414
180946
44422
130856
735533
211172
625682
869245
779996
763379
672625
962942
569040
655060
336779
718061
510567
552489
731144
589845
757162
471321
869713
317060
485411
236398
364500
663939
609229
27469
962249
734644
470043
710384
738948
679154
142876
391390
148852
101116
351653
543634
854342
135747
611459
723323
7337
815620
326024
803882
896502
488658
57338
876630
3530
296736
553120
735078
643741
15312
928035
88444
595641
157594
505521
468204
353819
197738
896570
328625
331457
407971
141970
927827
237180
249361
914918
707125
265514
744429
76087
522688
345782
705975
341318
193223
729567
662034
969804
287304
305772
924174
430523
744988
659902
455179
651432
243881
791494
872552
161744
126526
133251
204046
685509
951630
12779
301289
987381
686287
568069
356024
656230
455330
229273
809394
608257
943776
424320
272705
70802
432014
603288
748970
782989
576909
77044
184123
627767
763490
266280
5950
760292
745106
546116
575316
984580
662103
787677
445482
714664
231055
828292
544876
647752
991388
754141
426263
741111
254650
767807
430633
467137
927158
706785
528422
921000
617465
146066
655668
486336
798159
772328
408280
780170
652940
789022
946942
209493
659873
352883
709722
23036
759876
281036
588464
740193
92998
837467
790616
940249
179801
992660
233716
989511
373457
384685
833061
115417
2460
472560
33336
571095
987973
583777
215299
864057
941317
117197
941322
313049
184355
254499
175632
84021
797185
380766
109464
248039
199948
200447
909045
256301
245277
869281
963031
82593
608749
598819
381979
142969
461072
521912
335080
808693
242251
586766
30653
532802
266500
834399
281137
809057
845434
584438
894954
592501
363013
862295
38846
802878
285013
701112
281319
383711
378043
960791
179916
831998
635681
494595
263548
18438
44340
134515
749224
917223
180263
127296
764147
994028
448261
353907
570817
906178
919279
370244
19772
277673
937892
186007
42989
83048
586919
312692
931470
965187
235624
177661
81097
516878
277955
492029
720110
233189
15
964124
68796
300815
461207
676302
243347
530421
661365
463975
926245
473067
828566
495899
177919
347656
315272
256066
801120
751832
223247
372006
780870
916618
569064
300022
238931
947583
800291
500878
432492
604331
337217
956200
430327
181085
156119
607385
491646
505605
910029
657210
185723
679356
20542
710198
322401
482762
102007
500511
742750
996961
573404
794534
631934
924215
164041
373603
634066
814035
963233
114361
254198
189190
107195
399091
963849
125388
86050
977514
402326
896417
282511
751525
842103
850600
320520
326032
212938
535969
213395
328286
430884
486543
63851
22185
173536
721100
238862
662903
643890
829230
958618
959621
377769
571985
506851
701665
293545
719111
682449
831268
221689
994797
256580
32979
66477
69475
423059
654429
859856
797644
362856
456920
913099
638372
343275
212898
923082
625851
147112
630157
161152
954684
50611
667424
57789
934472
526476
796065
819295
555847
688101
1521
430238
51302
7731
60909
261341
938883
508575
800820
761569
357044
120169
535540
903550
283062
866455
507284
899356
803643
982628
134373
126257
347777
268769
779767
455803
584982
27390
525440
441551
225442
18338
551532
8212
903620
575259
224628
265207
381799
950017
620018
277448
16127
129441
315852
108927
660043
613099
987271
6206
187676
294461
250185
504971
871337
274409
435280
241753
815535
682828
792731
502394
689790
390097
944758
944507
151861
1999
456431
528297
585690
788244
343132
854835
132551
538491
409929
290274
324961
294899
396454
553497
925117
243431
15994
557162
156054
169295
972747
59096
370341
938236
16616
425089
771052
82689
927742
993904
167586
24160
887758
173310
238111
41549
929924
448671
540205
696799
52091
88884
42937
160182
605315
717738
356771
178623
196300
976709
777332
391544
805988
971226
464292
927510
386416
467479
17592
913183
697760
263748
57039
679666
144844
341135
191319
173811
542740
569431
238734
805204
386031
451078
217412
673662
956329
405023
274853
106073
429932
696251
494122
348406
954210
171998
59849
942554
245428
922312
209709
912411
34115
198763
170938
9423
630031
969042
802540
89113
534590
776180
299852
602103
427143
510435
428214
291645
212986
422561
996477
451847
487579
769694
393663
602783
457045
893006
209079
226330
119408
329742
268037
887644
19266
780645
221912
113801
718201
941248
705552
797479
902254
338123
35858
960477
494285
464066
170461
66762
880490
953754
132853
342511
763035
637647
813828
999867
392334
812033
225556
780050
445621
258966
579676
563111
919298
731310
24846
926253
90486
350489
732164
409987
73331
20279
313596
79055
482548
781898
330905
207709
422791
27549
441068
101720
280646
946658
146627
664183
205923
189643
499615
139051
728547
290898
236631
110878
242601
365626
879658
972297
2339
352621
822411
635987
161490
263719
663751
834269
971822
793967
43017
916601
75749
351139
421565
712396
491748
493032
630565
609130
260524
378213
873287
457565
503279
315237
989765
91646
807305
55925
119279
48013
474636
416179
773597
794108
566999
641747
210788
357447
289580
834594
284274
601838
105951
361112
583396
12852
410343
417745
224676
213180
105707
15040
453179
974977
99528
787520
660707
72749
194368
272284
931575
790328
88285
483798
877639
420533
359087
785227
138725
487435
366909
8086
956020
782765
998369
599322
688409
132742
530784
256499
481536
541565
688017
424664
775598
968136
250533
663521
555432
348974
473618
299043
748449
14236
423025
599268
528920
45694
399969
200372
446793
226683
589403
804213
246721
848378
570559
381543
767280
664536
256391
554690
376657
580220
971758
826878
801372
710754
38358
870801
648431
38553
852593
131935
316486
73133
172995
361513
961868
315505
182411
984302
853918
606656
412723
894080
815777
84000
75350
646350
577183
615204
585756
621865
188434
623446
304090
355342
464381
733710
100482
913468
373568
62066
409551
571017
244954
522166
606717
577577
901003
647486
327356
422542
285480
624855
882395
364941
463687
38390
544836
454893
174019
136311
953531
48222
429151
587946
764157
326323
71246
474708
418015
959695
999491
796689
929174
860468
174812
847032
89666
798854
813522
351353
281186
121732
249178
191963
856121
360136
942702
789020
435134
683767
582761
657753
47890
691934
760696
348213
2469
926098
660422
44799
464102
695992
916390
578355
319692
525764
970146
151900
244540
733109
732984
957113
503111
676169
938894
851055
191733
284932
873778
751486
518530
370262
684551
272395
809716
850154
545950
1635
688322
536158
859132
643494
305800
74969
578329
854613
395312
158261
238885
872042
657807
767854
92116
372358
242402
772014
528947
282246
763879
399519
137514
323288
356139
35320
842369
409723
735512
999974
899856
293849
303805
100859
303082
532355
933115
579066
687214
286994
646252
324707
93286
527643
874779
895831
657729
819286
18948
316978
620296
157988
629336
564972
703188
768940
933142
803061
854501
252874
425526
442694
982696
922005
232823
796277
634058
891951
725967
589077
477866
787011
31746
758278
926181
49830
910862
470272
670697
563748
775717
380547
27920
138987
928008
316944
914758
148064
93830
135172
276900
162051
82496
61911
542813
123294
277682
767506
134765
766214
161055
823773
966838
534406
898431
271139
858181
674115
638307
287575
956186
917135
213178
811934
236423
190297
629037
369383
416323
425437
328649
37708
541852
655685
188553
797602
626205
76504
310223
420958
301023
26671
901696
776324
713812
858122
139562
480606
62243
566291
539171
412851
70131
138772
255482
21279
789599
889570
488709
794701
712363
801908
533682
467935
613275
495622
433950
173654
965862
317823
676188
876720
598188
651456
265625
868812
190524
101248
873115
668134
898058
770846
15435
921509
919676
34603
170110
694425
216657
455458
362119
39616
998590
404088
826751
490979
191329
934498
453810
571399
900051
715466
398981
687520
72770
951126
408810
619970
811550
190090
102623
398029
760465
960707
184967
750382
433764
724421
368272
152632
804375
197130
825384
817600
810611
355615
676299
677628
798373
22520
697557
6540
263203
791046
447021
846366
435299
509788
241451
902096
420946
528016
263701
558980
193425
117129
197914
529203
552555
678811
199971
831363
403718
648836
113328
195475
914258
12206
941015
788618
961489
519488
556341
143268
37102
490489
335696
837268
483591
497406
957037
154736
626759
33354
187324
461367
567487
204975
89160
561971
966860
173732
99859
609079
276296
195328
819886
939904
944516
34457
264550
87337
825519
658320
830610
581628
236971
900009
216180
568774
386811
567595
841316
34565
3728
631603
985849
727495
672651
592160
222122
284093
43558
792305
610
831847
305506
534362
46205
837779
8955
32272
191070
217853
600038
845641
70338
736399
436872
160521
295228
461829
629114
815154
959663
737781
811993
682679
265751
571691
136993
938458
685691
337656
153793
95803
967155
831059
867444
33595
594058
394759
33106
658464
161986
962659
938532
979831
616185
770887
342915
343452
650850
622999
326966
335603
905445
801483
933892
946172
646929
152775
650678
291304
962981
376002
681232
982242
52289
339795
737412
832558
189016
353864
936513
623466
977630
566240
336648
889858
927217
80777
730393
547139
82227
524137
260613
154754
512873
111647
101655
142984
301314
544532
27052
807891
445474
957460
952913
679511
177261
986374
448578
804890
55721
428991
161063
909351
34455
663894
500792
437299
655692
721679
16411
509316
159317
369951
755667
722498
860519
428148
983923
309501
365394
362933
780994
373072
344691
314021
68833
246412
977386
222635
993436
81398
626403
362196
566430
66844
448593
327463
587661
219494
448810
422854
688893
392731
493464
852758
508943
263021
577758
586667
250975
379236
588146
21959
528581
106413
715261
567404
37732
591835
651439
270770
177802
278066
597727
44895
176372
468264
490251
909828
917254
902556
250984
320808
670761
794019
616807
988518
339543
145574
689796
369755
596493
876394
379618
1863
70050
741494
470715
718726
252429
571636
975975
695529
173288
508118
920345
336889
647110
90588
458557
137086
193216
638877
592907
773841
226664
143912
570029
532924
662755
506627
425145
916026
642342
693416
238164
437242
565751
131934
484080
704274
141495
120742
748515
51102
601869
384483
468061
352699
111722
590006
517975
279533
962240
670382
419550
239317
164770
325026
938340
571037
691306
266644
672595
943342
585068
921763
6012
764117
689764
900941
190897
891979
519281
354256
697025
600977
911880
857999
444777
296306
124270
766748
617832
750632
987401
146914
414342
329764
381896
736224
890141
999337
998677
681567
762847
75244
495745
749416
920163
544687
322181
691939
631087
351484
446625
464848
527996
862889
481782
813339
326046
939919
543192
688780
864576
713874
294410
529897
589518
760908
457180
373071
648514
128851
303014
967368
84047
847015
286407
336315
267226
343640
433769
590011
401503
167451
266051
135706
746945
193339
388820
853701
743588
543357
505352
671635
112582
353721
942573
791278
227543
125224
479874
514206
367179
563473
189664
314236
859948
52979
351744
299181
586389
85123
365442
346949
154250
769236
640623
606071
261360
880931
161368
363389
586707
135804
711353
561585
541281
357587
991601
719013
972637
415659
192479
191466
905801
23422
788825
983728
380461
465304
712624
415233
678167
547520
944524
904119
911921
771926
545956
949231
258921
695942
252604
518316
276321
257414
751883
8732
907227
259900
850237
321290
303468
848940
977860
450546
399854
849850
511966
269297
913046
325461
279537
537355
778816
209466
426506
685580
480947
677036
404610
832213
321642
779511
42710
92080
769982
492388
698794
162431
965704
328581
599432
744658
173260
679284
53838
495081
963135
388970
120020
719556
375499
610131
981344
264109
4247
155617
996505
171805
810485
205029
699164
820116
314055
210509
624739
316108
193733
547818
88259
70446
443075
571140
472235
105191
764157
291027
123279
496691
221673
537806
235713
663041
257390
877730
100588
933396
699377
801947
58405
979567
855233
436563
574315
725739
452840
897187
398071
945959
798752
882705
894534
880184
574809
643511
665444
783569
434965
220907
594349
454260
871908
559961
462950
818267
150476
560930
349781
192490
628617
199585
958198
645896
137066
535638
884833
65444
972009
238457
470014
287385
315266
913579
342095
766104
262328
233786
558746
776939
837577
251394
624034
163740
933227
314934
239035
517367
875016
566807
596204
469936
534737
529556
192027
803433
977829
710728
55510
720399
564477
318761
414377
782408
949867
641744
680656
985295
521199
666895
940653
129814
269665
208702
584747
675076
765605
171958
319687
682693
122597
701022
810787
160850
455583
117402
696235
740933
549186
891576
135504
789680
66370
16586
943455
979730
759881
206858
155510
838650
25492
898101
667699
835234
461578
617711
32856
419905
129646
434137
64628
465158
47302
667402
368418
679663
980063
675664
183915
555655
365689
523075
18462
539428
341911
292053
271540
498925
699042
536634
402542
108027
973330
86215
674403
939626
392438
762854
552143
366501
733450
671392
955599
863267
363132
572394
497748
372721
343240
195885
59020
164107
404236
489161
764101
908133
541088
582349
871346
983033
135681
370398
656612
599652
584862
925965
910096
898497
827200
573724
30958
795197
400187
952489
762803
569413
778939
938422
434536
371150
394927
418625
468150
64185
182447
242342
334173
416760
678690
747297
233156
152328
500232
874909
114840
230274
208061
988076
25536
999867
136253
522771
347661
993419
123171
173803
133805
160610
355486
728469
517415
341461
521162
341745
722177
647147
45132
152463
785381
545481
76146
733747
490941
955794
432920
405640
124911
595972
954999
702856
603030
582180
320847
155462
112597
826731
895473
250902
221474
337119
48731
100226
577818
685592
442522
333953
155429
481559
563137
781938
852432
739025
789922
648315
42450
667513
367253
333902
141119
235726
964155
640954
870151
324276
497958
944854
679459
574097
684793
121948
41322
963745
835756
210777
760305
844660
918935
984480
123979
32221
158767
167426
613958
757880
342144
528439
451157
81688
146413
307752
106820
306312
913984
369553
148682
775285
499602
672682
465641
397116
508413
965080
747362
412115
696858
41485
38052
51220
994947
156546
213945
16682
340522
877013
163754
168192
458126
665486
408808
894662
69511
23295
471929
773359
436437
665812
838980
112486
889609
296424
89627
707129
601617
453289
252854
816585
782628
330247
770943
12579
663404
393508
429304
779738
182287
74522
693305
923832
750807
724585
404814
364362
136866
557683
56406
666959
607282
764802
254298
822040
518903
321305
881004
801689
952450
842563
219573
265183
508844
26005
363572
709941
91737
4119
999368
647000
173133
762398
982123
251872
730704
229776
632848
76491
995357
335689
518406
35902
253481
131150
137783
680457
843347
452217
504732
255301
341649
802807
290611
519266
255113
723555
970726
698479
348465
441721
135201
867866
554572
324955
738740
796336
518100
843299
494905
203036
496550
430363
434507
712215
959811
293850
948036
225044
639766
353598
385021
20380
136465
945523
549562
435640
279602
964855
346928
64203
875529
348409
58141
412394
753095
518712
38950
610809
778266
853953
164359
627149
371757
287933
521784
566954
219167
386945
125250
485525
227707
608039
923888
45062
985603
795209
98625
600892
6887
683704
776303
742237
287212
923346
986230
904813
401284
780052
475284
201392
744577
595020
82800
818071
876884
306772
447625
855336
418808
838832
526990
296211
537093
344872
445867
861142
791006
620626
542802
542171
767373
418677
225012
681536
703954
440896
824078
47259
530234
255979
693508
922891
267342
233765
51911
736014
282121
605462
311760
810147
54590
974319
423911
629683
146989
728465
524781
562121
263582
974836
770938
517305
933905
972695
75042
298095
69477
865760
934025
46663
778433
363307
792892
49844
76560
427082
923597
592175
100104
493946
558467
467974
896615
786966
611280
718957
171162
977628
525806
870105
260943
636579
899730
868467
164846
931233
261922
887514
170313
582927
21949
942610
409466
45878
906936
684941
241073
384904
667088
276524
589652
823760
905204
475664
948145
830728
73514
540369
175829
355808
565117
514347
415016
486760
26238
230623
846768
75676
112486
776004
983721
191025
337207
373958
740136
696153
85868
756353
800053
800189
118347
384411
152125
995310
250753
723927
718298
198785
344897
445334
633776
379679
263464
707036
967525
429126
631030
133535
354966
795202
78230
977296
81068
386566
583117
556131
503333
230781
674295
294053
751263
940989
284193
558747
968406
143881
962349
514019
75671
303018
736282
783710
573685
906953
325739
220955
573620
941265
310514
284660
149397
530534
64197
906159
236916
546581
421202
999318
668283
369392
250912
917615
828407
937393
28522
559450
824698
758046
326239
148193
386444
97860
224230
79966
784877
202835
411330
344135
943820
42754
719929
543842
824912
215633
543750
542270
814539
96304
84752
611963
704587
543266
11364
764014
165182
280474
750959
278555
15970
696810
460011
209276
274252
568700
477058
916134
392503
572472
393684
398566
534362
910107
194249
133190
5196
814653
648862
529347
367420
802865
146904
95274
367156
60202
864350
638369
398604
862126
667018
955628
120063
300113
943116
269533
163278
808789
640750
592037
262020
268481
793224
607992
69567
179011
324220
745713
200844
159447
122535
342899
914253
153290
402194
28873
311934
861859
318152
363434
628234
231017
211590
619462
597183
653071
955326
462449
9949
364734
326620
502541
385371
529975
612735
804853
854820
222720
157166
637792
343558
476585
608295
836055
69870
242097
984872
706893
634947
600005
991802
349759
548155
736405
283540
909095
370695
307226
681368
196338
370607
363187
30068
957068
726852
168891
458322
288438
897559
248429
699533
673286
362931
662522
972661
678357
133010
891756
324755
803178
215753
844441
101426
137675
378829
54053
659784
527712
98939
604603
497944
710568
685387
127461
38413
424210
910302
372344
146123
731775
758049
226606
930565
234265
238651
535798
320661
746158
375285
931928
721381
770735
496434
594206
540946
983189
66987
380648
12996
836744
734098
491013
608190
160204
162869
722689
114387
764159
111768
25214
597970
836738
3540
688438
683296
486444
798799
265149
934091
647184
129985
88933
792025
866657
955601
350309
943650
100321
26731
555334
389994
872308
825435
982534
610017
967729
644553
661057
332685
194151
504056
349257
888636
423109
913459
138625
430393
185238
541133
312699
209113
817452
49152
728316
672894
379165
823407
982264
243949
358182
509274
199507
10316
84706
891470
812655
499946
326542
876488
244080
82302
61694
2730
312746
877559
370775
698034
98390
113982
820543
488855
926055
813844
974215
531334
975218
383238
775315
875860
868693
399647
680084
668714
950539
774924
698399
347638
389450
258449
834249
834053
480746
19023
573501
883474
908236
258302
97317
231527
224949
401249
261373
372069
795326
947732
215455
623615
914892
84797
761315
101420
320113
727784
923686
634780
530068
806031
823238
774353
318838
988786
80338
478586
948132
768856
188419
190913
155295
708214
415049
469142
332323
405901
710306
557287
607637
803091
408660
509796
292934
282605
997562
116760
444300
510430
594628
180288
292148
392078
197688
333624
290401
278003
981200
577747
693573
9298
790199
552776
962902
136949
832386
675320
540543
510288
982447
48702
120516
773859
126255
83813
288128
310085
103355
564340
141867
927150
629603
898914
416131
272602
390502
812910
539938
564595
159742
768582
692698
984137
934102
870864
995130
505964
193343
812507
199525
801546
617821
200336
770638
536376
560074
953564
713470
262631
195499
175624
380992
351317
821498
998336
375068
768812
454228
219008
138772
715323
108548
775730
342659
817777
521601
515311
459277
891275
293030
833796
852193
898553
288721
441723
237523
589129
461887
595811
417624
941599
634892
851599
120787
80746
602452
374782
131039
884733
208276
293975
863829
385850
108312
484605
351821
587157
106242
159589
241215
367013
580992
885338
670212
947002
240490
60422
414127
224107
862199
810816
310245
992214
545847
569066
28254
416525
912293
367096
783306
726563
232138
599046
921023
737053
267906
544916
990214
515931
751159
279869
322606
554424
975373
850964
372495
466025
875934
184401
146122
83983
525516
788899
411095
646559
679088
920273
6728
52758
462741
234712
402742
27769
695248
295347
112884
484203
576217
667827
456445
240368
931133
271770
921329
194050
608698
53441
285201
131175
73231
924575
506610
578130
906520
806867
878014
521606
908180
760017
296137
178459
984405
326289
558559
70991
989406
241654
6040
948583
448560
810331
237378
260808
451221
213489
326636
404360
291834
130073
48938
11520
210652
590344
359113
651951
757331
879918
889539
321888
955040
55357
107659
383539
224433
821056
153437
704296
582239
787624
732042
264749
54752
815960
330262
564968
213656
544130
220831
455287
536144
200418
842869
106586
853346
751316
878543
720205
632458
656208
48317
958900
223594
938194
584562
501750
927571
231685
193107
400661
28557
792638
840525
405813
921527
196996
474895
863750
353846
25105
695860
494865
507037
782628
876496
998325
44395
356244
112614
798568
944154
10301
918939
4605
90126
336425
872400
364506
942272
403692
102762
967132
386890
216313
784623
684941
546187
602408
619580
655689
380775
68467
148971
826101
969294
678471
971005
454961
702494
86208
444460
970132
994590
848882
969264
636512
205638
932603
959355
476982
113815
178613
563077
963727
217297
30804
126815
915354
99709
125478
541774
627652
231462
583886
263182
555389
102875
715617
13477
974182
905210
431196
830929
358027
572495
354949
740928
158275
329658
661104
915991
763503
983307
520048
606270
594862
643079
659321
550218
426856
944165
533944
832752
725773
372784
71964
997253
347915
337356
42767
577048
929427
175017
690779
990131
341401
589426
539948
658625
133189
669073
634945
112229
666604
744585
365689
259663
180036
494735
152690
57556
619713
94883
688062
766483
894962
858126
761159
10871
291627
475315
366033
796745
868998
955044
208299
95946
876987
837739
821948
854624
270647
758601
187803
723238
977559
361824
889263
164562
341226
997170
833928
437862
898655
624045
336965
720805
742951
185420
499184
923633
478995
422902
937652
7430
207675
941827
120784
994565
463793
739752
752037
387061
681590
373559
456427
445550
156521
173753
766280
99306
545332
853016
498304
54347
107942
460165
230335
3163
376316
374174
671
647907
725779
323968
379712
76868
717628
434574
331276
408644
899722
908469
490224
314864
480476
434432
360356
332459
667174
229721
6919
85146
36248
652493
835553
202020
368850
169407
452312
996764
389392
593429
953201
992847
236111
155665
836156
743622
442433
212893
107061
502844
846174
581007
997349
449972
943145
63885
41365
516758
250460
332671
911448
716334
157494
444811
620733
694507
909810
346974
7843
293179
782718
750711
197461
527970
878330
730943
540260
680512
530585
332900
929002
261250
905986
980546
327155
716508
922297
712441
541015
22593
93021
960269
588370
15666
31866
416828
221375
205167
53336
786348
126935
833151
668440
964796
861075
324558
988041
196571
961173
644320
766326
49902
41447
549997
247382
874520
2970
970626
704617
219651
616531
344304
207155
572855
287276
830916
842314
661502
97584
313673
297901
309185
375923
609012
983572
692021
959933
241122
911890
369358
412529
753208
368663
634954
674872
91921
249634
767492
23921
825365
869719
712198
518484
271695
314389
560535
883335
591471
225557
226190
320970
343561
667281
571862
324098
635404
745596
366847
128576
211238
60296
759079
396168
213412
745161
875216
374017
590942
36721
219218
691514
130975
912026
542938
90063
676872
367210
747754
123286
253204
517176
358139
11279
806135
196623
356448
895036
154570
798697
125208
279234
425866
98935
449418
171639
598381
714738
995633
994309
390281
155223
852814
568980
659618
543420
723791
394328
891964
746624
837946
885568
621780
670264
251999
171117
31890
111106
876732
35325
68677
529829
581581
181154
767247
334982
110399
504676
370998
175740
379601
874806
653837
645866
599668
361569
963826
946038
513746
777116
34700
840237
538713
466090
797926
716655
911668
844396
664959
44739
443015
761756
363993
349465
542710
365834
551482
96394
945407
904373
183548
395630
385556
324322
45310
969587
727257
877703
645927
943523
897884
352775
589638
911999
763482
163718
118543
724702
752653
849353
360428
153277
135771
873958
803451
907575
552566
382516
152097
882277
934380
184338
972873
850843
16647
335920
344935
740388
887778
304038
574084
74079
985982
793482
330798
21281
350798
379485
982371
735797
290529
642889
453257
701670
206496
49530
747031
458775
784186
453264
199482
11214
220161
836623
311906
35316
947972
178704
918434
880965
159237
495362
626688
399962
212920
963681
573976
877770
372994
975593
167254
299660
600298
936829
954690
597389
619512
832157
751293
798418
415427
445899
950269
190168
883795
309784
291231
480581
364760
480219
314058
452122
447712
891750
899224
760245
669118
664638
690063
471894
406202
196581
142938
279386
154665
632023
520926
945772
63541
254285
698219
354015
953534
209548
341594
691142
804708
959723
531481
554043
901998
17890
583997
475550
370181
429575
28935
700670
938840
28738
88927
421719
218912
68007
607825
8879
881844
931930
859994
573421
745486
143087
87015
592374
929432
765306
153216
965901
372142
962066
965698
767094
908109
323999
146306
610350
590137
594510
75739
156988
797918
880823
410335
813802
949876
723706
952390
282502
338378
774715
156000
985923
216514
864370
436318
131365
918253
565765
419409
249331
670491
986614
356368
536072
64115
293293
968143
636190
287488
78294
623975
162752
718657
559300
881211
420399
642663
879660
81294
847366
950815
783973
374064
691399
253415
275949
730758
466148
740621
373642
3613
861261
451831
270475
754538
965908
684910
790018
174263
573470
892140
155848
791132
703011
545705
320633
295444
559517
166933
779218
360148
620197
165514
293535
955019
523054
53100
969935
357992
132767
547716
120122
395484
587739
693847
591407
443574
840052
880129
577749
824077
116717
983555
20013
989373
262651
585713
330052
767366
913775
974485
315702
291017
958148
270063
647122
107652
116060
476358
115284
147591
726923
901013
380183
675115
557987
732573
369367
24349
852601
817616
192127
345678
531829
55274
660519
436603
700094
814265
977959
390515
923237
573346
341940
204733
920731
470189
984725
261197
959171
856420
200879
497887
862784
88560
440168
243415
71528
379376
72999
709859
962543
658315
240148
115061
494557
480822
979946
90780
565537
311267
992140
19092
231550
877198
269456
462824
873535
935886
471722
63520
735825
775601
242066
753318
521133
705773
716138
66488
452566
913606
598501
193243
451087
436830
309550
806461
826623
692698
704966
362913
993634
368035
234935
804860
323218
800423
42239
25520
604914
576133
125327
487204
674926
893525
546227
738026
977584
896472
780222
426905
843194
453955
222306
173726
510613
934703
384921
670885
582498
263020
80699
530376
397146
564364
948467
266839
999
645009
197691
709019
592228
432507
37305
309115
371108
632872
397592
95886
390905
753542
842987
350846
138713
120150
379965
697723
885922
516352
908285
222237
693468
297378
902015
643461
518422
577245
698155
50305
735719
394851
697722
770760
474001
100653
837850
653905
631733
606780
947338
659544
975321
883771
686004
830014
812784
396501
21139
170251
390659
319862
954468
567280
155611
23001
95192
497606
725832
218970
824919
237553
658703
471001
598175
18741
112825
915459
702774
630242
370024
909852
728550
405040
236164
623760
414865
894005
806114
981524
745562
268329
946060
553407
491227
786956
387927
363072
643990
438959
596871
727890
150775
877709
432290
785353
36874
286142
734648
895384
543969
587643
596777
71173
253542
802559
797731
741367
856832
155285
821451
662880
914439
701472
153824
491851
238219
496007
500929
609377
730746
64367
462673
365710
861096
875070
776463
449190
701459
123824
94411
691502
499341
753496
932293
120748
223672
452472
683366
501768
686329
157513
240737
49397
978918
830901
398240
215709
763144
717392
384547
772762
639108
791899
473421
932808
402557
640667
449935
320528
307310
884268
978269
938081
739982
571680
638333
157452
721924
506376
617525
163307
507596
924793
287290
804182
634940
35968
603553
327824
10759
234339
665303
607639
708162
749665
717510
725850
191770
378220
4048
472608
650400
319223
443973
99739
92203
442566
641147
407585
647951
79704
841737
471472
485453
113145
931447
331396
426777
133692
121555
943553
758377
453457
661064
580464
390594
408669
171088
955839
649634
869198
409091
212600
866639
76259
62081
679911
445661
833033
708389
568714
2723
218747
360525
919751
331360
363366
709000
574120
812477
971659
895841
504462
210443
67210
839306
56617
73919
308484
539950
903826
764055
393901
515809
148190
574552
242239
733616
16952
614788
106382
411480
426093
779065
272495
268878
656205
375349
653076
823591
587210
966300
542601
863464
249325
865174
406247
966901
430482
721673
822516
403705
67520
27421
858758
997437
36394
242021
77052
874363
87014
222969
455095
830293
997597
82436
174514
378595
424711
973460
643248
922437
153403
238983
314440
745472
568410
872978
340265
916871
846769
181763
354680
672907
979241
52964
677298
946665
597045
689035
329158
646869
880856
115949
537222
854988
23026
383730
547275
902666
353400
549319
898774
907452
374564
163179
706213
456272
544253
175829
498712
161030
903038
834500
979845
704574
44684
767025
729027
659427
39908
722723
801158
364671
236923
245068
766840
563785
219645
291138
154420
143406
229620
526945
994055
367571
583933
957888
41909
831705
73084
877590
488209
598126
108658
68973
519313
635594
806599
24405
201526
476334
293274
965810
68218
823117
860045
540960
766583
967225
715382
938406
101657
666833
163213
457478
388819
206088
195881
785177
586106
285328
139047
302735
961117
30073
880717
51103
561331
492527
317453
511769
632852
310808
79456
306353
529355
583193
877467
559948
599474
356162
539603
238099
472028
16002
320803
345826
973343
515980
581714
976865
143164
84021
289566
653510
39827
31981
874281
75297
70557
25299
656841
682146
650870
812581
661611
526847
65620
894497
319567
433512
65073
847776
428372
601922
245638
69709
950378
380521
804202
26909
656633
396155
85127
316871
672581
435417
192358
456114
111367
209524
177365
283503
849298
857897
912691
111348
266418
344600
747049
97362
951271
21352
696926
497905
485934
262908
446066
836824
401828
532202
560494
977711
17774
702719
559595
371719
98787
453218
782921
156434
974673
226287
711042
781628
975561
310840
730939
547447
655799
984887
925191
949635
124313
471189
648188
520969
54446
641665
816539
311584
44048
342001
776580
605994
957104
59293
33371
187654
906738
835432
944252
740407
837881
712357
918033
875355
932456
868568
261059
186995
881281
879393
438583
509343
560171
415924
306854
37830
593768
59276
554154
956969
753975
679429
248713
311134
155904
332848
223118
246121
837043
84692
101810
246251
447499
300081
589156
791125
892653
207033
574913
530475
270864
532105
498492
240442
680652
240980
369281
648064
172161
990408
748096
431823
481724
370582
553069
695830
656686
356841
544423
625025
787707
952895
996686
543093
543786
439935
600884
536015
55613
157836
362046
650646
66465
375484
859248
466196
106658
212398
748550
249052
843244
394920
100767
111456
598305
870786
607236
12653
479819
157364
792333
386772
109832
580649
652116
813886
917295
9885
949161
534303
18840
479557
91958
909055
610939
612383
857619
203021
329127
982864
923532
306684
714688
497198
497836
221970
53939
490121
476251
525551
218043
155048
736482
895614
24571
403657
143943
796993
73364
123529
555545
131503
798372
436750
880081
484856
358074
434150
47771
641481
230945
560758
297500
676712
811198
802526
25726
884334
690812
653336
389455
166627
978339
203004
855858
172588
454536
255410
601057
883281
184160
45129
235026
107453
330431
252378
991173
895963
727247
458463
649000
72661
626734
204038
274554
34715
432882
647245
270306
69084
11022
705798
439014
341593
620919
708282
239643
647600
965331
584557
61711
809755
273095
901326
236425
722187
258826
817541
642840
439489
885605
525206
236642
293111
533264
827808
497564
658895
815663
687689
158827
716479
914140
614444
140691
202168
75617
949550
40095
458532
418437
546703
822639
900410
226138
78340
835093
260474
964500
913861
831365
342748
964179
706646
170529
605814
389743
571538
974567
310375
797725
304504
11503
599240
784643
777616
138705
15625
972469
662885
517750
276630
393578
489224
878934
922833
171539
972138
594346
207596
968325
8335
307571
870625
643839
752296
243054
793819
371931
750974
146425
334789
514193
338170
708120
613631
847901
816530
885840
432987
913669
166393
665320
806121
50011
705860
121850
157960
899698
152337
629670
76425
794038
709245
279867
486396
199667
867542
764870
419849
668572
648113
317207
82508
625553
83898
804625
880101
541582
321678
65234
414586
685990
191196
805835
152326
661034
682426
803299
191600
981225
25491
665838
80785
330948
920987
878317
874339
227483
963252
871454
637013
592101
331093
723487
820517
333705
517626
141524
974152
689606
349282
751652
519260
967408
549452
299822
287392
80104
453150
552111
718554
822162
733675
166478
197086
670126
12713
766044
840670
529701
417991
150950
887149
412301
40828
6306
15659
216165
211310
438191
550973
889563
936830
680565
876350
963287
638367
315193
972886
913899
985308
205857
382133
15152
68207
188856
17168
223004
944621
353940
908558
376372
37772
837860
16447
888002
519558
62344
888432
414806
74126
388574
303986
790590
750711
240211
208941
402324
494905
585685
818542
416773
180930
557938
22107
349646
995470
292062
953810
480611
680339
490177
958749
826857
825213
708739
840996
838651
685605
610445
39646
845623
606378
974787
283587
734691
244521
824376
404072
674897
736984
458944
500303
519842
983719
469649
69690
953705
876988
164309
571917
386110
23760
110098
766430
782325
848875
666692
876121
92982
11061
445340
308442
134141
740475
951189
356636
811198
441752
426199
977520
233778
561635
656181
860784
369676
128414
166294
485996
287966
282823
636641
504714
460586
492535
872865
351571
321048
828272
855689
148216
44720
450200
373523
946288
252685
522794
697796
744502
940437
437910
542547
152905
331990
403778
119869
329739
405299
917910
307051
805564
898179
739499
252751
998869
456511
549253
74898
921157
657591
535481
933391
656619
634833
893702
760144
578032
810971
433236
797359
797384
309899
605138
58321
989823
306277
79279
92035
602777
223598
67490
816603
967833
457636
224286
611184
304526
141390
228131
398570
790134
394338
733562
356747
813092
992083
422549
647828
10684
102855
281938
711279
601525
327203
252682
294220
207091
349590
922155
528349
64332
591265
745365
229025
578328
777794
399948
895184
288428
648459
903808
3171
708137
551504
402423
513404
362422
619023
494448
968144
445238
163754
532456
759578
324028
397307
729454
424549
574217
818205
470753
863484
106933
151439
688976
457162
926066
282705
267936
962385
182510
80659
676807
861209
634832
64160
364535
327242
326600
833732
520526
825973
423639
376303
637858
424128
986708
393657
498563
936997
408581
479299
29242
678384
799673
361289
452323
677525
322747
638079
396264
353325
498691
685512
120013
48544
981067
538659
681754
16528
336963
398525
205155
16602
383372
586458
669421
668120
45371
372924
114328
924175
121377
524416
129567
112298
690882
748315
386311
496576
573357
353453
209122
541206
101261
443612
543574
587201
897165
903202
335276
381481
217483
662862
30939
74481
602218
27186
715791
808259
814111
70312
821662
406558
243589
598378
870729
325229
772255
863114
973270
792783
546858
780952
932963
457651
327483
613256
563770
468495
716115
675106
372305
365650
163321
274588
534648
448867
71495
666906
719545
661731
216150
31808
633654
664329
235894
169749
629148
370895
833082
664914
582758
429432
372038
6737
896834
481418
263946
269631
666272
81135
821603
787437
708497
844166
918781
126549
184496
888997
68851
248375
181908
160601
8313
286528
243051
477285
191777
786766
307832
153054
450685
81165
745657
388030
728752
13095
300859
559942
996663
626217
197888
101887
783400
701852
420160
675192
700915
694864
782241
870604
541367
971890
289173
142226
624850
82592
123853
131713
117458
270057
239575
288863
647399
358463
915210
499602
198912
160731
538816
963862
722046
743001
639785
507091
550596
410442
51385
684381
134183
310588
195268
362527
26281
979876
364188
914868
753076
78485
587456
918308
552056
884642
21005
171771
738174
183748
766989
35318
165286
781737
475791
813090
764718
668331
731750
711293
945815
933281
839015
972212
116879
61050
977786
955361
4338
72335
678533
801100
211580
91689
648804
892099
490297
761232
148479
380164
260921
941633
666285
809068
112015
462434
715977
861701
630107
328918
186894
683560
437081
940575
386922
164553
61694
980749
759259
471247
172288
284203
139852
364994
640729
519638
718521
475109
35808
765885
114141
834371
961427
955681
242818
123156
468916
675565
890691
138151
40084
423571
75343
612736
925023
694800
532732
57961
495918
738109
639452
640174
607962
326554
734803
106515
478258
566147
207036
595542
977879
203971
166111
272423
83746
201958
646978
71904
88417
963921
245614
95801
751180
490045
41043
517805
991091
808156
475258
909195
978142
950926
619867
260360
303124
996465
592734
93803
154183
409156
644620
636276
406699
483894
359592
290736
794404
294339
509008
975715
325533
456279
8263
301256
682393
958416
97293
773091
716975
840012
312516
551737
862811
676581
913156
203186
97749
518280
233585
150216
189834
132714
794646
361529
986431
689464
687398
64690
398158
402601
961148
3550
632486
486595
484985
618465
357376
454789
932279
422784
563810
517534
609187
995535
778694
642244
536100
968879
862570
774556
361600
863475
624525
918738
673967
571460
509588
228478
25908
230568
137242
56010
296504
387608
562
554551
735883
545941
67693
213827
519717
915721
766440
781269
663685
599652
906642
397275
770234
949707
322714
598037
663123
48398
966613
476953
782054
666855
91768
47871
654043
517637
969520
802002
200016
951578
591504
213646
397349
166658
880663
796198
579354
554407
460049
145152
312702
873871
390391
630190
256866
335794
837767
555333
844970
979003
551747
138526
238148
267922
124709
277477
238259
180502
135260
782129
194433
591067
446145
548508
90655
393208
201111
444695
74658
230934
470520
32554
218988
396260
169673
265081
226426
696874
907910
465447
157765
645862
369098
47537
213149
895036
629810
250136
815408
764894
89605
677031
993152
984027
745006
699666
926935
779456
382754
600784
958474
818341
243850
84135
117429
69388
632476
109756
228981
133648
834399
406725
929410
866858
180257
279941
626414
75608
774231
51562
794871
524062
338652
132760
257034
719274
821671
695853
384790
222657
20850
81316
154802
702238
489014
727086
982997
485486
905843
803085
582246
436764
429401
855145
125919
241174
41419
831700
914874
816476
164713
846741
207398
14722
82308
991331
698106
10302
190829
536204
990029
557815
481349
876258
779055
540441
445777
196921
764005
135096
679720
907058
724792
992220
384412
14914
518219
440957
25607
552283
961907
824729
4260
457135
522900
305030
960131
840233
55487
769918
937058
731337
93801
744306
290699
432566
858178
904618
860757
867491
653746
234447
15043
388555
767626
668255
482152
746004
800329
643902
654859
60692
834918
522417
617668
128594
272354
100237
442148
617802
454852
152244
869951
331681
14242
821715
779338
344112
172198
953098
675599
150311
750132
770719
654841
242249
450716
933318
690498
484354
853397
878263
709223
446652
703466
253740
78787
816873
646016
40138
617939
350058
334656
36804
846583
84972
633737
30654
269489
127639
320906
603119
674002
939367
597608
594030
586930
486927
417760
956723
935290
24254
500819
675825
543340
885821
400109
390673
623868
839136
378049
590857
323837
608703
505373
897081
274185
520595
992589
688932
902839
394766
165794
88180
19386
407366
143660
644045
805991
749475
491461
166579
760075
199933
248041
485220
16620
101977
309507
160109
834771
731102
282243
49235
203315
462296
862570
916252
617855
84120
371376
794602
798094
659357
950766
566190
351703
451998
827607
677920
850968
803656
956864
643217
332534
362710
743107
363497
70128
532167
158913
471942
552744
755122
700154
870242
422998
204791
96707
136197
236633
477156
734484
607376
992687
941008
583154
100497
769824
689147
567009
491055
958047
597715
202745
961450
754992
482758
700998
225416
29636
568278
842254
633833
894746
971163
473754
978117
605243
810633
707268
394350
482792
948408
497118
774698
30296
424015
812018
73695
652564
863418
802513
695253
500035
515391
172787
255514
404866
23367
900585
919544
400502
552509
275811
604206
663728
673712
798486
746981
904429
741299
76273
5169
757681
242338
292858
699297
511585
180308
681765
108131
603276
429096
635745
891667
262745
616541
713828
132590
555009
125895
943184
802690
187462
835408
534837
394086
889558
591326
901089
21257
256749
354213
942687
234217
230435
144851
310840
94836
406225
174339
189050
552671
770948
18419
628336
896058
548661
677390
50641
282071
143892
61299
151228
104295
174384
219432
187387
528826
898602
260976
325843
824957
598819
830130
486858
628453
469226
214335
982068
521709
652990
483709
513911
653238
895675
816238
62137
167641
733557
545696
339092
60781
848241
408120
60971
724433
794611
305517
729950
470393
28079
656949
577358
157222
190024
210764
755764
501514
769319
114452
617882
332275
388327
217725
993412
119689
284614
298843
711588
892828
166615
972930
964283
959610
208290
208555
10160
185221
599669
323650
184914
805302
689433
177050
322345
148767
709886
642471
930879
799772
534497
93952
694787
344820
547555
193337
819529
489378
837720
383340
631014
4488
74033
211930
865950
957162
383483
328905
798691
777607
527110
469192
239831
483535
537104
962301
924383
979531
69259
949221
776816
35529
10028
69141
713592
77229
825069
177874
545408
46245
917075
129276
341922
864685
579095
430537
7821
103784
426044
829312
672363
649513
188873
971270
31709
548766
211783
170122
707107
894606
306016
210215
167596
945310
435790
457750
327123
950844
677074
804670
712670
594163
492808
992356
773899
731599
204687
342960
610418
686070
380090
729937
683248
861699
760531
829266
672860
898493
170914
28868
187169
850110
703683
269214
898473
13869
804312
615928
979443
450786
447050
225067
870943
909069
554216
956464
149471
514192
339951
264139
448102
293616
262025
541467
495185
547702
436221
925880
765395
275084
566583
859951
679562
969674
789769
167916
779912
104206
688573
243078
483975
821113
346471
404314
172546
505743
450
978210
938705
191754
319387
278507
102550
289800
419838
845258
227550
502623
718394
91208
49778
654252
768491
880972
41172
182664
786973
577464
794482
706135
949962
29457
213720
891080
49350
71525
685588
716316
814739
529843
378711
802139
558887
805381
817230
144317
698755
510626
748870
693540
671785
761962
549833
663717
543109
672152
824976
619525
161352
451906
711676
365930
41355
899026
847762
133949
111146
609781
404510
298757
332951
607370
123708
438649
293995
926578
597585
167265
169013
734703
107270
651397
693396
508801
213390
128053
354110
443046
898433
770975
509970
332013
375971
711545
306567
838618
991811
576136
105875
713720
442658
993978
735844
71419
23949
80287
556120
648360
794681
892791
145839
760624
450977
803895
576937
358375
852696
817341
597018
32461
164169
633869
416301
107797
792826
884205
959842
678692
465101
597873
984736
212595
599982
63844
630642
783866
474762
601369
614273
712655
591840
911752
781431
226174
846148
219892
162411
499735
114703
930916
261006
295251
355053
353919
491162
626092
243826
559950
440975
327125
905933
822693
609355
281475
121245
499839
583666
812757
447531
341484
26589
458823
866752
81202
876655
419230
87171
340073
170161
818317
941872
373748
404840
105184
304539
574618
868234
391740
484710
668737
74196
397211
15142
469017
927066
654858
958146
936468
713377
504476
958296
161863
950754
542950
758387
53325
254183
835067
81102
377201
512477
991104
848616
959034
804775
878629
480990
980885
467722
931377
758312
503508
70010
302655
102400
65783
823007
91421
371083
337738
367788
510425
19088
785916
950421
919870
52135
606206
103792
904369
450409
532092
587266
410667
740945
238266
366775
672990
189160
389596
530996
462073
170766
506168
164709
811307
235872
55683
909110
617052
913763
363511
591985
934598
471459
252503
510683
430398
993488
620574
666151
97143
972700
782475
911884
412769
537182
801008
66810
141824
705250
127058
597392
432385
980077
290252
746037
742869
542147
938028
518730
430972
589968
380714
32254
241601
444268
96423
929445
868731
650761
556829
167951
23276
965408
71498
576021
256030
430009
894893
452505
147961
186769
992736
707247
465968
680689
175775
946184
880420
224061
932278
561800
300337
475877
37228
755657
588368
114092
782712
364164
595172
939579
998033
182017
685706
554666
593440
824924
274845
660257
15002
387373
306662
250929
640165
95351
780912
865120
888268
132145
674485
973932
546907
892666
252978
325652
45904
32169
850534
918673
415337
94842
363518
794000
739992
819681
234346
390942
897626
390378
946596
836823
646022
657616
921926
888463
509724
424414
464214
443534
586282
91717
166327
418877
579844
367829
741321
274713
37186
443976
443715
468385
710308
443957
93129
164238
88092
530744
975543
165760
788430
131436
361804
514140
449283
413890
873956
678317
773566
548345
647929
568388
275542
675271
947218
871735
148114
282330
968149
870841
865455
444620
839179
922367
744116
71666
97810
909292
516990
394606
456245
16677
187916
314975
478733
564926
578379
754902
739878
987771
38366
683528
888246
640164
811866
667097
994149
429298
372567
240830
264497
116089
563407
643725
614507
953118
456030
379300
336096
412107
78406
779301
198899
166265
763279
433503
666853
545754
67290
433724
945381
182026
523603
493734
96576
742177
326388
883169
772644
135949
861549
574279
573892
735678
620026
545915
387948
122654
274956
973337
549551
854197
724818
788438
691268
915731
257370
855027
897353
860579
952134
394063
572239
565580
452127
99555
819016
587805
639568
215215
659700
214669
51632
631211
593061
832711
832962
39550
932854
245602
984282
199271
77986
561253
129855
654222
543100
958975
926980
76990
918070
266700
424913
57904
423155
96575
360509
4445
496698
573985
578996
28695
60265
364236
410596
939393
607296
929879
478330
733942
867035
836619
576514
979052
357381
142150
475776
578826
85185
628099
518730
588837
717849
965486
656142
102282
750807
467130
68313
413426
766445
855343
584128
784372
227701
30567
853170
179714
969615
668516
841617
410054
8302
170524
6920
965250
376420
352117
194594
718040
652299
197479
67523
545628
913741
281062
49760
268198
565802
817571
970120
461546
109000
512262
203885
145150
904823
431020
357864
796766
749756
729433
383451
989854
952267
497428
282627
561397
786641
995730
928312
455411
656586
515850
269174
182105
271880
571241
299334
721260
270725
384404
880981
734183
861700
626635
13780
50149
397600
105027
695510
807461
201580
962447
567251
565751
996842
841927
561385
608054
371388
699124
729842
803997
832885
439161
551252
208052
391246
266217
687258
717488
63057
974021
633510
364238
71797
170222
38833
750168
899506
710549
648399
66555
238755
729124
767789
178321
310547
563870
249808
942414
587859
602585
536663
863379
858486
903380
153970
257740
334531
884359
36415
807817
922370
791021
960278
218544
236036
805158
240584
245039
728140
301466
279418
81097
561525
712742
404343
945471
327828
531393
711404
776862
818648
436867
373098
433120
325765
563549
287470
676015
421417
168517
402846
261872
65867
584700
59032
945599
958925
639288
479414
830972
283513
485573
241928
902094
84670
304829
641974
20662
404984
658556
928299
90699
172992
86641
492626
901031
25813
832732
186551
835029
882853
945888
972459
474881
104463
458425
270131
474887
541445
202280
922530
356722
878529
12409
52481
652692
869797
173357
269911
638371
808839
363380
467237
228354
141023
227091
670634
13892
608256
47924
700923
384940
79411
606934
267185
176258
812033
382006
10192
466788
964592
284277
340121
11514
786874
898812
713321
597706
744489
447472
499475
283158
423783
566492
244648
966001
880789
339566
387828
484142
398968
686176
923037
907683
879779
207191
95807
184750
153357
960725
774941
962653
510448
481007
799408
351272
697615
203423
86300
83562
265438
272258
696886
132180
223106
682028
443082
342660
661642
446188
963995
646932
989190
763252
447694
760224
538189
223469
483534
444207
826704
89332
829922
822732
748431
751593
63367
13661
835049
436144
550985
932242
133552
525900
433063
409226
682371
326862
892829
73581
973111
985741
246648
700214
90317
215068
26086
524576
94512
923088
997267
658337
419234
260965
998497
266691
535993
457309
36501
298745
982743
61972
637428
833180
710647
247548
64078
72009
114284
607314
78905
16673
759606
915020
523977
307452
536228
453464
561268
657601
640355
603538
720231
556848
920904
938583
405667
671060
413366
299045
797878
317442
748775
43673
85077
82462
611039
859548
964393
518518
196850
43087
264474
592384
33506
448635
968936
828203
733507
73007
963626
471277
742123
756772
364248
424424
970479
431032
316871
712251
593860
796687
733243
967219
575291
966370
759596
866562
876808
778913
467820
628082
788278
35978
535108
175746
416099
861702
499646
406384
285395
834073
476281
972285
225558
376622
849407
400982
513940
464600
251078
891892
672706
312488
235150
574108
581961
186701
648348
471135
275633
734764
74694
857236
512476
802198
477277
591054
735272
886650
316649
452074
562302
886437
734285
871651
371485
522932
644366
733865
846330
340591
380213
499581
15122
702943
800061
9126
748253
611616
147856
325143
100655
535000
503155
37932
790104
982394
889589
874121
247444
398944
486039
159299
352874
794307
574226
967517
407601
728422
344261
532122
294337
42713
805465
932925
977313
404285
425768
571505
84380
604655
593433
406955
703192
225258
604244
894205
993875
692934
218974
453657
912579
640392
31086
592652
334175
807621
245872
457881
622113
510076
184158
497386
970569
192371
572627
93193
496637
367358
86314
371430
281929
437058
168666
59544
74482
753596
199260
315948
345627
509716
375233
655778
667039
175102
266579
255708
86890
554117
436964
180576
487997
790574
39402
876746
754244
341912
262829
252222
634150
795693
847027
296428
448458
540080
899402
717910
418988
201677
336167
236369
161926
853689
970776
870325
183687
101278
69533
970945
332099
270555
617209
744530
773902
425005
558000
395438
201095
571274
158879
129303
606586
890887
806609
99174
764403
423024
8585
741594
840796
565083
307093
42243
91558
36123
553354
360028
703208
791169
304249
542513
329231
885529
240078
578866
810134
11055
97415
237201
253545
277266
756113
895476
286539
838831
357597
334840
603253
887314
214412
442003
238297
761637
222333
490797
504116
960733
226177
954062
726039
159525
780154
530026
827801
209283
964837
466942
332442
697762
396408
308178
207539
457303
471330
991406
591147
715792
462906
194145
501115
996289
141600
932552
307636
353332
596686
2548
269332
566556
624699
562304
278965
115588
723466
189175
251654
977480
877489
853255
187788
446566
757505
162724
358236
530727
898672
844019
775335
689708
430524
712805
378235
231273
575563
321274
382511
864270
460207
726437
245150
232536
303087
302372
409105
361701
528975
886807
797870
848995
991842
328144
485699
278976
687669
326976
118006
796737
767546
560198
346844
183273
190138
521296
528690
924428
389923
95497
901304
215152
88671
219168
539054
565029
478771
920621
388986
908774
603114
293386
333646
3582
915258
263251
184930
279474
914983
931694
648255
156327
406603
189403
919129
10417
951436
198548
234007
498629
852797
246760
994688
411174
772494
818612
715196
62370
271637
248057
432367
566091
251475
392721
702700
689254
710339
837380
497137
104968
169714
623955
526909
589686
326447
784185
368526
867923
455226
701544
594243
499595
123922
164623
300026
569729
863799
872105
5949
190941
46721
952932
636563
646243
683498
512969
499839
832827
762399
705635
577145
321777
545554
897731
701775
368826
61907
977805
262772
792327
481918
470393
874682
529125
538651
147761
859870
161212
412494
950234
344892
760604
34780
616629
150431
413184
527105
770093
121342
174385
326705
788671
401732
542172
420290
823184
103440
534417
978137
439058
689543
947275
2405
702416
300267
678209
376169
17886
701158
857178
855446
620063
227071
239545
130170
807706
658805
431955
98991
448615
776344
859341
206759
603167
52004
362566
436252
367460
776794
297170
216526
94532
205978
134158
921935
251182
325870
648052
475020
163668
293578
681732
675702
342268
502006
653748
979401
140174
985003
660783
971333
404368
689508
393348
923079
321652
403898
375310
196804
708988
361959
742720
422719
446102
15207
553699
651689
833187
213272
820052
578328
46051
335610
957262
698410
454158
936643
567955
578299
717677
447060
26938
528519
456896
467664
671880
317252
190292
872638
784206
643604
382373
839151
770177
984272
999223
601530
843661
167933
69865
225239
790585
794105
353227
630493
253434
571349
191688
469747
766547
433532
359859
81626
397787
46973
29550
502342
876141
419472
820588
157354
879476
504505
468743
838899
212059
931334
842500
245362
272243
562360
559039
642923
917361
464071
591680
120692
832024
201834
640451
249551
195373
1275
758194
697007
971290
929819
135406
659376
433071
973231
232915
119448
61981
158699
416574
660849
65474
548995
68339
356879
182318
780413
946783
844979
283748
345984
261085
897718
688166
562723
316617
489418
146196
942343
244776
789414
997718
421680
496616
122178
146076
308801
101897
995697
807551
419389
411267
22024
777904
797895
419893
884629
197978
757646
569200
462999
152542
774745
220213
840
833876
731350
486724
790555
885771
436889
833460
621948
528602
631548
415731
351680
836588
40922
956358
14590
871146
832651
661735
358320
332860
195084
710515
396564
619597
534815
201395
88557
324542
420804
786586
977224
682542
824969
768964
729940
32668
352405
865681
885512
220107
698740
307556
991440
752201
399003
129986
656136
735329
489238
791253
169150
607913
795931
837140
144476
357440
385980
928336
708604
781580
250685
549997
628525
597935
686645
844755
72099
151173
202186
30732
589423
588911
479684
74357
969192
548920
288035
744309
428920
781756
928047
907881
193882
866505
521461
218531
771588
602971
638830
902198
950671
568704
700976
849677
962883
651426
266288
710440
803416
216778
797002
484971
879112
581370
973395
633009
217468
886387
390667
640688
548942
534095
644763
27642
747286
631218
548633
858247
384536
591966
34123
118153
993960
550917
602343
209696
302508
344868
339088
335184
317317
347911
375895
571713
155785
527988
828557
114745
482681
517626
367008
46414
337186
429764
339521
975456
533537
263649
307339
23504
700769
267102
898024
968822
462879
260279
102099
983888
103932
901067
872708
14336
718692
627346
786764
944628
469145
803433
605894
170200
808330
529860
979000
919344
374412
328207
829026
775586
565575
69911
454382
933107
248389
803532
447314
62831
700994
160982
554273
920869
2917
109529
978462
401785
348417
754486
918170
150620
649714
641932
769693
208094
998035
842117
924198
78798
613191
393519
722591
537779
706175
533859
321569
363973
975365
72107
53530
557991
15595
41223
644752
863686
649882
52457
822714
195146
403576
113615
449865
246222
603617
943357
2996
925645
873742
449245
748680
746439
453399
756057
885305
425097
885765
912647
676948
414574
63498
884358
679150
797930
829197
884999
656631
448908
576906
161833
97190
107239
871774
216429
141221
613382
992479
745878
993535
885356
713514
644484
939216
10448
434107
578242
579085
135750
244757
320462
830936
108273
664780
287465
197938
997157
644784
647214
286442
528052
226510
632489
51971
594163
517975
876907
162711
688623
353472
201625
110041
642061
317597
996027
236118
13610
222719
766098
476475
503184
326903
42424
149359
341799
413391
982831
64308
316870
147835
190608
202611
525454
778720
976045
788667
278133
914426
616256
866337
692414
305118
484313
973605
345438
637293
156609
337625
24109
168147
955860
692581
483325
587548
536707
281746
133895
476518
367979
728733
865885
821707
97093
52458
990980
629005
24712
848589
174476
873685
241692
509163
881452
420560
152971
726325
936713
969904
159570
577769
942672
29500
541421
303643
59986
379605
958886
501962
589828
890147
715391
881521
808402
801789
745748
842650
785103
417002
642720
937480
886504
215515
798045
604639
921233
248692
102535
691092
535465
668286
948151
151898
95622
703610
763847
733012
807489
708744
433744
699610
749827
673531
223825
179753
5690
403513
939122
565708
925528
556846
130049
752848
374536
464929
211162
898187
585814
285515
423531
961832
831168
814377
824098
203168
492277
852142
121297
661207
308493
787218
292183
799541
478335
798579
655408
254229
966995
882342
936587
950848
260
620371
749879
645090
601444
463171
289036
288287
31748
732369
906109
231075
10564
292223
504726
123138
652709
93141
754033
365546
11543
7552
407399
334607
283657
434982
971301
390337
946751
446391
754580
917062
707606
4015
28961
552384
466029
571488
804048
317168
862742
372427
59556
866183
315444
692063
624153
515671
918
635323
637336
136657
640163
364437
497418
89321
803302
626604
642385
197674
975213
235575
295961
558190
152070
894774
741264
242573
356670
753795
930367
947017
630017
776943
650688
382668
373209
814537
666461
572770
654274
341613
309050
354662
209646
226443
74057
65711
527722
524733
320112
245210
477750
806807
942334
220716
256984
611134
912543
230789
950340
594634
392895
619557
688805
100924
255053
854704
283075
725018
84395
221407
135127
733962
2681
37508
227734
759720
836942
8413
442546
382904
152924
207542
623745
710984
171351
156052
235144
490112
322029
477242
274889
752594
81901
736010
746802
895391
476473
658211
991420
237032
976815
64883
532637
644676
604453
381072
75717
830480
654596
248773
371191
948472
826577
468568
857760
546949
285932
803910
301231
514153
24965
720939
906328
72010
978239
835516
759337
934015
652172
896125
112271
760640
997236
246171
423794
983689
901684
645280
708672
885608
700942
966834
598035
684103
557620
355295
926944
812975
74803
884292
228087
727389
586883
124065
327106
492371
578775
359688
513472
709671
359123
842470
305458
294808
507384
718814
74677
879523
447991
754267
611536
708357
227453
211797
946278
570068
324534
931063
267026
618331
822517
237259
896578
350645
232315
347007
786439
722416
255969
682825
843155
380569
429943
723847
282918
392752
751448
200864
686716
424264
49517
627894
545073
534829
617604
890730
399182
710271
452167
853490
105492
511155
774348
274870
685576
991
348337
909413
801296
463400
369180
585981
747394
542454
472419
899063
954003
356495
548824
268107
811293
622147
940875
659676
19168
288607
283612
121392
928444
907523
925846
95978
193388
140076
340598
181970
126696
489054
118641
583576
261351
498990
660783
142192
280665
388709
115719
497776
176379
30058
947024
757056
34025
987186
497083
781131
796188
102821
734130
970206
218807
352945
813955
28702
991819
12155
506852
793093
959276
553922
434542
70888
486289
701671
173702
298892
844021
99971
849836
991534
916640
40317
76531
458099
393174
689971
393017
418740
232910
451359
942390
408294
159273
728267
224762
58767
706794
14945
454995
727927
359427
361781
288683
836059
935426
487478
29045
772603
133400
213222
527975
342029
287140
347325
497582
609082
795039
805489
105962
416433
314320
383790
632301
800677
584462
641900
799498
998302
460432
266954
500851
295812
16602
222740
373210
956914
732438
728048
570644
205567
201426
235341
534839
56849
750966
159906
124846
549074
68632
835153
267881
799712
26326
879721
737492
981695
766576
87228
121383
831347
397837
612783
96637
942878
762811
277396
121379
923383
344870
289361
653804
748133
985505
680881
687393
747672
126552
796550
664276
174018
53730
416559
492392
515518
350828
363076
453906
73283
656988
802078
174133
332744
24754
314052
844953
599361
378592
870284
329881
213852
344712
396328
299734
364077
504348
89765
415910
940002
709032
953483
578759
42414
991597
175232
944544
699707
411288
787590
732755
543204
431641
284147
508452
219188
523825
766772
579097
521993
457259
490177
474935
641996
346828
142704
23558
194259
355637
5331
681220
380661
767295
715762
565108
324135
676419
551769
974765
414107
563140
877263
322938
591725
515946
988019
652599
816863
848427
775033
566965
112752
798694
34220
183753
795917
628146
652377
183562
915253
603277
652356
745635
9700
833669
675154
807506
299295
80410
547312
643423
618789
525115
506040
64387
534037
138081
834547
384504
114461
134724
147003
484329
673853
871932
344109
705005
684767
318721
472528
92898
900279
405614
99763
336074
198943
341078
475420
532852
875422
195285
307201
758376
914627
105044
782414
473488
355955
860031
806397
288992
576438
617978
145188
558718
94589
460221
152854
400041
545745
414668
46227
144531
422159
538377
874152
219252
534093
84693
136971
100344
625103
492369
964267
781840
413487
55055
788821
214420
7117
641312
262940
567890
539893
287565
298572
780975
976191
65354
381397
282272
25095
334978
153976
499535
491260
862539
131686
947869
665437
932024
541780
86737
542532
629315
470917
357114
983935
92894
94690
561516
881980
220181
464259
252728
784783
356568
736425
55904
207905
60429
873118
587055
360691
231128
601679
821758
758125
503554
393131
592640
340174
182404
928339
277541
120563
872855
185915
106881
515317
275541
432688
201688
115812
134186
664660
112137
889270
69194
892106
471066
157138
142193
800171
134978
318332
906090
762425
58030
868895
794173
858827
831263
654907
47269
680844
597388
569064
52363
623289
4635
420343
861740
988584
97665
185471
277320
752941
109408
897982
599870
897699
245105
707223
159065
925932
973229
494858
764279
443179
598532
177589
2500
190475
67113
94028
115229
509130
258455
860358
806682
382699
944664
42042
778526
645378
957
311853
714600
298365
887793
16280
270851
386746
258982
646545
548180
490121
394858
717717
227556
573742
918723
217357
640581
992118
738159
684769
121486
143711
728888
274526
938242
321500
724892
980160
603722
182396
300312
79985
748061
42795
324443
155216
12153
847824
188503
291140
601519
831678
769735
130672
720033
771172
268420
652968
991227
846620
990697
453721
610658
87059
799484
792999
307524
759597
799334
926677
73164
342103
879617
653745
37579
251708
83069
727251
273506
459387
978614
245153
157613
276902
985138
663493
206599
743095
56187
17422
518514
378252
36570
140772
655291
884364
860531
613122
316268
754572
889979
780194
287350
849676
761325
957515
198401
301316
253909
264967
435983
915574
398263
722296
541650
503676
232499
595584
42750
542367
829532
613822
908313
899463
940478
821711
12483
613280
498878
678639
732941
67396
158285
802094
802679
399039
905986
646567
575291
642342
623815
503138
104020
506823
276788
782099
980678
578038
406095
59570
226023
889029
396419
355971
620107
417887
947754
189881
247847
605646
960897
277092
987890
852061
647821
171841
770181
797679
371901
910180
877340
116819
820980
682565
396537
54022
219982
758130
398473
218666
481697
285698
362681
559291
938428
474054
915614
994868
26430
899024
913703
56048
108687
791075
736967
764900
877083
863207
253321
594261
515253
655701
407723
969721
480955
272524
891237
739784
111456
398430
468043
740405
307500
15534
157147
350378
567037
463386
691969
971535
347114
559451
834741
993560
846018
486282
707175
939347
658544
947012
414977
647335
304011
773933
649447
424314
273948
81861
708731
860767
648058
647148
784480
274551
188462
486766
919532
628985
997922
735592
874251
851035
294003
964860
812847
203004
878916
441727
35595
185220
821183
381317
642898
639295
213884
711541
803650
257137
5113
407
613595
903703
152965
897093
99992
616993
860067
569018
776816
396798
371790
473602
513276
836692
481655
308575
119505
540978
515430
392197
213233
443441
869617
661840
731586
984145
333099
459686
458026
226324
564250
770797
229824
959093
899346
410240
281914
970889
520076
592696
323778
287500
160214
888809
18666
541110
883287
879432
853094
458507
432846
363120
460151
232652
386575
51832
361339
855531
559569
887542
759393
836839
77868
247242
75782
882944
825461
888954
549058
230296
913775
557147
111721
862502
88885
634325
468792
587852
591972
935637
953997
792512
345714
970265
80050
277283
872640
340583
589891
396837
955493
162447
758699
492874
444942
734744
938179
103454
59444
471187
138496
36111
232498
624248
26365
646001
783362
287700
235780
503142
499516
25531
396874
126549
427610
95519
45399
260248
976492
132983
120820
829076
149563
815878
203838
263795
200760
191287
103488
947772
443833
56736
287825
202676
485814
382209
397327
925867
198059
804998
625759
61180
812049
66931
44334
80978
201368
64101
318202
445091
481019
619979
330213
599863
90236
206925
616293
547991
29602
786360
521246
300805
713257
19898
724747
991368
634715
962425
127419
518409
625886
24146
316626
800785
216445
499068
529740
417282
389701
490857
440790
724424
232840
835981
891018
306227
619860
375315
250600
139936
283396
118612
697184
768191
889007
592883
602487
38706
213870
608053
385352
213864
780887
177766
911271
549046
57034
668383
457038
599229
38120
847355
467817
535460
53016
80875
337166
409489
137071
930285
589092
737617
6927
953775
98985
406680
460025
235653
208658
751590
348473
757575
764266
849875
265803
222256
214949
989708
111267
94817
623986
110764
74280
562209
782411
766721
288532
938792
947175
238999
921338
593021
56961
25965
840545
157523
49354
400301
50213
115460
738573
425030
638674
13211
879159
636601
356884
384940
260380
263755
173952
969450
99421
50983
246219
522786
559879
260083
137714
325440
324671
300972
181092
404264
553630
997593
350393
451764
381484
188038
483578
959103
932298
215279
935098
340836
99626
735455
965824
213058
591956
997556
499899
106979
832801
752037
22889
788858
787183
602969
509951
312377
700850
56293
596387
751825
115519
520155
893774
329490
345795
423195
767909
866446
875236
22853
781200
852780
543302
365284
68977
542855
315924
627691
20720
84841
519341
709467
115193
142492
355643
405740
947425
756081
597826
782661
970630
236037
977545
166546
159700
983444
675597
966595
261518
366304
750911
249796
527818
935878
76152
836896
233216
980821
289317
356248
507320
230631
325412
202105
607084
181641
410724
140101
548367
300967
965506
467180
970616
733547
139689
362356
676730
390821
379127
170908
984883
68287
749304
236067
653877
486429
41393
16735
22432
831925
617319
586207
692493
598894
750463
964494
382490
440401
15138
576288
89439
359426
327025
748695
218890
925403
222455
942072
805892
978851
764697
634056
277604
818729
892949
72092
958001
68177
184427
786881
803392
196975
305347
287636
744362
432831
307769
483821
321305
133649
844922
560563
787576
198541
860982
282936
620871
93523
838539
595293
622013
41306
370861
714996
868502
74057
237290
638421
791846
228774
132869
333679
874652
275401
598601
349889
148857
329772
67511
56726
755475
345467
476596
618363
818654
904062
318945
296528
419610
966691
628934
571228
919554
77692
894742
767465
91371
734223
910449
117049
287784
269424
865463
22018
926765
906265
50523
8993
952424
551049
540360
52178
349057
563054
653128
582777
340025
589035
309853
979357
145212
336094
875000
580854
736660
80514
354287
969603
634941
203746
990465
270426
962749
972869
124185
501308
207506
455161
497828
416395
723619
621350
129314
270351
353286
249538
251011
720540
377861
127998
845220
898941
274861
282506
500380
436866
940491
113769
558433
112088
389477
174591
861772
753282
969785
203204
259788
953303
629598
132289
406394
84149
259851
376943
798824
418889
346280
134924
114374
726536
938860
856871
576704
703805
649149
462375
794516
303216
652349
222841
302629
913365
671463
664712
109934
149162
360449
564455
499929
483356
457966
123532
484032
47994
129034
558393
888141
327577
39982
343518
325149
265436
396318
6343
58636
140127
574701
571864
448049
357788
976858
237656
179252
784571
541866
513446
330874
884423
368079
687531
383886
714243
735447
925553
660563
375564
985687
733173
935308
549002
519310
914840
752832
209145
242733
844099
213616
442360
401909
950630
741902
239277
712450
952890
427363
819892
896092
390619
588510
136601
854359
613946
748473
563676
345811
797587
751774
642594
643997
331610
258109
767875
460297
352136
366154
800339
725162
816558
227199
618013
131871
888703
437953
177998
774367
125732
23294
903954
3514
910927
263953
455995
938819
761213
464072
599107
482692
615011
60227
918961
417589
327720
267559
870474
524412
80869
171236
793500
31068
742830
130137
691869
924912
35777
821050
107308
463981
869597
281560
217630
107360
407197
203548
830705
328099
492065
798621
372661
734589
732078
678135
422282
144864
524446
286433
756502
959599
40626
689279
608894
961617
285429
105754
177390
208050
667628
72466
498031
7907
93574
233536
697928
580589
515992
172901
297768
225058
516397
262643
507025
300930
572866
90829
770207
728363
978965
143061
192707
239752
31561
775909
649531
135902
454088
263642
935689
821738
50880
264210
482296
923961
974373
909356
797742
819194
208608
304806
694187
966880
964580
868790
5466
229463
367142
413030
131441
416789
464015
197998
460549
901355
148056
31772
379562
539001
682187
361302
221698
420596
994333
347389
432218
298342
511730
869892
921625
178323
636804
430471
826827
214006
760893
220799
360167
778596
281887
452832
727570
531273
639760
136009
98954
403167
802786
834220
518841
542465
13438
88510
455404
983074
804949
35210
402495
31343
937328
760720
763409
580409
165329
678389
174469
180237
798794
872773
338520
354301
587930
911120
273741
835369
199568
418523
986226
643076
20581
455505
917628
914184
274070
757268
424455
105593
855885
803259
183207
285498
790372
216243
533775
544468
172223
374260
212425
477365
202515
688345
813649
62668
772196
691527
586416
200527
985154
556738
372393
332986
659935
414254
992904
866593
54912
726665
305249
144939
349001
564546
487666
550119
908763
330067
183354
738812
833625
881027
133025
234670
746814
813897
611885
346498
149994
363194
523566
187703
821824
79991
411950
117189
458966
516605
519987
897880
237909
68325
644993
953919
641269
525711
762763
2709
536242
430529
478272
12268
365710
999765
51781
602171
829954
327945
519912
478362
217358
362165
845412
864811
653898
36624
700395
911363
577901
350752
302800
117440
618405
716037
786050
404102
545850
691957
813106
197186
674489
237964
595484
33237
728928
594998
730806
802193
219664
243175
842293
962023
751285
991772
187064
418884
695758
716229
178372
759639
988588
339376
374139
815954
847999
5513
447960
858108
779319
82127
798731
364670
480219
158543
431286
172391
948828
337235
680
918358
497740
231068
341157
397616
832565
673979
64320
245287
692153
895944
954248
573060
124305
149430
785813
481550
749895
623300
364812
904237
812332
25609
747460
5680
647100
537422
340322
244048
895172
430273
168381
386733
969593
907454
850580
34347
335865
581584
145296
539869
155302
570187
827372
978581
383627
681877
846470
559287
420294
215923
624253
639309
875241
746594
763941
116565
998769
699988
592258
511201
408934
710680
21254
793781
468990
442520
230607
341654
775960
435172
886568
617429
44830
295958
639354
490943
304882
303212
8791
981771
484050
102457
381291
282157
11823
722917
28391
387234
196507
446159
373221
178952
633792
365093
799350
98937
773955
576217
166225
519199
613273
187910
14986
249843
539128
315711
525599
153051
630824
586784
565728
639116
533942
941164
170453
483485
326441
745324
968911
410390
454814
885942
503978
976922
121260
560683
477155
188017
229202
227068
411889
491854
381563
169859
973523
561913
250344
365269
55281
823335
774053
919477
818984
980405
687830
104955
318497
740851
956247
507870
493361
222614
168495
505262
244106
566672
344238
246101
814479
395937
114510
407254
840037
51462
242380
701136
181861
92223
973946
728778
579254
472135
947819
538513
414747
950501
365658
115650
454233
626859
306011
620634
392742
339100
705918
618863
504512
789239
265558
322660
580573
665688
711177
617764
641066
341151
728002
193509
699140
617400
660765
394108
726838
8277
510138
970408
70908
331522
427963
374845
698283
270653
328219
344872
765364
949454
783658
458501
440924
888032
75117
290033
496021
51168
458297
462523
975192
704451
782117
626186
344178
517240
168797
386808
820507
222790
24370
649290
242929
722267
954762
737436
739824
828521
185475
61956
664704
928319
925632
226824
826231
144685
596282
326188
25495
845378
460912
267934
786492
489665
52812
499582
24404
693142
450553
352698
612849
330560
358753
938283
858961
700770
773687
280209
922190
711150
222090
313684
821775
716601
99295
577081
659700
18839
767241
230818
245926
590465
100605
187888
945295
920333
821005
62306
459954
303996
171984
669135
505891
277165
953613
482489
382838
678302
177459
251076
362065
409179
114304
526119
532126
540021
834186
473384
711111
14285
603108
727243
936405
321788
863707
629576
5456
112713
119474
753149
398929
601852
850104
592784
256983
292795
198683
408811
470377
962467
87640
151143
542093
645853
579843
994804
591421
403229
612773
208333
666621
132252
970249
202223
525807
379819
447050
632561
519223
304029
247758
224736
421323
341203
991380
794875
495935
656082
507235
935119
514938
349100
415491
829948
755374
97698
148287
314743
889806
662210
654844
704801
998635
605011
791847
8280
677449
935195
309561
93716
794932
612137
417710
307
265132
759844
4072
827635
832686
463559
43862
978369
96492
788965
425971
609181
227167
571160
147648
188400
22755
313910
788382
337940
228949
918167
880924
759807
314127
952800
257833
756484
723148
850305
41346
833760
687659
510226
821640
64324
932209
378236
337215
793554
776843
60004
109432
347449
869449
331006
117111
220874
383549
188214
429917
482745
743885
904010
447347
807976
558045
95413
475837
416350
868965
504865
573675
963492
372336
348228
372480
462763
384334
910222
645053
388638
967352
944576
873557
974448
457976
72350
358261
15681
981237
636972
431320
756478
809083
559837
952867
814143
174459
537810
931231
561870
146213
476227
578365
437612
387017
963575
858235
416937
226527
74041
731424
621220
589500
217451
638759
593992
416202
524990
853087
386967
208822
124900
664797
82808
732032
405327
365294
892456
325480
713233
310609
694367
949131
48020
499563
968224
256340
222436
589182
513157
15588
932118
826249
46536
861670
882780
94294
268263
930090
987939
68219
958075
673839
908644
331173
274890
662780
465012
364179
445210
269425
242689
896568
219142
588229
371941
206748
321153
81584
443385
207786
432693
816131
955596
89761
694875
792955
71558
739422
10390
639330
468326
591595
84451
768186
732327
379494
799695
118526
843240
111601
961474
285146
834895
491657
367114
947291
63215
588466
861888
917650
457315
29848
94567
676937
952513
731161
683345
169676
388346
243872
881389
336520
420472
598933
288500
835405
193476
663908
418764
825446
986051
540295
515852
809070
814009
684624
9692
55903
333525
904852
22741
216728
316460
623387
874764
215994
454236
808301
566249
160902
996030
99904
866132
398315
691100
76570
126821
667324
795246
780742
383722
22868
376579
286785
601301
538706
390074
422316
591713
324107
390473
106384
448935
55600
25809
559735
246386
430876
983975
174762
679151
68618
43336
190158
761045
893796
388776
966610
199430
919780
975438
716874
742876
435990
843855
296753
634257
454785
618871
851239
982016
57455
393949
912868
651579
834388
322557
254527
628523
372027
126125
394409
585636
922602
258575
930989
520399
359068
937604
316127
779061
787690
134213
327556
315898
469560
115288
201257
633359
362496
842966
976488
656600
487039
615242
360554
358194
744702
758782
972961
447912
143013
844877
80012
290955
151502
663689
35571
555944
626496
552672
460914
669439
419939
860577
398890
499159
481741
547987
776353
472344
977367
53082
23113
709940
16299
23785
969499
712555
107937
711285
123022
492973
214393
740991
287142
879364
292776
992784
556632
222019
92083
997445
290437
25073
299056
888264
353983
697103
120610
687927
280411
681082
49983
768896
679525
627688
38393
237680
106942
774466
173419
119143
992743
714188
38720
347663
836020
461177
793547
288499
48439
212290
121128
404631
871
490364
630554
543256
658805
148315
582093
950822
731846
914384
765084
728723
37193
269901
314227
740959
719508
226753
609063
581655
505705
299323
971563
530439
413773
871330
896984
601537
342486
804216
957356
716332
951797
734608
924868
161490
63668
695574
31468
330916
944506
531186
619067
796312
980031
755516
982069
954790
173429
789021
434475
833739
883186
95227
851149
809178
276707
909894
606538
685512
532676
98256
57109
709320
758218
720649
378695
448705
499359
389119
322328
450983
326098
525811
388651
458375
69167
196853
503173
431979
652927
470653
82323
686371
807625
700302
271272
251831
446403
882082
178206
825617
501496
497474
262878
787858
587182
504861
248370
853117
605085
933338
253541
175655
537342
487263
72603
105280
372513
401521
306265
233956
469381
932397
328215
519195
300754
987769
405923
574827
196737
14345
405678
644013
665280
365621
113166
809930
737181
857296
923440
882740
520981
701216
329447
112408
465380
584959
845155
76259
463358
524716
689620
179759
649607
917250
943444
66201
29442
604669
587264
169578
28609
197667
941391
331154
111086
904861
127471
7386
325590
178713
791653
87630
595252
439383
613141
851776
56790
489182
12692
753283
595041
167924
461015
771513
759715
23960
728995
718187
658917
429999
885517
786823
711455
635511
309022
412821
13477
522204
860934
872812
648725
352893
282877
282324
947343
766112
550368
81248
899557
518300
959983
263301
96333
218421
401657
876783
930071
692488
869402
165954
430934
281850
511181
337303
95908
156242
769327
938905
313662
549732
698970
300556
246352
67082
505021
745546
931181
203012
580515
316190
132627
539547
956534
788963
300557
942649
191938
781220
566900
825919
424872
334187
658916
347266
484895
666842
691537
80077
217567
888420
577404
163368
33299
811609
113497
784851
573560
984351
491022
117945
677342
963273
14781
390750
739562
742364
930494
363052
110250
399837
568395
70039
939089
771802
198497
631794
134147
781802
694039
561745
645797
720620
906945
471750
621306
566806
905013
897866
295420
574430
432736
114093
289061
606295
655323
879827
961155
145901
449722
918696
38340
899157
967640
733859
562676
719144
915850
335640
706689
155054
855609
316967
798889
718560
47991
104573
270204
77307
961038
511653
445880
240990
236091
625614
708142
346718
211062
843634
452849
921114
615018
173654
55293
365333
855093
110059
550530
818013
182048
575614
300223
462720
723067
712275
575935
521061
903287
35281
820163
350638
478596
815572
94324
5667
237881
886802
971404
947362
290925
283768
768770
982092
186697
72310
24084
82263
638222
585366
875612
581816
909511
845810
612627
951213
922970
651198
160960
618269
946454
582594
711067
824515
311175
882741
191200
659591
421957
927157
775550
192265
782442
941205
390509
267700
63693
942810
66205
422550
156911
145205
13543
504695
188975
240037
721193
663186
614516
306597
378324
862795
303255
281012
169496
575209
323954
798455
984185
393844
23090
829926
979849
209276
648923
321149
328520
24389
960608
442119
763178
808772
759961
827983
102382
657434
108992
504535
429186
173708
859610
18487
718407
162748
482862
852127
628943
57241
633637
969002
422521
537979
528391
910541
644100
459810
707200
484309
117300
687761
934676
998838
917633
651551
273474
441698
91222
800889
507643
811261
646781
278893
78414
360650
679063
574012
809703
89557
213416
512876
140041
920925
837181
896441
163232
526027
684966
322153
697350
639978
420150
308448
89818
910033
279942
910070
417366
111061
252666
137139
877660
901462
459720
48543
707448
603257
664081
496652
122575
47220
452368
766563
192479
141087
557966
77038
684971
885269
465704
908190
633335
388334
990897
799201
817617
92883
221250
843755
943263
886780
632589
987438
493292
54892
420844
527992
25708
587471
616976
41808
11850
840193
949719
998023
559975
616102
526134
620718
788321
638532
996371
852795
374800
106957
70841
235716
273298
535124
414163
906059
789510
45277
350689
102780
711814
971070
236094
154980
439705
615710
38358
659498
926648
641317
814615
933597
693619
900690
449477
418736
524989
445530
428666
235291
300191
444191
647405
663171
780203
943471
843832
682270
145452
298057
61893
729693
958044
414708
586838
149252
392254
177165
615224
812858
883490
179142
521798
284420
917583
550206
195213
27085
860924
222528
936964
152207
648324
201117
218566
217478
713722
741528
176985
596643
149473
253511
720736
990837
710830
147050
39338
916684
130935
240224
769691
461211
936588
870434
700032
527953
213033
596201
231065
549214
605282
807684
60849
953680
766226
771705
188928
433319
68088
628940
324314
48967
124850
628377
967439
226573
402832
594848
915622
604027
854173
834091
251583
894098
897647
534513
111313
900725
725699
394569
208796
550343
648761
564968
402559
43709
866201
246510
795450
24529
639132
24238
8977
242855
326510
939157
786287
44604
11597
802295
922411
78039
925871
696256
181329
131052
413676
755264
924600
584361
45995
854863
109675
896920
62018
896727
209607
172915
272620
10073
452599
989134
753258
258097
709378
472076
169779
392710
466016
940741
458818
664530
909170
433147
922685
446036
79268
590856
192983
818044
265655
903245
286993
503813
12409
392297
437103
34936
981600
375164
133746
74858
720918
574757
287553
191387
377645
606008
833042
640601
199847
804482
689371
906151
648429
866128
96423
700181
984310
852712
312573
465373
248149
595448
367226
82679
776902
213692
384222
203555
877695
168520
182154
161590
108429
2584
288096
210599
316636
773408
741131
540922
446729
113964
841046
171793
656812
806036
982747
865301
937367
301026
398999
340003
531822
727643
563729
104121
782697
209861
722287
997663
542954
868537
302651
763386
823977
405623
157048
531852
467899
398012
415255
101085
20036
233484
370630
803946
357868
611694
348534
71876
98532
322697
593407
639988
572438
9631
467312
841615
674986
735070
742433
777749
79987
343139
913950
812506
273200
771135
370461
830230
244750
990094
106434
565983
472074
577644
540686
204846
987865
373476
831932
330179
655240
732163
971928
332404
302203
439671
77480
75860
759798
395354
456110
28979
25540
422135
958534
349931
540400
82299
132105
241402
369681
670939
946521
800057
463650
146373
513118
324811
115250
137426
608752
711920
69455
532403
788100
987748
374028
419523
861110
397556
317502
176298
496652
37480
897745
407899
900597
819644
234570
870375
792302
131962
749806
621784
957193
711633
204276
449402
157454
275530
361738
660894
472420
912120
728606
395046
748219
789092
222845
561612
607816
961947
385764
970120
668153
890010
935084
254010
175891
338756
814765
645407
349600
776673
715988
139941
332554
292497
66985
646388
290124
816647
69661
950832
710664
826001
766839
783257
817532
882923
839936
786917
946129
860325
237551
505080
776081
301253
640341
4879
486087
504826
307233
708507
305318
470947
185475
652805
819286
229382
965509
275262
951455
325714
301373
76321
778795
172531
634683
628138
867445
398753
179704
1756
790157
92431
891184
724625
982328
243329
725533
820704
338512
996328
118680
443103
264924
535949
457128
914789
336724
359407
107682
491855
279292
339668
949723
987363
103195
203007
803876
928471
472590
935992
688162
240369
927203
383476
91420
460643
635728
522858
906775
648230
68630
791746
368544
614163
279971
972585
940379
990363
286052
604355
777444
69487
562016
832756
713360
416424
396471
785852
299045
769024
156682
257165
543262
821387
970024
227047
248498
407928
87794
658071
356481
999369
781420
538181
277584
134638
132419
892983
678796
353941
815639
675046
758753
404046
427683
263184
324620
426411
492877
844396
633565
342123
655115
940119
768075
776345
876607
151021
575353
847771
130993
690061
766979
260740
955885
169317
853168
182398
995224
256144
890139
388764
627131
363558
496007
893771
600428
945076
768531
393311
611186
12452
57265
587275
420703
808860
244703
152787
566777
41703
371565
282325
472717
960333
594279
537030
601309
850545
33578
501469
876789
224459
512732
651765
605026
761844
589641
582447
854446
551407
54405
21068
812362
167824
618935
943022
151358
560625
262781
745237
24121
142134
916412
456480
629046
688499
719296
502971
216127
970183
611315
356879
418843
110414
433807
216890
653735
349001
10844
893804
695196
997550
157104
851615
67269
316409
687335
978033
657154
866125
740909
458861
133904
953772
318019
34341
446868
570158
510967
808149
617218
89687
48929
999773
884444
246557
813609
46647
518577
828892
170256
340006
238923
682415
40860
564137
569730
524648
740062
168286
934755
983300
798667
666140
984562
370727
826149
88587
851608
65158
65011
306060
276029
736286
920930
293230
577037
48789
911863
345226
76433
234576
456875
529974
410022
672467
517580
29726
524758
818317
591729
765131
327143
803932
809813
615566
539344
218432
90615
277268
174861
387457
294635
35751
75235
474782
347578
210228
389455
362567
273075
578144
974520
617700
114211
480456
204407
675553
61373
255644
776830
486118
770747
185911
562230
304167
766730
337068
290518
196627
709879
801763
669788
904289
559496
261196
220545
698457
693620
213333
558344
829303
978783
334998
380033
253100
655828
210638
733357
915875
581207
15152
343787
78298
975345
938701
982975
859500
784054
697021
546155
820514
862676
635157
244800
870998
907002
198937
347732
718928
967851
62042
673166
369882
211696
895559
383219
960155
883095
743259
225035
947253
169123
980196
479665
602177
182932
228917
223388
709538
894336
945568
277091
674000
115573
785567
134447
29111
893709
884319
296924
329895
540651
61682
212173
826709
667433
469649
335136
714623
767040
772580
200404
64077
152557
626569
8682
658253
918824
542655
840832
313395
192608
707998
931356
722175
898185
463445
331212
696954
457355
181566
368363
889440
528791
940573
305656
953005
59670
337502
707817
381516
312552
453306
731988
535436
487368
392481
978100
488518
606616
703042
750561
968886
687510
308735
498409
643992
252287
947296
482651
870635
822492
148484
460613
698256
9925
515025
952021
242705
886398
800025
4681
365528
405422
591961
928037
970935
951319
166777
96747
817250
517690
887222
505798
467047
777025
94442
522957
876426
420186
202778
355372
89537
442210
783347
76297
180129
329341
389862
47001
485008
381122
641921
457914
254324
542153
51195
2407
656764
714545
629859
749037
557961
735687
289640
889241
693787
420371
161792
369370
538962
155367
121558
20860
205473
931819
901504
446582
588441
726015
193554
873639
671708
623587
286267
804250
338211
603681
964394
49674
177928
185260
399381
746014
794032
961819
792235
275121
311921
102137
187733
694827
389842
37453
371973
998330
954268
907711
748644
630733
842983
598594
797641
991355
413190
532053
706745
226789
902589
40106
121953
739181
138761
820708
253497
90946
358916
157697
362190
245058
745941
527053
11950
13278
41378
185043
937897
172640
919477
171893
318777
444465
161123
33048
385412
671363
190966
814586
797576
16886
786077
928198
696147
919668
208389
945076
528565
692847
676478
340846
680032
746795
546284
86339
128788
467817
86806
849238
916435
347627
953262
216426
353687
310104
204339
54232
22280
358187
445779
548586
882634
718299
226571
695368
125571
862788
223409
791816
871811
10964
71689
756876
520254
363103
143306
70220
157134
205843
39713
609735
48822
935944
348912
209215
642205
927504
430161
921504
491391
69446
956813
792317
318946
875646
991007
414349
559672
47794
269935
14344
279512
226366
760532
489741
722472
569687
161009
642660
629544
570033
393003
29931
171570
35246
105954
866188
101354
783433
210111
296614
725474
640490
493931
301534
490075
981813
283230
155929
7072
694937
172340
680433
66087
729955
535082
533251
55115
70205
863857
881208
708624
746526
737941
408631
93101
297915
916487
465033
928248
844295
483891
768207
345097
519445
239039
187058
395006
827501
587613
504956
395139
671168
91481
915220
326937
173012
529060
642636
104681
732402
328401
495073
442904
552674
660658
111625
605442
194197
529226
779910
197419
757128
992858
408802
21637
514616
466549
990685
185661
473503
569703
716518
229150
33516
68553
71363
834344
37653
734089
274953
267124
270384
14508
900039
46609
338946
697469
335288
793973
456041
167792
985750
771016
948147
226149
829949
777060
63029
60985
764659
520951
669642
265470
342878
453570
455998
558572
453034
406352
577822
966732
737025
287557
736741
616231
420740
373784
529365
845998
596924
741909
426475
847675
37757
550611
905766
26689
30137
85584
692145
824383
264824
539898
682405
52354
820869
850754
937716
963293
536122
597161
57401
140512
467462
192213
617381
87003
476424
824861
346470
880420
18322
385993
708182
707917
386444
269947
270832
614341
25611
704424
858887
325666
790413
950872
947271
258222
107203
553038
205438
928271
574503
896058
53175
643016
960965
300793
133096
584580
917740
988987
71566
97280
472591
631557
29648
723875
209510
163629
184966
72926
191896
184235
597113
733448
984583
765598
492244
257867
695773
591922
495151
185552
873036
184116
598166
804383
152584
887304
535548
198620
456410
352084
752472
700007
475714
17448
170327
984204
882066
84610
627943
200205
286656
154599
425764
835381
1098
334231
522357
813943
516192
241485
911248
515597
125355
533849
866933
447539
171434
875134
657558
707143
646500
492372
248770
870657
552985
928046
92595
55449
916622
70415
282344
72110
505413
228220
178099
291727
158120
726352
850511
4292
838374
498908
717778
570192
455266
692970
719117
288380
392936
23013
943729
341941
596360
836573
518205
453213
848773
525618
105096
600528
706441
844322
415265
647793
906609
730366
156141
97709
246392
395823
344727
805254
436183
398794
976748
264979
139538
134639
403514
373940
5453
165093
385180
201489
631966
676289
856610
70660
414750
488700
980066
504003
227031
586475
341388
273797
616148
617737
673178
272386
290097
421394
770515
292533
232553
578044
178942
517178
359088
141219
105528
332669
693664
446216
979791
364332
735552
522379
898232
308182
142552
300835
848600
551399
961535
309704
509373
872670
328736
887620
456448
729016
507347
916709
69030
683382
225699
263238
76010
578779
213363
544895
297958
107788
801920
858420
57323
129832
983000
623267
608097
587122
596873
990315
882757
628381
267254
927048
876605
519844
979648
245518
253674
644208
535530
399723
318248
273055
601123
87284
120840
780796
312694
460319
210558
902784
93513
599036
917128
19475
615325
21688
450033
17046
639160
589644
86766
902221
509326
757766
363545
901068
843746
140713
375635
37750
206561
578762
695033
462441
914491
921162
597640
442890
117018
984109
587877
116870
324480
610760
334638
210500
779811
225201
984775
796348
531475
294389
829085
821076
859737
803538
658829
876587
942451
377025
668322
393893
770326
237624
545578
744013
711729
962034
116616
44846
378399
957725
507190
570207
720087
498114
56669
973789
786844
15902
940438
869866
549285
898973
669906
442801
341495
481960
969450
777918
337799
730404
804327
362698
97646
497121
82190
509420
484056
437789
170698
530036
219284
997213
693180
689277
917674
842712
52461
185584
360766
407989
933501
938732
910781
526156
11151
498358
44381
7051
80589
975915
960600
795223
83360
20479
274095
826373
5837
154013
826112
268796
502114
732446
627188
243216
573077
797064
553874
611068
917202
177744
769434
109232
172348
296745
15076
354925
136543
165731
742538
352408
235512
842266
507402
25594
182446
620241
940518
723805
160853
203060
849850
207108
745344
951814
279507
209251
804035
743556
884849
463880
974233
231884
635446
530096
191143
912810
205431
202039
869904
123859
446869
641299
428472
537722
841963
282676
314200
53628
82522
960151
768807
894559
760824
422424
328741
481272
914927
690711
631038
346784
150710
185689
330475
443240
85819
392754
906239
357850
929870
647019
636965
148030
398512
508705
49023
561043
873839
281192
770097
547963
934890
802855
92775
378635
596710
878558
301641
332955
305664
485770
883923
999726
266879
875863
812736
302082
987196
908316
633467
262596
370284
989246
525140
807416
65680
456149
980749
971063
805714
344677
575893
963445
147921
548147
100686
113415
528205
514742
409689
338327
480021
837485
550737
254840
274254
914888
157863
180448
58004
804634
575911
442262
697439
135776
719890
445983
433554
486198
150502
561137
968801
310844
752869
714834
132462
152312
701758
216413
247658
991130
710192
139498
245999
648886
922279
398593
701649
966616
393867
47172
598173
392794
5674
525990
536284
198433
471107
843218
277767
130541
945481
379649
134736
17927
646902
229575
736056
614184
193867
783562
273309
76420
763237
207639
742429
46077
405288
171950
243584
121394
914660
995345
236289
371505
152900
389145
862752
739767
161222
763375
556252
177963
417344
316133
819639
547379
558228
626338
130547
668798
213310
759451
916921
207688
220630
384792
838288
268668
894897
551805
532852
519174
566632
29041
571885
423919
543844
910678
950018
462728
54057
455403
980203
265380
128451
495849
500287
942362
986244
12872
777256
658642
530443
835679
132747
633071
591103
342606
55090
935531
302841
418729
180960
419090
228516
735748
997641
173044
718578
13534
737796
28934
325339
699259
467564
861884
530613
862541
362512
479187
681161
241442
30326
45790
940458
371025
219369
622647
97301
656041
326706
296475
690773
84869
110809
473719
461462
867287
741533
652454
931763
120549
219182
575165
793112
41415
442073
319910
379816
612147
129540
179057
64070
789500
896211
980982
704730
649622
912551
100146
581488
372908
442849
403576
893709
99484
463827
163203
368861
802437
832260
174281
959526
63121
629696
833057
961139
913062
355099
209675
754603
921269
94712
582057
198469
421048
562918
599897
934046
70791
298931
394742
330210
382475
899588
866246
380669
271279
771017
264855
990990
595630
424865
99976
475479
798795
853074
399302
884091
515279
312609
728297
394685
169690
17294
971811
678820
313424
567398
108639
773949
378528
731146
232449
230518
373229
798666
678913
703151
884971
288260
625146
599552
694793
163172
428005
253611
178577
257282
718502
543760
593883
209699
273949
767242
270131
683757
118364
744488
602478
946436
548233
760162
640974
543772
615783
373194
170629
463933
331050
34205
661518
457182
584566
398641
457897
59353
277032
922404
82031
654110
909868
841505
219244
842978
597658
595119
637577
677002
387426
689445
945719
964204
118320
604272
218912
195141
633925
407305
872022
673
537594
231641
684119
194164
988101
707649
258509
813320
123713
49504
377536
865001
302036
677075
521571
420798
617408
634156
437078
770551
263164
296932
89224
502902
661298
509185
941351
162533
907407
189236
636448
512925
388397
234912
119840
188156
305044
307176
415501
56117
41555
891625
785795
703073
415758
565421
926684
759408
782144
107787
264044
56627
896876
414002
960784
275804
542283
947188
996872
788507
483596
711673
475659
762437
768977
534404
11692
79320
692747
18341
215108
974109
164355
461336
37570
652702
561633
792211
863636
439012
735818
965783
332363
397029
320044
241506
39549
330148
520915
854299
591334
165476
368376
12436
750189
531265
980231
58922
318553
303800
368070
926354
855615
580700
972090
275523
24064
84511
480381
992298
962384
643100
793464
969924
289068
59588
891705
997245
16575
112637
482877
774930
183191
258573
977773
276957
998254
834457
472599
611773
612795
496405
639577
884764
783680
538798
192965
484258
90919
769849
358940
92270
240033
607387
579134
680415
806477
349161
414291
433634
550911
60766
716804
893800
350476
421877
732013
898840
926546
420802
380224
46146
424024
808102
399628
748435
372917
549904
732870
736401
284229
601263
80846
794138
743847
397562
68702
381259
439918
196478
60703
286976
758723
314932
970805
632413
853557
321270
83861
192912
67061
501120
226855
552818
483911
626333
554639
682167
143584
937898
793939
754272
980883
255989
237548
332128
701061
18384
427416
271199
561139
727263
279123
381934
515069
789039
739094
821288
847639
362674
513895
574189
739948
539899
750005
191138
423454
400594
98751
994858
805523
671372
529255
569904
345554
947307
620749
635563
136741
392777
286972
545133
419665
402413
53319
615199
296919
723797
582831
288257
547923
352949
54411
747395
380526
611377
698172
439676
659517
480166
893351
853303
188203
436575
221573
164535
331324
938107
852637
800441
86564
461816
9529
386698
960389
991006
39283
799735
81920
255767
68899
740449
13890
150090
373152
151309
875166
870632
393001
1315
339469
699637
15446
187911
219694
675324
553011
726906
918156
827579
531191
213275
616089
994978
190300
669316
491190
195799
383170
880949
819109
214847
638934
943690
815106
318072
780137
997217
152704
843887
790687
426972
292702
595711
816725
114147
344266
214447
825137
101385
890282
439800
603878
605601
254853
816429
502467
919925
111242
497301
35946
854783
84049
397480
161509
757426
869883
50323
619920
19965
224178
472722
750916
506373
864322
412834
987332
910733
925185
264545
851582
843692
733118
525735
758602
675211
591874
116515
457380
203389
106875
300611
133107
527837
621101
245055
809288
792607
696710
505717
398663
486303
421167
737023
996686
215262
679300
374155
211670
74817
354928
884213
318562
464339
243470
676300
198077
925857
198193
914910
314787
426044
168143
547595
406456
146524
371225
108607
479484
660508
721688
697493
282270
37471
912025
770417
362873
194104
952937
574895
401508
794795
398054
903668
673884
519943
398976
952458
986229
13846
974825
749927
80831
470361
952150
27503
579173
710523
339075
367293
257186
475463
13955
641608
629926
223035
284753
869129
706673
781682
422520
661497
118096
196662
938030
883431
925927
892534
521842
629372
401336
383114
764119
662980
973383
186756
719605
702864
246779
275743
347207
554382
678890
619328
754120
412512
782011
613000
89685
261139
714632
467113
578988
586445
75857
751950
741238
242577
997794
781618
939177
872195
628732
966653
657524
357522
363828
691300
541463
824922
619796
435152
832403
424227
405054
2207
552101
673160
542882
369144
929873
793066
220537
929577
928848
127720
540060
409369
908652
363372
126628
869023
471034
84753
68086
154885
936366
823953
803934
170091
117778
615580
575350
129999
985594
770200
754718
962746
392281
781276
709993
134554
95308
31466
697120
227520
56655
534950
547431
138862
622625
923498
228805
839476
919334
637250
879174
11805
3762
981116
744761
261872
374773
881402
216757
126275
891385
787129
401786
348000
302676
522826
316851
573169
896653
223637
230091
341829
813601
463256
908794
125758
774848
569685
252166
386857
312858
98094
111673
231571
389276
786684
20029
385863
447420
564239
195672
245653
103841
482381
807163
770158
913401
940175
322589
653809
284794
967373
709734
453831
214401
954401
875417
571072
946288
552362
750431
534765
556526
954974
294760
778159
503667
872903
303105
508272
698692
10124
140893
226950
945
209289
840742
621779
217599
265545
48013
637967
578073
89363
513317
49969
184171
462393
900080
242585
968721
475654
292782
522685
863821
57864
605747
207037
627421
283672
69440
275551
918770
600658
397129
198458
907075
999956
896062
173171
346245
584134
394587
545564
777954
637224
291754
113341
50326
657252
429605
352344
90300
825430
446720
683875
348394
247464
264777
337674
83742
939970
327233
685630
427987
190584
724422
732001
774394
297766
306042
859705
25809
364004
737388
756517
437621
802866
965578
408024
990695
437619
908289
842570
503578
548041
20798
374094
76885
342933
665508
614900
862850
83134
724164
794274
838559
98435
878893
632145
925546
700442
959989
634477
214384
648368
311012
293549
502205
183419
770823
460618
441267
897909
723554
283966
3721
69278
356854
700914
240597
500224
415953
956804
47178
632467
565442
332188
43054
489873
696573
619040
249597
839581
415577
346609
17401
193880
740282
630127
949429
163134
624429
509093
189321
585977
57556
511795
938242
884679
182676
448940
917367
903735
43837
185577
184826
819361
890795
573010
424811
331221
363033
75454
419370
49312
270354
504043
390443
487286
269632
896290
365095
182528
603651
478226
390774
654973
692412
207669
883521
818011
454600
185758
215501
442362
634699
287658
350579
85327
680214
887825
522662
711572
26345
530652
323818
748519
63936
583979
169650
654313
299493
309243
144646
386073
972150
501130
185639
46633
200012
213791
176555
158797
615506
762986
622405
857878
961718
707464
697845
780414
888057
926617
552804
663966
517268
666940
773278
388067
118515
31960
600570
986799
463604
51581
527448
91811
682421
337174
237977
192039
287110
393096
44253
819259
2731
643628
341943
178350
765793
636073
623101
257805
160151
698974
475577
520475
209905
41415
687667
447524
907901
296542
57940
610167
13114
820775
633968
943148
508774
336401
926741
453279
461155
661377
123307
549994
837168
358233
136279
645474
743388
453166
19940
481827
21525
6508
835922
769086
760757
247662
335066
54135
227752
85064
673159
839058
632876
398620
570277
608057
186143
121787
511452
26584
953222
619740
833887
673063
222857
960692
189404
112881
985260
552958
127511
785130
51201
790318
516677
467723
55641
749359
856309
217221
473708
128550
640938
364840
288854
815222
157928
949253
365051
433545
30543
372278
521331
844652
859782
278653
725111
443494
35439
982145
640783
835936
866088
143939
960122
603569
373634
574012
64706
330190
27619
257139
479533
287803
382808
253161
940313
568102
231772
312802
803541
500575
300615
886093
164108
761732
774100
706757
457998
360458
996240
87269
818625
719982
393693
648298
582975
985848
349286
24226
165750
847651
583382
767067
192117
329768
957100
401040
57442
363160
990293
313851
745003
894394
824654
685889
232808
115034
755723
786435
63444
265276
381397
800057
14045
795900
571731
537104
333600
660348
608589
176081
648902
368692
54643
970812
870231
920569
96796
911072
618970
976759
918042
656423
48671
120648
128506
441697
145907
255370
918136
664544
414500
23144
293686
986106
100017
115600
285287
990862
929053
829918
220044
619348
94592
267266
632558
327661
707217
768368
578803
934400
464668
635600
14579
494914
840914
247061
65684
859789
464883
943511
17050
326942
454182
168108
420310
412016
695451
833147
256352
819318
717375
994024
529050
478128
144907
966928
179692
795884
331752
993366
887909
462086
688645
313118
920233
501918
113809
631679
113284
500293
944180
388545
218702
137960
483732
40871
458486
217992
166803
965160
645265
411144
989068
775323
220093
750091
543935
552316
469196
720591
784308
662080
694285
781168
576104
996288
363027
74677
891535
724768
137024
458071
273149
333101
301363
461312
759880
784656
204752
429682
52752
88550
636374
822224
69462
207042
254244
679321
214405
116412
271038
40282
540288
494037
810550
176896
980397
11977
215107
947670
76905
675794
504412
122453
971455
544095
811898
101646
456287
888291
33956
538686
907588
477592
486512
112536
848005
175647
137347
138222
824277
719098
434765
846292
626263
183780
105030
642148
854464
782465
273470
673623
284930
534367
515950
864390
774295
819968
261559
102390
315274
694063
990877
379851
670731
637055
374993
340212
808636
6201
593678
210007
399786
68528
149579
941000
268057
29802
487686
317131
19124
732203
23950
234922
904431
874062
319953
696041
852369
688526
866829
826223
703012
188680
483299
648544
591621
268832
148527
262524
49476
716447
855188
405743
271870
234577
693881
912517
22863
9915
757099
471005
366730
822047
878692
752426
380347
545417
379933
279194
423496
775299
461853
609774
661403
393110
545334
404547
475627
192124
53153
599385
384043
278860
439628
503058
450187
789782
442767
713535
202834
311101
108110
441051
69629
323671
507162
677987
161474
578447
554195
642242
985961
803232
404316
790373
155148
934023
111708
629352
597132
802268
614533
956542
187243
781636
992380
947146
444895
21883
299276
752178
419749
298935
290734
708162
195788
189626
427060
874944
623602
948691
437880
645378
932628
653578
666377
794867
897786
63172
471961
665350
555924
447145
353905
323232
999353
134885
921301
204277
848754
879427
146991
337483
382131
489573
615092
722971
658077
634386
103847
36099
58693
675436
450377
501781
192547
143882
546446
372218
573271
541261
126772
715617
731319
168109
544929
321508
208892
515417
340818
663853
164366
976433
247401
51830
801076
851104
376563
166576
236480
6062
482368
401640
34532
70686
296491
406581
83869
947098
317473
742118
663465
461953
147992
570707
980172
927596
914447
820594
506312
946958
851363
178604
180203
815072
853935
158946
249875
731998
429804
54819
70788
698782
141966
509117
515883
502372
137729
271215
288717
171255
240655
983890
786719
585729
445906
680447
105041
45734
31896
662928
525668
66870
770210
461248
392770
401486
105178
677203
806696
125953
646991
887303
988487
430004
831988
616464
563190
452200
993831
733346
797067
332650
585247
878161
351834
57855
62968
52129
159047
784711
642083
457575
945178
885366
957716
246986
356287
398526
89912
824086
702380
483256
687818
753307
337806
971142
951620
73173
987478
367943
912282
303112
350198
577861
704315
391430
756043
610268
818124
896982
554211
403397
856326
927012
146594
69062
478825
318283
355368
18169
322638
286301
114078
943663
781998
190987
380519
120598
5681
222400
460328
547097
477784
724518
129149
542794
601329
818958
472223
694495
138214
422212
726509
20714
809476
884611
629536
167745
707709
13293
777208
513806
773918
589374
46169
184117
960061
700778
923145
173732
166639
219607
721296
575113
406871
595631
914807
845823
847394
826446
735633
284597
805559
138467
577039
484034
708776
612654
319482
461978
520332
417
195151
648722
304955
29150
257032
563985
867728
452165
863858
851049
56607
985814
220373
189621
637163
393774
765735
566356
718659
882817
548886
851598
880895
277128
782023
33133
133417
697172
928571
771963
136490
573895
981756
928874
832178
791316
617119
185415
363431
414769
849685
161639
342758
879535
482993
263668
808903
432373
780414
583553
799373
257333
806049
638047
892874
274235
372214
689463
611668
274330
355751
29988
266266
487372
320980
619908
92478
175251
718534
705012
381385
312195
845274
778291
857183
887096
840890
492650
631836
711210
83763
321943
80641
246626
594765
251004
355045
297685
301949
212247
148830
711230
787514
535288
456214
372463
410455
508051
786731
125530
59840
79734
540581
684469
254484
430750
969371
589552
402325
153465
503164
470876
877782
326504
223659
789636
778859
418209
964662
598273
622458
38641
725697
981167
377817
595786
582657
681427
739267
124688
798321
801990
941322
825268
444826
417617
971979
16353
208525
644655
218146
114325
83567
698967
253726
579727
39676
59983
702687
430528
299344
281876
178298
840219
530059
92460
887028
548711
278451
867280
946141
452924
146461
464575
153848
27379
380804
134779
823168
989672
565063
391060
20526
644055
5424
332409
141275
253184
773131
991477
803750
195811
954279
637052
971680
758291
673169
19592
531110
67910
438975
762773
224242
758351
688591
685462
139840
277420
199287
140387
544341
813952
570860
661044
753338
771900
248126
865287
361059
384431
346835
235177
774660
151738
624226
90671
811413
424576
562266
858962
641378
193413
208971
485268
432026
273573
303284
741607
140874
812801
669789
721029
912837
586448
686909
127042
256655
984688
859369
439374
420499
557996
208900
882506
299918
452008
538799
458639
165681
459831
125757
662607
231908
546689
388577
647504
199786
845036
256016
919402
347916
294591
492052
474182
517046
134092
628310
739134
893801
481311
618506
39
741455
419749
327747
983256
399043
665982
694843
31424
680301
658549
424798
631747
600357
607668
326918
463399
460148
845793
105626
355370
234998
658196
16744
929365
530813
193862
309041
395444
603718
503640
365757
797733
286071
9449
480431
411459
150236
191666
794475
131308
139297
614851
520908
559295
91952
398754
916777
898545
573256
517324
430555
829666
41374
630075
684932
106055
954448
979363
156746
181434
566946
332696
650092
506419
609542
639106
335171
209596
39027
269490
715491
368316
140928
314182
608859
379403
854045
755634
248636
880860
863506
918015
985625
149594
382250
915748
864446
227074
325802
5134
137018
520603
940629
752671
903839
846435
699669
337710
541054
767291
296921
146876
42075
184224
617117
668974
901498
557296
909341
216548
986869
549037
642446
249916
990902
725155
400986
662912
259341
63456
883400
980739
517496
391471
275749
658262
527022
314368
797350
258818
654568
690092
61568
394668
65739
540231
346848
584276
691679
910383
807501
635391
575917
703488
821619
348048
136577
695728
436870
375129
799340
227345
183633
405967
821816
817288
640662
320163
917215
255432
203162
746317
726777
34860
229245
727456
278550
461240
828981
799679
431176
807527
784206
825784
675430
942195
231543
285109
746303
343133
97461
496703
518941
333924
451367
572075
839585
341363
321988
143715
260485
166191
87062
191585
552320
221799
782918
75283
296618
462133
324694
330118
166362
844170
682347
275956
597312
800530
538778
925745
554621
312044
434415
512548
927064
450262
887883
498771
124259
272183
948497
778165
681849
441746
584656
789394
838241
770985
778470
544713
464793
933592
938956
778021
860187
869581
126501
701298
932513
37392
116666
442368
382870
391780
874068
69978
691193
145199
147280
627758
526309
258405
443905
632617
587392
124913
727180
549524
322183
481150
525512
955880
237372
974572
933897
851009
947437
820113
341825
305747
599392
993034
970396
120281
664424
954354
76683
727685
61056
205379
140922
276146
417021
275352
207861
371124
668648
887080
470467
76530
940038
477573
202
248219
807727
947466
213660
326467
56952
14507
918437
738748
305068
218046
825498
80410
539977
235329
516854
803934
794421
805853
442637
287123
997275
796825
618046
859478
716445
529667
161025
131639
529529
624045
265010
702623
400382
323461
13156
900604
206843
468860
646342
105609
118867
148300
838125
777340
981275
990982
378816
332949
679155
412479
488328
943393
689527
999006
183207
705389
772783
667549
749542
448935
561845
626366
755261
29069
767757
15809
119313
454014
65532
239046
890666
739888
814714
253839
374424
316131
999127
623533
915069
739125
579147
456582
746329
813336
664551
868131
692746
669617
936565
38809
937426
810662
479448
954910
405939
61883
882447
109942
438505
378001
580258
344969
514559
266409
531533
944718
681137
903999
614206
516534
961497
642805
222601
550209
498865
412638
34223
130509
958288
309556
71945
615901
429499
295429
570191
506087
606735
653962
236580
799718
584026
54190
327284
98919
511313
593935
153892
981505
171011
830273
130201
680612
876610
198673
429562
98377
822674
459641
198806
768620
586671
339738
272413
290231
692453
683612
392365
949584
617900
651694
88866
797707
957660
827621
114227
340563
272639
853125
533777
68674
439326
325587
313617
324303
53379
34674
785394
8965
733014
175869
463657
620116
404150
151589
442701
752095
807560
689210
113751
482227
952897
489872
403963
666029
169838
734865
593911
229024
868194
626880
100254
826301
517343
691402
734329
831647
5115
716976
808896
845927
536273
435572
398782
504448
408570
362820
476973
30329
672533
56112
507621
610972
322480
186557
728361
640314
556819
515335
191973
596693
162474
962773
52103
917530
2613
246156
597376
680678
677911
343514
923906
810642
522786
394291
837215
326579
759062
626691
768619
76105
945750
172614
693376
625585
769846
575798
481865
504728
259608
339408
938388
123722
289563
612560
498686
673010
359886
386203
736956
27522
846957
795019
979448
433405
336960
403442
607237
212982
649946
8194
726428
878741
641004
976358
931135
644925
130906
75497
918081
314961
947478
314411
115368
742226
640463
121423
95774
681198
973933
343614
737365
870530
382283
210034
58968
418085
254928
373037
29385
988809
256898
480809
944644
261173
79328
446741
971812
137701
735784
701739
14621
440288
335566
254287
498811
778451
583978
278590
674461
154577
867931
740154
245163
198421
159709
117264
466531
365946
767572
294077
569375
686178
174824
922964
388711
350180
618525
464028
618774
617004
42765
450264
316272
113780
542250
958752
207593
774126
674815
297816
67936
269048
351617
292894
985970
799162
758798
776187
524235
641756
261282
894947
892137
945704
24057
29979
34731
181480
360239
260440
517964
542719
666591
285391
360523
785202
965183
270166
943312
501545
170806
946094
544130
279556
68501
792590
554964
680453
416479
934490
370006
553052
821578
64525
785616
119859
336847
110240
117075
150815
13423
212410
873156
137600
91338
283450
703617
906522
270219
204177
83590
616784
654531
727986
702708
343755
540712
88056
402320
480300
865298
860168
641007
440450
963410
833863
38089
276884
994886
459949
128011
119585
821696
228027
823827
780816
620700
309109
299519
266121
460123
132522
121361
619131
826072
721284
267353
981943
734133
661904
921497
113468
990000
647605
341431
124137
257552
519010
193873
940481
973207
701548
535317
300146
909688
460093
130741
790172
153108
451186
755068
895601
305270
729590
976028
644928
569092
787702
367218
89710
479653
963170
556455
531841
898160
860585
910492
430833
439033
188485
37523
180551
360764
62538
138142
492227
213043
91042
370838
783929
711848
89843
72649
839528
964339
850164
586746
263717
411741
539298
693292
188925
646563
643303
413717
641329
361558
18812
29688
945618
812343
475684
967
807845
474467
713001
166092
233626
754967
887161
804757
853965
707726
101287
648609
5169
145150
115648
412541
183629
743204
603040
790087
700409
323337
612333
674502
196460
436817
728672
170296
531499
380979
663232
270249
797088
650957
135920
248443
362352
427666
638232
710096
79044
169008
741084
194287
301830
320649
890772
904230
730860
161644
654777
107704
791238
198467
332223
28939
810152
996724
136285
675973
234913
603102
859798
490742
811103
916082
547266
566335
580412
489989
556381
998979
831601
210205
640096
451117
333286
990823
828109
535029
505784
383255
939709
4107
108087
890655
536607
193505
934269
382906
543528
996081
405674
344659
832464
182685
914727
221031
130201
350213
825821
717184
313061
425018
608091
252029
128800
939189
397369
803892
756621
518552
264675
360522
964714
966253
812105
274389
238791
573677
175622
952198
97371
91140
122565
307812
304072
26593
731062
427065
264188
392466
253038
901165
192431
419382
279538
134740
653932
587456
575608
365930
181082
480896
272042
475640
63230
322631
164265
375870
183909
91127
583868
670015
853538
148605
291716
488514
869417
587227
253818
289400
931820
210299
375809
488178
738272
679667
800
898803
499219
633288
634918
124249
390215
760377
484664
885921
104736
451761
51200
286558
31277
637877
229456
907268
324170
579671
809961
897227
426281
540026
136434
777793
795210
411068
138429
485633
384556
126438
159457
315351
195406
653567
135999
667561
871088
466521
186556
107106
977801
888337
211122
566268
163987
692438
804785
722289
661916
428869
231663
899157
136396
986676
692970
116448
690252
646604
365318
625438
832702
436689
194878
586598
114647
128850
93006
516790
819735
282935
138660
295257
162883
864465
480245
992957
86560
200508
242678
69288
415269
695791
463497
991873
982643
874680
576128
644847
92684
260706
600541
779834
204528
993491
109929
627097
337586
703737
991664
704620
756421
339584
904735
846891
922350
650423
490293
107939
318417
981047
277817
387339
973694
997146
890847
645598
938191
884530
596965
623074
280147
982671
512419
243462
338016
590635
777000
188396
336205
493888
587237
424477
342323
398599
599843
854396
295739
765973
626646
918020
244220
55996
644204
546223
799033
51505
411977
969422
41340
422077
726413
252417
998101
191767
225172
198686
905994
540157
393865
364620
817900
594673
964867
767492
116334
67226
96747
45559
246211
106211
851942
43376
175281
790730
834573
804637
848273
623875
800461
6081
904571
202769
493817
678794
118914
273657
225567
476486
694639
953027
639662
165714
760729
545027
326594
651221
249279
686246
351637
424660
416407
850722
679367
257212
966157
155689
725797
418788
235699
261256
926048
222719
318811
591323
486574
195888
400925
763287
889274
898941
821705
413682
408381
252247
844993
315380
616313
480726
668138
540184
162737
933937
893215
699920
247505
337570
403951
193111
409990
290968
804929
969171
425025
248483
537638
515655
659910
881542
475777
710722
958272
320977
969536
985378
318704
918009
493247
226874
864369
471930
232913
265594
836396
618739
627216
962760
77351
462458
757908
732518
219488
30270
876374
610443
35152
850197
18603
222634
357876
512525
144069
592946
138775
355247
838354
612063
985166
863486
892664
627557
331982
884911
273512
306682
940028
886397
613975
220016
628858
750717
561188
24412
343585
770373
431381
928176
325328
472926
316844
169794
302510
552161
175788
732093
301250
344777
780689
225428
17092
308141
272916
800332
837754
449384
62568
293175
741325
27869
207236
179271
299784
394393
226130
787925
466028
544556
918386
280442
351221
624685
644306
482035
796997
43819
229240
687157
607367
810219
448165
244037
440661
454542
135290
559148
154121
443687
103376
375712
453937
704972
910012
602636
454537
805831
137918
46864
598403
816682
908307
741792
892331
596798
134735
65354
911057
418638
728676
921882
810293
465588
782112
883824
113221
392430
669096
618329
41724
147514
833597
258057
422307
331953
653586
604195
739363
961069
770284
818928
157938
67812
708849
602475
487874
290422
36917
793092
422512
518118
889891
45369
387855
491815
713104
768854
22168
1131
902035
354008
683245
630431
786833
512833
183854
718839
677861
654975
667986
169572
330778
35974
471756
565657
812096
670710
83012
700175
682241
375187
802724
342977
762877
63115
638871
863549
243999
253706
180424
781943
934283
874426
13739
80831
571844
448311
3314
658439
634725
35093
70137
580488
660772
323051
992475
167953
817577
624418
8842
781026
533766
868515
519241
258600
393300
625091
407741
701444
224947
747666
290892
396364
686923
183757
966332
380488
141859
654149
544838
145707
562874
73388
297177
812052
340888
611898
336659
127431
722310
257606
56778
49063
972190
235779
429593
871202
189942
631177
321363
57777
859757
798324
786748
117110
746464
470839
783336
774364
681437
425634
964352
118010
420456
122267
735253
576364
569013
336705
971895
317319
495033
369336
999967
339092
806744
515740
634086
104507
216419
365787
884151
669735
17157
580306
791003
379817
796354
168062
342310
248588
398226
598133
227827
425791
125962
189816
499228
125781
889588
230781
594397
536875
174735
778863
622829
878932
680645
532340
286372
119705
47869
785411
88336
914188
153592
667659
27938
866966
147695
514550
20179
670093
999451
162572
798857
885627
775868
205249
11116
474203
752505
314282
910674
867124
834003
154640
560247
815817
572240
723575
604223
910026
62042
135935
249748
886694
787612
439337
479305
784326
196522
537366
26822
944794
608285
728774
453689
138181
388275
134732
717241
640147
83328
359166
445246
977001
268413
812566
585449
194067
440510
779498
119090
762733
368844
229228
419131
538557
224217
261872
537577
646874
706489
532955
529641
940899
7886
64076
754054
770969
238002
884779
693773
827868
392548
147005
510074
114146
465447
603076
369367
831976
977535
242255
123825
235092
425876
40100
269732
846950
468865
353466
166865
333470
549877
157814
971107
998972
612660
472301
599277
211008
423819
299631
372393
593639
547267
707759
917555
828622
343424
745471
388069
672700
340937
201366
182381
499825
167400
328477
945310
350085
908699
684782
725965
818830
835457
190262
661609
126533
193216
474659
600925
682238
224703
687290
374532
445171
477642
560557
737262
574393
334970
572990
401420
673997
652521
707499
662061
331954
95805
681904
349288
891114
664323
610588
966724
916619
447858
346111
658030
770299
965685
264216
645388
199387
631715
662111
675118
404744
747103
996355
814518
420070
583837
852426
971609
844251
137447
534605
976147
732282
806667
510735
427764
223979
928067
629484
484217
327220
917390
452606
557200
714030
846739
336742
225625
310595
51779
2718
975972
21325
70357
184822
929027
47540
46166
689341
986315
212177
506951
12023
477330
347571
498145
616021
469460
793892
297199
936762
267276
460114
413807
650125
447121
475275
589824
520853
675090
664677
90994
509788
766886
80006
871975
420854
772148
351817
97437
443515
607649
324640
820907
775981
981704
403317
508804
793740
417727
257203
193553
790149
378846
74584
659579
847534
716355
938403
179235
25775
514988
658275
565165
951241
465618
451870
816380
649511
871650
908532
79466
457409
892546
640188
611617
320261
933994
236466
398259
609329
371407
455023
876893
183040
979254
818763
453203
52667
102805
666687
37607
803249
217973
11125
655579
122012
52346
553014
392031
723839
5622
609677
76009
745858
284320
749271
236647
921821
682573
856418
705991
823721
901369
186550
196109
693100
577318
359292
744458
254495
880409
602591
152348
35279
849035
582157
502352
414153
229448
561520
658660
711342
92568
364204
96726
395042
590982
125817
120204
447824
788232
712780
915236
739088
333144
484696
173292
980229
825002
315173
401010
488964
807969
255676
268538
213910
621194
478146
953256
236859
872954
286250
72943
40502
131604
318723
338404
850033
34721
996826
981439
869640
814101
931939
165991
929984
703889
812204
983965
885981
288011
868970
337018
75718
297286
551487
510884
851227
321847
570134
613606
730243
202324
438837
442588
577851
650847
956940
762034
754025
265277
469004
292966
499501
67637
352959
461783
422845
689695
200623
305531
846219
82354
391003
722256
5179
266162
129334
765302
827383
357129
43467
516920
972371
608298
375991
280214
410391
628650
725759
991783
143559
338339
539066
289044
459146
317440
820735
141667
326603
40146
848284
943867
196568
68121
804066
388850
934572
437057
10464
245880
681019
773606
770371
690047
459746
95757
475896
145101
182721
623812
686009
377636
45605
203539
441620
846946
726843
498955
783423
409156
707280
152010
92662
24174
511290
385411
396686
124390
432566
876188
368900
117538
100123
914381
946037
330067
407609
78200
467937
549828
614184
390948
930280
848045
848196
379715
389100
704642
162263
412245
952917
451031
177824
481971
152077
234284
43831
978594
698169
603805
186809
853859
780287
182771
794552
50593
911609
464313
918975
866662
219353
138043
414386
859625
806636
707459
581352
258225
67153
913690
4914
375554
443013
313969
946412
481223
253325
325153
654489
260027
342702
113365
264469
972385
832233
926452
330745
97889
318439
808382
415937
830705
176848
691182
527721
97286
307656
165927
793654
488137
592384
16243
525223
669040
216767
468311
722963
262210
995183
30735
467333
728667
642537
315176
26764
873296
392042
81904
451149
954500
37508
539490
361266
364463
294014
802446
205255
870074
441542
203827
981541
794703
153920
575027
835632
256296
513114
836161
296674
5068
120826
104000
950029
286204
121459
38789
833015
756268
560879
316342
970065
936869
6383
931330
159843
97155
696744
70649
925388
394661
887809
520223
616392
886534
948461
154043
78468
159287
592545
113941
696661
261479
127599
792535
918073
931919
283073
77019
608192
550965
952475
592885
77078
217840
846377
88020
450807
620408
976853
92995
172075
975513
938444
201931
714909
709549
256168
157353
933685
132502
271280
846299
809492
507787
214505
274933
274900
448136
103398
568636
466533
413610
522707
309327
159489
909141
502257
67923
317236
104220
627839
264332
212934
104630
414330
682890
613620
158231
383270
106225
319550
624730
257697
790708
445873
575395
669451
932838
452018
833639
204205
142634
846705
237307
153469
840161
230566
268363
730957
275248
127467
152553
678656
9961
374897
733327
458455
959947
580563
63055
819370
727514
205917
658981
629995
929470
148060
630760
590519
600494
11257
992975
67775
824528
133243
612621
799372
454948
122433
703924
412439
956175
204181
2293
445077
602426
754810
319474
470117
709312
775449
993374
460521
947211
606078
229857
169919
907495
905391
662141
484042
570139
563168
943288
953182
299406
301327
307998
136711
740156
801632
910726
794978
878451
509168
904147
946332
697739
934510
8173
832891
584558
166187
553988
526316
155083
879038
611783
445385
335604
517284
753275
547923
80271
206839
449538
176320
150622
338599
894116
652064
51055
422960
483493
449611
897394
654008
915501
633190
411712
390034
564366
358932
233716
485343
568223
170961
508783
896111
101769
636161
560270
270979
953519
646316
284781
827541
371406
308752
876838
563083
479628
932413
756373
618383
233386
575962
216588
803694
312772
813323
694546
625039
385606
977215
982657
377926
369518
160817
310643
246780
12655
714296
877676
307623
737159
652340
351083
220305
903303
652866
105581
726
801515
901184
105586
604684
144181
430486
52965
446668
681544
448411
107059
38550
579972
233179
591863
794907
842945
371819
560157
995341
686168
813350
181753
357954
652134
549951
504396
790768
642208
635465
620355
283618
326390
557922
334564
323316
63732
754986
522850
688905
467111
836217
99797
827669
166470
119751
652420
150068
930967
901605
481233
270186
94816
315508
847627
388770
325935
942212
947262
85433
779926
727421
932877
893309
178569
183450
220839
224744
829951
563631
348832
459314
468211
172190
709251
491216
597656
621059
602600
912902
607407
369223
23193
399851
236473
158992
656873
61075
284405
18171
56079
202599
57793
14983
815139
547091
439996
899671
563846
893942
710976
992815
561483
38864
164228
742942
591115
96167
477669
765556
315796
601314
445732
565253
265771
187432
206807
920650
296668
122169
647655
277931
861154
581623
897580
451402
242282
985114
624585
318337
447405
365203
706106
676402
537282
304408
537630
698617
952587
90365
605068
861479
806475
722731
492365
494055
492935
143745
104891
807923
67474
295950
491680
64492
481205
466936
517492
486146
487278
407190
269256
639020
754577
3145
671990
463834
930581
734662
100605
819904
416209
35130
807991
391616
618156
38786
512361
513184
343482
998126
599999
118904
423718
535709
787442
458683
393383
57473
442145
747778
901535
142128
572505
434206
775617
844007
719164
818376
658053
511842
649908
877857
978686
895844
746708
921263
186659
978096
911887
841296
53593
679238
593467
1620
585339
722947
763769
981908
331930
970674
839831
364903
709060
155445
386156
933978
441121
17673
62773
488108
421644
722525
842841
702400
643789
827817
246391
543141
846419
589753
190502
684252
120297
188209
304499
699000
236855
356785
339683
23750
96600
903336
217241
62214
454603
903951
987355
518562
168840
73362
664170
208875
520009
769700
553725
587337
195941
306302
546112
391290
585132
3911
865230
828714
42882
945403
355749
146136
17915
8070
715122
641547
252381
717569
896237
461588
922778
294823
863350
519640
311548
569283
297525
585656
507869
867605
759548
661572
320998
245178
63829
585230
327490
756518
423497
360377
604039
686509
361157
556750
724057
685960
846291
70021
658673
429012
290501
919828
594984
739442
570054
322823
591068
265835
891032
801555
210661
503891
41424
414155
828925
147687
992119
449522
675766
227899
829943
804323
579620
653767
858831
955900
36875
41754
784775
221205
76228
871105
219717
12329
855471
378616
79775
255469
506834
850347
262668
774204
92608
988294
324974
881187
469634
191188
678713
596006
56994
171950
271760
54281
121643
45157
218468
872888
391809
442110
848184
993573
348772
963474
457533
920759
50239
953216
963267
132032
296654
489569
272097
501519
618661
64406
955597
488279
707895
473430
219282
981787
332660
248557
792616
657347
757223
587420
14031
754069
263200
169030
67357
482072
613649
84855
415216
291804
473645
795152
148476
39447
345482
592032
347021
621795
586901
12121
995917
24763
568018
579678
442950
936517
680142
207638
167157
653453
126287
670899
876674
120597
541743
243114
575777
489532
946973
197813
462193
535681
333104
626354
44662
676077
130819
739348
139404
909959
211486
560564
223469
798619
112825
215843
59378
203194
937523
513443
789543
888752
219306
622523
118460
997998
480079
70417
484503
751080
820800
542297
474706
934444
204998
943723
785425
16766
606004
841723
787758
129766
815277
872023
9302
135011
780931
517312
268462
624706
182406
2197
85442
652617
621515
897923
735001
786304
562165
892699
98472
186063
470293
154814
915484
17443
326510
333885
571272
939644
871803
370299
789565
162368
867205
769983
865381
458505
620874
755681
783950
947294
122043
942470
749865
892917
249230
74061
584922
884075
465533
493163
239570
393299
99277
121302
772171
526427
93080
371835
925185
962957
834257
480087
276401
560574
552937
561493
101484
808231
611511
959036
664255
282074
376162
394255
445755
160393
422883
135053
749611
438551
771862
430876
384529
329830
816192
269135
527342
301466
369744
802003
355145
522625
642550
919705
241892
966498
851159
360862
174203
408640
935640
429375
662408
51970
238599
632093
890600
736766
780039
223324
893431
156419
912572
869137
216199
983071
468165
496477
839844
243982
74005
582177
748698
217464
70229
983825
474947
44390
602850
563031
288042
780334
312336
646654
468639
22634
796063
688690
646196
833433
64599
451157
596992
578129
602457
141034
665369
79858
483641
39734
948140
731924
927147
472565
276430
279486
836279
348286
270340
67783
874597
740059
572401
125837
840710
7056
861720
825439
784266
840003
354056
16424
953828
897678
389322
12488
220174
237718
647656
814495
696435
50049
308634
229669
689787
749724
824263
632263
182133
640777
520434
297532
513059
456657
794040
965994
8994
876277
810978
53382
271221
408963
587844
290514
428824
121548
938609
367684
532792
884097
60615
576758
346743
403448
374759
115246
629114
702108
412082
378829
471059
379155
180876
24591
543702
12135
815695
492865
185059
612786
19270
874633
482544
198488
611444
494683
848138
931231
269182
963105
216206
784400
234502
319503
233816
810403
656298
450314
247257
391231
437114
641364
131053
587509
604095
511852
871072
989789
791071
689804
617101
862041
123023
51768
885301
529510
340740
551142
940442
819542
723964
519520
53308
59425
754181
666793
907132
433675
816992
580508
163390
610241
991537
938964
213684
50845
425128
43858
820961
620210
770996
181646
648498
272240
961920
932104
314605
718953
504540
595979
469525
640635
844589
315090
778123
59604
797044
496506
973257
398757
195565
957389
100655
779684
119639
90208
593169
518332
863134
167287
315094
283305
71758
619296
268475
962152
413026
750684
840857
686291
570144
778919
349574
198595
159860
38067
11738
553156
475152
594098
387061
38465
934702
729382
531035
357339
762811
572286
608842
681521
444433
161077
147558
545486
293359
802577
776699
880066
546420
669858
376700
73990
432249
833180
620853
911650
553397
586592
554387
259410
39702
35390
349922
936461
321615
695621
350918
601516
229245
138682
414497
717284
130347
923381
602475
31407
845740
796770
721266
480794
929514
341825
614510
9938
987390
347928
610692
28026
210658
37069
667273
754979
640942
950328
825514
268490
359286
638159
256733
838156
986928
277002
585655
768611
624779
931394
280165
291130
470116
850451
929045
93847
798544
391913
320177
900011
713405
559748
793016
12977
425432
137938
814601
565999
273635
793915
761321
44100
412394
505156
275525
811582
698957
802093
277532
920810
665488
164402
338053
910399
856644
314774
320920
525191
541116
277045
256660
129450
328598
118878
682455
348006
7560
269575
668324
782300
204043
937551
782726
398885
133653
570392
118170
420573
937227
179153
602676
636685
964586
433265
719652
683337
806148
105064
573648
220672
25022
766515
381872
18706
132952
49983
585997
499882
666293
785930
943367
246117
201560
691552
492605
678575
46752
468911
237066
25706
472490
170549
95703
906103
976047
47076
555606
142777
299123
335750
953166
460749
695115
647010
36731
154827
855282
166226
425688
352904
629373
812182
383780
463732
703959
658550
816235
108220
771212
846082
288792
930698
424057
903997
224316
118031
630967
80045
297842
130650
698588
576959
723179
534195
632163
587911
54846
394315
297044
81289
60056
835887
974103
568763
442295
733009
140183
451633
79961
693209
533092
445102
73026
34729
520635
571274
938542
509863
906933
801461
512830
266395
546775
315212
69690
445385
150941
314875
28421
178781
208537
682967
134578
959763
571039
310352
468082
998510
883960
730638
563113
484176
815669
855058
541977
875247
654394
445164
767770
759185
540047
272525
719008
982735
999901
299157
67545
156265
479313
557900
372283
555918
475974
199276
680093
675708
470191
722344
948169
462106
940269
746669
614373
697751
883977
587997
835825
510217
797044
853960
868986
942399
945366
341442
273641
177515
685971
222985
299150
755392
948894
284215
707480
799390
459689
95970
132406
910522
936328
25716
513876
479319
230682
970164
43212
722359
290612
659520
403722
747005
248464
878158
885422
161112
567513
668202
290792
79911
925355
428366
417147
58684
134892
723
145635
832240
916573
504888
782363
490779
915653
714281
464701
165684
251372
823030
988868
869169
590082
781554
809850
145799
75828
855330
424079
472525
127634
475423
21276
793515
65299
597029
393266
211702
521208
537252
646848
526241
843813
892801
436133
359135
696350
612744
343041
583401
86523
588846
536251
918887
832923
829323
144939
518407
872174
114097
586481
787939
338890
182459
868273
829220
214303
561715
583106
88491
422677
44930
74943
704109
243143
295665
743806
981067
103096
692986
472847
509886
918066
139188
815679
988352
968659
884909
267937
112405
887720
824137
646132
36168
226742
87872
167087
106759
448732
535231
757681
165796
471271
553111
643124
770222
570477
450493
385271
782435
329067
83909
391388
134062
627218
629012
495769
98167
985325
544358
42697
736028
480071
542045
10008
737428
364629
14175
471457
920485
446724
100721
414160
676523
609963
243149
758877
292693
455649
373988
976060
733935
924741
192946
739145
593260
849232
967508
72514
817677
506566
894447
651298
726280
909754
32958
8425
207602
589723
970454
899027
564311
118755
185655
661447
957597
659517
223180
501147
101873
413485
388411
853971
958785
30171
832174
98200
908298
986166
850016
967394
784417
831602
993032
7503
518205
258627
789872
898310
324010
693412
3120
70629
115110
65335
510188
188191
558995
312820
359055
879301
53184
183442
322469
718152
902418
281466
583010
509173
387023
527609
981894
138407
53603
388056
944334
351183
36358
290
358595
770664
757529
226130
73103
717990
957272
582194
6928
958124
391130
919331
285977
237049
960000
601034
416656
40605
22720
302874
750156
80390
139536
71178
94656
895116
619508
731196
140620
331368
493783
539321
586084
970768
263802
442106
497194
888448
861666
168016
565017
456790
611178
324231
682149
671419
251099
861934
215753
588478
623121
526486
642003
566387
325502
305897
138697
998738
783114
679429
865570
999392
173949
385584
608476
631681
562887
502311
879047
442017
37785
749553
258492
363508
902601
112435
577281
520819
945659
470557
541619
593294
938354
492239
303240
392985
976714
313042
597913
749522
730460
411478
889736
556222
561287
977471
2983
165142
827708
135480
919117
330351
738921
828910
297657
707964
944306
459757
109168
978841
380663
39312
719732
256205
462367
404911
728803
135124
277383
895914
495369
648061
289501
483035
7664
415526
519538
632297
896704
345151
958821
96466
466791
205228
854719
63532
174946
781752
103674
529146
484985
734956
906465
350242
519991
244430
67745
878991
361134
456482
933322
582939
107597
341052
112179
192075
109577
644232
450815
418003
959037
763748
960715
265844
546362
594716
857080
732216
83804
71217
170791
88764
467919
650481
785285
374565
462182
62991
581242
933832
44017
893552
693015
759741
181133
775868
422235
336420
16464
298848
26658
720087
83655
947797
93929
412990
547595
456753
195928
368738
905228
651482
496339
104951
607085
245535
304953
557371
279586
995141
756930
745585
342881
552096
299652
959196
5559
928410
599111
320150
277241
767484
752206
600820
204919
550161
513995
58101
718345
773705
12833
160976
581299
256652
158881
495151
300416
948379
329744
931313
53247
349875
573172
943403
306952
534745
980614
86513
333454
371116
446001
922199
225011
622399
826622
842799
765837
610656
974690
104411
476726
90864
929627
385906
969093
852895
69201
792478
60241
255473
494189
739444
913673
602684
438813
793107
597592
755239
130416
195992
162410
146079
770962
48181
680666
94957
570048
898271
235854
144907
776183
596320
970442
98765
902072
848005
33342
32978
741586
84797
395643
294981
235808
846968
788462
778379
591990
124678
114363
45833
230720
920245
673219
334835
267712
512137
792429
790256
444877
157086
647276
395361
807841
325254
712014
622879
409346
142304
410977
566615
200769
755102
756119
787002
832223
106495
410791
431744
633951
378977
374934
626364
45203
256005
982364
632830
257892
316940
621270
519432
583248
962934
562870
780177
583554
801345
862275
798150
23656
105365
671012
711865
639669
600658
33120
902794
88963
321371
841107
604194
480998
13637
193691
851340
428774
180419
683514
385820
648561
207262
931597
277841
892282
355559
602500
331015
522773
443749
61474
104030
705103
524500
864593
51417
698374
513744
438820
734085
245559
609293
476148
101571
161900
135345
226731
273023
795771
912993
843814
739181
113066
987668
514049
817449
870693
898442
41478
145330
540892
611744
364982
89194
653497
996258
163740
938973
810030
698140
573809
322511
153111
271722
633665
330512
847463
729270
961252
768868
568248
574617
691854
697303
508289
366084
410906
23447
57330
629434
667999
937613
741210
943118
320358
398046
646541
931603
639504
134407
312533
429937
383304
899254
108386
324284
612401
496351
522433
989946
212393
649642
190727
687930
162783
884175
997469
243743
755004
685592
997001
169509
43379
317479
664905
952778
218238
321731
374856
792692
855948
862628
809180
730067
922447
241486
100782
428056
950398
700097
648345
460732
404729
373447
720207
727397
475983
4567
586441
313948
1218
430024
712882
393647
390996
554498
496406
188567
411075
860406
387350
317214
939026
415209
849757
606227
785664
203600
731386
341754
290565
860272
235551
746198
813643
278646
591114
887010
224784
95
694066
304855
852840
790593
47914
756056
815429
560554
966344
772922
965025
489236
745999
109709
760213
987189
999100
416960
180204
913676
279356
662992
149207
805991
818110
648718
272121
144833
920386
108858
685122
884341
677027
274758
140399
609669
538781
286365
927246
41764
524229
572090
474345
313804
405748
360672
392798
45200
917070
200756
277358
866575
515960
376836
265781
656423
721596
469604
793621
352459
804373
856482
385934
309554
536677
180909
635826
70906
913468
537921
64141
614413
220882
70309
722363
552045
536481
389093
327125
557385
605599
588117
85011
705700
957339
554990
393024
337878
544718
902677
791374
582640
374149
776608
687313
218600
92732
262567
976017
592931
555329
925932
294869
888779
656703
409045
392382
686567
971367
403039
356833
607573
373888
771325
251261
595772
777388
411325
662104
575487
578576
923611
762213
321156
894103
376118
104717
20404
237581
437121
915008
88629
15352
124486
920694
144978
589370
145052
309299
214296
450661
678599
480838
953418
664100
139987
528222
443982
882360
85079
406207
146522
485648
952459
915259
305344
661878
294122
27124
206916
394153
702111
993419
261872
301774
391292
291116
626637
457181
332556
531669
374030
206676
328906
235357
711537
531127
328904
76643
521141
658771
674362
430933
653756
41065
646371
580820
824727
407380
425599
936018
735528
803503
50871
581812
161491
963759
198550
484037
961031
607977
332346
764596
977300
165386
450088
148880
268663
249201
5997
305651
127781
427668
181921
808228
249756
272305
426514
41982
185442
900669
569274
755122
174907
939070
241985
56686
121026
969402
971821
233018
553642
318440
716305
542248
517199
595090
862095
353228
274292
260148
19435
471981
70990
222388
901494
332091
584989
392571
286803
871756
895458
136887
940552
719110
848594
607279
602643
84150
835037
848096
718976
389877
734270
513528
981955
441026
108535
69919
634928
44758
286142
56024
201156
779234
266712
927432
929404
397939
282155
243678
32286
242215
317862
206095
361205
42940
315934
508056
466714
932866
990616
834909
291224
133666
474168
264159
657881
644299
80383
830937
865642
207795
827622
520871
839104
102577
914416
710198
775863
114598
187397
314879
273725
610999
692450
927240
306488
790016
361052
26670
391574
811335
799302
589027
859269
857611
899136
296698
768215
17073
456138
252917
77388
671035
484423
857054
652952
796462
222625
916151
961190
980247
887588
295642
554922
269624
375512
548524
120723
655302
252862
474414
297656
482066
630916
3472
3271
725222
318433
911120
495669
899640
431617
886554
430581
649147
527961
446632
949888
692232
909767
12828
192631
432183
685273
458424
424256
637784
5666
258400
134408
798974
960869
558022
731056
824239
98306
715578
911905
160385
382381
739107
72078
962762
162474
949779
570153
335143
111444
909544
705865
474783
630911
32000
820791
222028
26322
156692
15067
4217
128833
272040
665799
984605
109992
656663
16961
608137
27155
200803
646719
530328
59880
855384
966901
864595
855854
306585
787762
488216
607102
632098
855943
304302
503604
876774
688354
853589
129183
977679
933606
55492
794494
45132
914228
350327
964492
983533
481909
475989
55733
965861
681039
675998
845221
567216
200062
583391
181751
229842
701375
510777
333883
601696
433605
617743
984676
463287
380383
500015
4599
705247
116361
127745
218597
353980
45749
705787
39958
759384
721922
102396
91364
269227
106975
573334
962624
725460
880400
317029
558162
530815
618847
356052
869264
27728
300801
650552
577321
12007
464989
307916
580194
7232
477721
279362
139896
340937
116982
281821
432837
995662
909883
756211
935216
107139
739834
844295
276877
71385
711565
23896
743829
745312
492807
519664
736961
408817
121902
511032
856170
37946
587669
27390
757180
7631
493601
105786
421334
343948
513618
32392
15659
330569
208315
172697
607298
428167
175112
93807
677427
338782
897478
752018
59390
863674
916352
737626
905665
611024
305420
325506
908646
136794
217286
164937
233399
949402
924578
356669
802482
576732
37380
762619
713648
555953
497663
26771
104630
561454
465878
172255
666626
826553
130085
337169
263429
712294
260451
920815
563502
630473
179803
41797
686531
430594
50951
764904
607360
37529
545434
854389
203658
10138
931751
577055
141760
269051
25847
65990
608854
900680
547808
393698
823112
889683
213827
24634
990817
555152
421730
139250
840985
668295
232033
698909
430429
955227
714045
915250
642381
188100
563791
708573
465206
119788
385330
410033
992452
10013
136083
203338
75071
333003
167285
844022
539010
927123
673132
497541
75148
748750
576243
91906
862429
845048
66054
262039
175322
259122
325773
150789
415926
252278
526578
682941
82141
920347
552163
692764
926706
783646
83180
329922
921502
586811
736537
59181
232561
299480
162793
693937
125113
884019
260885
137842
539151
290692
104920
665952
517495
222831
485005
241816
259503
65586
563794
993888
420480
941420
390489
170421
796378
593949
303375
444641
817814
607517
610195
15642
967439
951875
454674
82154
978719
530905
239158
371419
418782
550596
75607
167449
663471
604394
972181
10687
464831
125401
590574
148128
724188
455531
77500
714553
454143
757422
24886
263891
122013
354697
103984
583105
50670
86844
302083
855785
643371
232794
604549
116598
335496
340323
350115
721170
133438
485615
126354
400258
226901
600411
111462
123509
215713
915717
869622
145404
135571
886582
555840
566305
523244
357025
919744
883736
424545
339989
434231
67846
793144
221912
850744
360143
8397
147517
341960
255706
789722
421455
832623
711866
605545
107274
5929
237184
302751
601983
773174
276438
17687
74984
598969
220641
847716
103666
407828
475894
558107
848876
923730
944498
567712
268727
280664
589123
403414
919227
905773
683907
901221
403120
279132
771122
365812
711558
468324
954178
318895
67077
443203
650105
289032
495889
624692
842682
32125
907917
298077
161989
360723
795498
169820
871186
703521
381249
764384
776762
788501
842689
792154
52946
369638
759924
847353
795471
989747
936727
336436
612228
693892
90452
924145
373417
320500
133211
101902
811447
868563
905947
33358
591111
140614
496669
326889
600458
530328
85185
90030
892890
383787
201950
467106
902570
223582
876534
868837
107566
700829
850407
666803
403695
343547
72436
493855
604179
32560
959522
841455
731527
83099
788187
556197
123707
65770
354913
403549
807068
363606
28272
612831
166191
990198
99112
405352
150233
935076
425442
40059
346804
256975
278011
364640
535248
762655
251357
694576
805823
156340
18174
22851
484969
258743
433466
517799
74597
22428
234582
647668
259488
338349
451739
776276
74092
52239
211572
510117
218445
395246
361157
654644
508407
815358
564
913186
465122
421217
889038
278192
693491
207260
474262
295195
352038
296697
467432
858017
114451
804629
683818
810026
860417
287608
17854
698475
129531
698216
906111
617486
37984
552929
785680
349606
418552
257848
912358
818826
99228
844589
613289
993011
432337
521300
625333
561025
507589
510521
499183
626241
255696
751586
303684
115431
81048
707764
766229
390389
915512
297885
21861
202855
654558
589666
260462
51381
1935
358836
85227
389239
715927
535575
67334
597747
819476
557446
445542
135391
278887
649868
498749
982610
581605
83678
131265
388851
32628
180427
270303
278824
517990
830314
978345
945077
770572
727951
575448
659415
191027
513148
387796
560405
616245
590396
981034
897009
574015
830289
508377
357493
232820
747970
1267
218595
873087
705804
635671
88966
640872
826510
699958
635654
660344
407646
377768
470617
346299
974666
466639
590955
338763
787705
286207
302426
377334
733511
334900
892919
169252
196410
283002
689455
840635
184970
481837
982233
669521
901652
900267
71470
427482
629954
216659
420062
904382
487854
457694
505486
601450
932094
343731
801878
188523
958833
79257
485014
16981
940591
518519
265795
231361
796695
376212
64792
429585
78924
825442
491578
567248
296889
580490
735835
362144
248213
691324
536787
723180
913462
457585
898534
801014
732146
962354
228008
132808
888286
830145
252062
428815
555465
726234
273589
905128
642626
424618
90055
220902
336259
758115
853946
821103
589462
133689
677610
3984
211420
709946
122728
170026
490307
985199
732570
177758
490854
128187
69381
162112
672843
636242
253127
923460
810515
412406
991474
293842
206777
463710
167930
965233
308801
860015
916544
369540
942740
937472
191709
429318
929926
777083
275152
194911
682253
267420
39963
660964
263219
718746
751992
560287
946790
621322
331719
171253
146698
582919
13778
339509
136375
497175
901975
34519
621130
331500
343911
771379
571855
305934
705345
349324
187722
568138
19525
768069
869802
507089
33567
526618
205829
576089
731219
682015
595503
955796
661879
842570
13817
740817
731607
791761
581360
426951
415182
355899
606385
57151
784328
497441
928938
422693
793831
826812
668993
580451
180910
726722
248855
811826
566431
148303
138598
769217
233624
98406
352165
386215
340980
458681
274273
491821
610980
443563
953055
178323
597445
581212
470564
567701
484910
489116
633378
896611
357248
911751
305282
141016
865806
692673
130291
194175
472605
207111
761773
616972
732970
110071
138997
30146
1640
784771
697798
739969
736479
704523
402509
76820
650162
598581
506758
310185
774367
933501
621561
981419
279235
594161
341180
215150
541084
455612
748408
904917
889883
762797
329262
767028
358030
994663
790937
927879
52119
15493
574374
154252
13668
222633
675164
399339
303534
238030
258301
167519
424592
909686
84065
40261
84728
960325
514601
472509
899017
638167
29103
835913
381898
488085
515993
328840
516259
940447
898990
314878
593274
2839
963305
809124
711267
938692
779921
685218
229925
746275
848721
315973
778216
3761
235237
403079
888092
410159
196966
166819
21826
367304
825457
261401
496367
512469
8370
779853
590022
111593
110931
45140
671951
269051
126668
287545
224582
494923
47449
916448
466642
537914
725859
852823
909645
588975
209785
261609
720698
192128
881141
712432
500470
902797
517616
214053
879956
670071
654965
621582
141492
773618
582413
656271
734662
555172
399572
192228
152244
528653
760238
240843
722479
795518
537837
547903
958665
184477
531822
293300
224314
452729
471785
862200
61607
196315
223522
130548
434223
981955
404122
628419
541332
56893
250701
984350
741678
887208
483762
318057
869225
290527
350369
72132
272820
404193
616888
349375
312313
103879
279252
443703
116964
47867
693911
152900
508937
105274
11655
672884
823566
378793
705726
703718
535069
923365
678071
284407
518077
14650
618417
61808
490880
138353
620182
16908
205659
38404
860531
515123
10961
659026
752554
655889
33448
850201
14605
762300
959357
628266
45634
868681
57212
146637
965641
754705
919740
234401
307893
483233
295796
935928
942226
360948
242007
929322
201143
890981
657389
88384
704643
454037
144625
829361
246276
875509
40802
588348
389183
2534
384616
42926
573530
405690
914051
664142
430438
837505
395341
675330
311091
132403
727176
422208
92831
931987
131556
876594
28348
188411
311406
623151
230167
11729
950148
58746
233277
406614
673761
638977
537880
874194
208270
570217
571148
203022
821583
999695
229937
925497
624383
725254
125095
622413
122641
511429
356983
532767
355756
896144
666519
539823
448102
55735
703226
475838
661282
593714
235150
720117
706324
137321
101479
120407
603992
814802
854066
330322
211467
814712
414350
537497
68141
456318
210912
178482
633690
745907
425208
604496
447197
309450
215535
203951
857971
753632
747545
88435
451597
542933
424992
553928
265924
986526
997494
693757
781917
623473
221172
869792
319625
200102
104215
541067
340921
157686
595180
757910
426662
973574
96007
482689
189797
683699
995885
3817
251012
341357
467953
246635
495257
862511
958017
961777
999645
863038
820250
352920
975252
731167
392874
229219
871532
959730
617128
787425
310902
722970
85724
225861
785847
843543
195950
819300
885221
715063
473114
978518
521255
650382
398800
502396
922140
513514
417083
711394
417102
778072
616858
457684
20972
853475
55136
688524
597481
232965
80657
784970
21294
224184
944569
670365
181685
551706
796318
964814
688867
950077
33822
637284
234130
845293
26136
701438
365776
656562
794717
351850
794038
308555
357514
239803
277900
812913
643542
830087
270070
455718
271745
858439
532059
870045
239131
213917
265148
118521
101358
908712
718156
296204
937389
838320
342144
866146
259582
382079
525171
264690
421611
435508
336712
108127
67163
472987
414052
602765
572320
256994
419735
653953
911608
142651
352094
983260
177932
655751
154712
49078
186165
267227
215535
947692
488165
732538
529820
736747
877327
213301
374467
841494
719319
286044
425427
825528
122823
910465
766735
351337
804033
181802
952825
740359
977839
804133
664278
683235
14948
753374
621190
819502
139641
859106
815914
768724
351426
135903
176666
755599
283561
699217
678818
169580
390020
968074
506949
420080
841074
623632
604716
538126
684697
719421
319314
601039
760959
67079
682095
855068
746616
875303
381161
488728
235567
421554
749268
394524
19244
675106
977621
106913
91265
100636
491111
301859
833760
310882
595461
54764
377660
998231
39350
821586
216318
991240
532722
11626
610379
3771
881696
633513
226671
448599
241475
954083
113594
506359
448064
870821
413048
194275
336262
258175
826573
926679
498918
242051
579900
899486
779191
582919
865853
313047
563212
497202
582906
417819
420571
912671
507410
822283
40613
626947
427719
816169
830834
262039
52703
383524
400838
191833
443540
390685
552911
869483
326453
33785
812529
47664
916912
410975
589148
385877
15995
523315
669725
923584
475461
358654
359841
637769
623240
832504
582670
545433
453284
733393
412648
602990
843357
961583
483806
143900
831822
721444
886452
546295
171508
961548
624217
883968
940423
734069
860532
60536
288246
65955
996193
197829
535017
791973
103690
340488
961521
678208
800751
47767
168528
891432
122875
544856
47180
133994
218905
681821
691613
761755
491524
579939
151416
713393
275870
573095
872255
121831
191515
996266
623814
353480
642131
415193
631759
861229
983145
715301
16617
968702
719836
450752
681006
678277
420235
346097
270435
824119
931404
154722
238148
534312
6433
733821
155362
458835
211027
874439
503415
243613
883734
321923
211843
985355
616801
795882
421203
655747
196992
250887
887973
578393
197499
416200
859768
66668
573355
912288
420950
801645
785110
999015
688927
287867
858337
9673
833862
592582
5112
481919
428798
702132
164741
108556
710714
442517
147740
767064
865207
745237
617320
392220
212599
460070
858604
785775
508851
738378
941469
491357
911612
26576
493459
667910
986774
675776
97993
816717
719335
843373
870692
611899
172947
711192
540259
504919
500585
797304
277329
388135
709727
168431
981478
862884
602646
75653
484856
850453
543002
65578
550281
210930
610471
361501
134491
639777
310727
164476
374087
589282
646643
695869
558028
32961
566150
759012
620603
846540
708845
667009
872488
909701
230637
253013
802616
388977
536538
582851
218554
993556
958359
112003
309640
960170
100017
655635
22996
25439
209887
519559
489211
495924
820837
781928
790966
337273
422379
911553
775742
52024
26589
525652
381968
964223
721198
163921
380939
811255
140514
567139
359244
292301
153500
370697
971853
847896
205700
147628
833614
972671
575963
478833
214867
403575
224317
945933
330689
671716
561204
307721
938426
441082
897921
3566
757498
100746
551311
187856
293839
192542
337013
494670
296126
106147
41723
752388
595355
107070
845794
560087
433101
828957
882626
217285
47994
622379
859868
843456
567374
387606
234741
107356
350945
654108
279892
420465
312052
233442
775180
819547
417909
91656
196649
50811
773243
764843
359194
755333
849032
217091
757475
420893
96558
358572
708587
467040
140932
877038
497686
455603
127186
193356
633307
291079
912890
436208
352176
21456
189226
719031
641406
382053
434553
275450
64861
695471
460012
354289
787032
105905
942253
809479
435579
792438
679811
629376
671417
940700
64888
532449
711778
844824
222652
22379
39602
844777
522489
259449
280423
713752
391590
114409
221387
50034
212119
808577
232385
968111
362427
841358
435249
310053
789547
767539
761093
882065
112420
84594
651183
868209
122940
754457
156491
471872
283370
231719
538810
808653
950826
578960
204442
164205
306929
673903
326580
624198
957784
62778
996991
362494
524105
521862
202266
743638
120765
681455
572985
693642
264391
904385
34715
906483
481058
1418
249033
9049
867119
638821
65761
291792
528068
346870
560064
348886
713974
961638
771861
559437
289494
72535
449873
192866
428083
419882
313270
881304
42180
307768
25036
211535
718950
716183
177809
652952
428813
88494
285798
520163
782160
968475
353600
176179
250633
317395
335863
725626
9217
934877
890438
556845
751581
306047
8721
60862
64009
14598
955946
396635
735737
968111
598480
553471
43116
201725
672913
514740
809371
164567
84411
165129
984334
467386
453393
128047
894012
14251
559079
186037
949402
351311
713660
388482
833608
720822
637635
226756
153629
218360
324544
342124
609807
137479
974517
34393
120808
337617
12038
849509
743185
591135
5321
39657
136036
44162
992038
98451
740178
190223
412487
441893
190750
513770
663835
348490
286810
835203
301679
703615
36262
941398
721673
563866
263644
13601
141948
497086
912264
11218
824922
614778
424673
889062
519413
818769
651250
505972
329082
453307
994264
106851
945672
589827
255276
441214
248866
483542
916462
107449
816998
762378
451049
417799
120902
186193
308890
659693
791846
979783
760087
40937
773264
524047
705253
194290
403192
646383
1362
695771
853037
634469
351010
631134
690504
726553
300094
380667
514848
954397
712779
815633
900110
831631
660281
763514
320317
560344
349291
982852
641720
347643
353275
347148
799737
808526
49376
916054
220175
88275
489358
656553
771407
905037
123094
48692
700344
544917
365919
215804
203039
486095
837884
417648
838119
156230
34763
949814
692291
574183
927745
491286
979630
21645
580820
359998
952786
48245
412249
474995
981580
1260
553516
866332
128060
748024
370071
745785
891320
929759
350228
433976
755760
375645
466486
313418
455053
258546
598795
344704
798313
234866
891218
942826
492761
674552
312223
31279
744373
578996
22785
365233
714654
312292
591025
395541
121067
207749
757306
568124
687234
283313
420192
719821
795281
169403
980619
586458
926800
124906
645645
683361
89434
487915
716198
172857
149901
633643
169545
619830
777596
279989
660606
253814
594865
478629
400522
883460
637530
759810
360449
731499
965250
132870
429022
790411
914015
945421
486961
196566
939321
97329
86427
880871
872707
590286
838245
478193
955978
175244
91995
526955
221521
717708
85235
344347
451592
351282
281075
1086
658028
874595
787019
625123
422397
155615
385382
905556
908072
843727
312396
263929
490692
517812
329123
291096
296247
339811
46794
51559
840511
162387
8471
49058
766300
287701
573639
919118
181979
219956
838630
354322
100680
552998
899097
215854
296074
961288
441728
512215
454172
346595
60857
166461
917552
795751
443480
432194
606489
504888
994313
697877
53797
184869
735005
859778
64232
89432
255945
217159
200560
618278
863964
442231
393484
971631
550119
484726
373819
612284
855782
526523
296591
494494
407012
841010
661076
925556
527724
780084
110625
717909
151289
702292
906963
220228
583034
114363
256114
837886
843080
835110
970236
626903
492690
445471
67209
303538
819932
323903
616801
591179
612948
575575
719201
744776
653534
227354
885099
591330
230154
401760
10640
451952
667363
38845
541957
81521
542184
302475
269229
114473
782693
897972
279954
795216
827464
238835
873900
465907
7634
463160
518247
139765
268
624562
892734
904645
208779
957970
471165
613386
61497
842172
188427
997833
833246
976702
270526
191153
707533
653592
658831
565745
469947
841699
476430
29132
320043
415917
167098
747514
847192
89550
749163
455256
894484
607030
830886
273475
298526
414986
610265
472631
932462
343193
887272
841496
735204
266785
196150
770010
839209
498646
212869
354907
641439
471798
130378
47339
739594
825776
658733
891281
91191
659184
916997
747121
994244
727370
489713
163740
10378
109844
760120
326308
837522
724667
939865
360495
961345
811994
977852
896837
980435
798287
897919
493918
485382
176329
998605
285836
270431
320109
925738
152715
83689
155162
282478
16502
529793
857846
800529
931814
288080
69599
350691
543339
28941
751865
70675
907318
141375
618395
589878
23887
656244
617660
937209
162022
941173
975528
340684
727341
514991
137729
927054
378317
851465
562185
96469
962065
416566
624711
565189
990210
616312
455445
726979
636006
548004
768855
482145
567449
271928
340405
469626
519190
310886
231505
990429
843994
556539
887124
399269
110074
580076
520191
40509
516991
327268
707670
160699
535466
847280
537231
213564
618778
125694
462845
5227
260016
168149
941889
529837
548168
992688
634843
39110
183618
48119
897388
20033
618666
929394
725416
80045
563432
479092
355134
432474
228423
618161
634844
956995
847745
89743
304412
215970
594724
187244
344865
198701
717844
852135
663419
187622
865373
814726
222094
994079
595707
4552
163314
103937
72919
689924
528005
579835
951156
932842
519012
372609
395589
530344
672983
708940
468485
531934
614120
82980
799164
171101
833291
61787
959155
893734
545066
160976
470921
969200
718041
764484
569264
619721
692944
320911
618752
336328
609555
317804
836892
794943
191651
888240
536550
259502
350143
339554
221713
281585
27027
49120
374405
89468
544846
62216
573221
128566
410736
828013
819241
204154
976840
713517
522384
967812
4148
576237
229683
556143
820492
713602
461378
778826
205118
253605
897405
840612
720082
964969
51814
852872
897573
212859
368783
786445
693612
279839
693657
415055
120016
873648
340519
289118
599199
577097
475780
244120
721037
59146
218295
741044
791071
13037
458790
664635
504412
169071
937222
937879
775259
194059
70785
722419
463086
534731
682571
842642
170047
353649
617303
966148
138799
230188
587221
210272
530014
388108
114863
915794
169819
486343
276284
381565
340870
890762
11731
576833
306974
984778
599587
842099
301756
101366
294664
992145
322381
120848
403605
490154
341924
494170
268738
156477
296287
396475
859559
791779
505692
40759
930427
930710
470874
993719
306165
66814
234153
971325
246026
512701
108492
890756
98425
963530
514936
764434
906259
35938
394831
370236
352056
561930
719543
811839
374831
617512
947327
666517
267684
237004
377557
400734
702333
645576
296742
102436
125325
130818
275306
359420
50306
231896
947442
232562
893208
372353
108688
492973
634474
954594
85010
533773
677775
129564
592664
675398
489531
681213
606889
154872
61758
55566
986147
111127
81452
992367
376093
955710
812398
965380
56671
450653
879525
169463
256595
137428
249244
637650
670614
558252
967475
581850
350303
603573
185199
373712
99569
663572
904931
742042
105417
268177
128467
535793
737126
247700
300242
505374
762981
720114
366661
225565
970365
949703
956464
207625
986829
572186
277200
595157
160394
926734
377259
214420
205805
990549
120042
772388
767374
948754
85536
298514
147394
351156
944059
876005
586706
824158
393555
679166
708122
1045
482235
918539
622675
576514
358141
591855
11169
706039
661617
450665
72597
188210
526573
524414
651026
982127
830569
552690
256019
845858
303338
216353
535115
123071
769276
775470
171609
916143
585658
745497
625509
893732
887987
542466
970250
187664
281338
357286
615014
761649
286922
787911
746351
336928
280572
922500
585568
835722
550232
757403
655042
751387
460956
543147
537530
377697
185319
224430
422327
47735
695015
931018
625585
375132
665623
634369
98359
740228
300634
698983
879611
196403
297175
152139
182395
726543
967404
657418
449194
53054
268361
960341
776236
450965
671351
600527
54250
418527
723142
39867
698569
736492
730772
471455
926407
890915
881384
754425
578836
822361
329408
717356
500503
982140
107210
733724
397181
830771
479106
805727
851607
436147
573433
110255
201942
511507
868633
490661
463646
318595
900540
728412
241979
496708
955872
590412
853275
667776
540243
817265
422379
830023
24546
171222
138163
732304
728029
584998
693612
814493
919467
476716
729501
423931
419732
625565
517043
224535
19558
399047
28691
721834
838273
836516
720236
982254
915695
518739
72935
649129
98232
590152
950378
813615
411825
795084
859042
200967
957558
468800
314461
628482
851246
971791
45283
284097
364900
790930
336748
529504
65551
995569
725655
199646
552820
144106
751407
765048
780612
415956
783700
78841
641702
679132
67790
432073
962766
385101
63509
139022
492840
247550
738576
197227
320574
354502
410523
162179
448555
336484
68869
922278
783148
743182
858415
532693
769298
483148
842646
449200
726724
944642
108584
786060
276715
93342
904284
58211
622419
797772
928262
524728
876661
647643
134421
166792
524702
927566
879316
441338
287742
898706
290832
554880
397443
188645
864057
822558
639941
441653
3508
302461
363938
132607
326741
142713
52743
761965
768505
948479
145823
774087
967874
717905
60879
404306
711827
211188
703123
481635
669053
361597
967040
820061
707459
93336
564808
796613
499094
348445
489317
852613
33137
226920
937200
947621
171471
439594
304129
856076
738839
582805
544902
702509
40773
124710
378300
994400
19104
176135
619406
164924
327385
107721
643364
327446
179539
358648
83204
826323
962657
320345
231254
221970
18821
531057
165180
547753
526816
275809
202563
620555
270654
423216
724377
815847
648811
763751
976347
927843
640527
709565
691697
805141
417865
743543
220778
515784
119159
839511
202164
387877
287442
630262
135834
292487
324618
407431
414332
857904
470074
550515
88927
250148
39101
246536
835910
310506
196962
683123
910312
413751
29046
261174
927475
766750
286395
567368
28742
776575
865154
33682
769155
581036
411067
473420
552023
261871
621885
98931
355336
786745
76617
261074
35266
682242
19566
703427
64092
422988
74068
589844
135051
439592
519785
20231
410416
240217
330214
864269
430693
455746
445567
93989
403816
977305
43222
615952
689882
824804
247110
215067
482967
98281
454048
78644
430964
412910
800506
264839
650311
206598
565510
221493
554279
395318
891276
494994
313059
922827
681577
783822
340089
563537
474411
519688
949206
702894
698636
739203
223737
254561
385989
149223
785639
873296
546281
720423
57491
226784
712023
102101
68380
940584
863621
96189
936645
889221
71510
991837
179058
424332
753215
771601
295883
182681
78543
968319
257405
200493
81392
47878
371140
163711
383507
715760
220749
119695
239908
901256
621407
659993
131619
467526
48291
373505
495116
744776
519820
689873
703508
523549
269758
481864
677473
455420
978024
595067
658555
834367
559060
134100
146205
928728
924351
632449
915512
994949
604382
899518
573300
799109
749784
450826
193722
842865
275444
306113
323540
451595
132770
590480
958443
614317
512814
450646
505597
489408
380779
405804
795510
434382
989564
604003
715905
409444
35089
577694
97640
222378
475073
115440
54944
906879
690534
455649
953784
836157
708136
559312
914315
767835
737609
586991
177766
227951
716974
54387
155041
940055
89825
693796
691447
371034
856263
733148
590714
833017
888101
245959
778845
39961
640530
639873
555505
26125
671252
97185
462735
773740
680594
602294
735206
516708
846587
115899
563573
424279
488150
48753
605465
71272
703700
823889
560581
275726
221598
784908
462621
279959
688991
509338
495640
31741
706729
841202
102918
315143
257657
910893
747935
498875
253219
920577
828756
441151
476979
532258
598131
162101
456317
962757
613885
793543
501681
596969
324123
951597
348263
323427
798959
88651
65944
629872
556278
87062
306156
183589
732876
273808
881813
583794
701925
158956
296180
363411
52761
131404
740484
501281
756702
623105
549071
311478
622708
589321
294140
976693
535627
381921
814060
654056
847712
608321
897231
382800
908056
582943
517749
97439
968827
904114
141967
961626
368118
472083
244178
258950
900861
738581
675393
315819
350784
601484
625541
570059
531175
883107
912121
504183
879209
269942
225973
541482
432777
457037
645832
206577
49082
310482
24740
260194
101036
415569
213576
386375
586919
56419
863888
98075
882898
363356
358856
867654
849848
41447
76754
787992
95562
553716
102730
753426
339646
174408
429517
785160
392978
317012
13742
841458
116901
477076
251883
173622
305774
14117
747193
823447
18769
670178
966545
443297
732142
788609
479548
742699
950859
572284
696542
257808
531654
147192
942582
297691
908398
54714
790221
159567
841197
595622
24896
72346
688420
45193
235886
20847
983165
970502
938782
920767
49524
605623
447519
495440
969696
42070
277581
827136
639881
715992
887393
828003
495311
125542
255359
814641
804014
65680
84796
165090
363422
984134
195024
111876
408653
213726
160486
191486
94349
703027
662384
996967
642543
811064
112483
99953
508693
94898
13136
614571
156210
308568
462670
736621
165398
608593
489207
742475
257009
205139
375561
191180
573161
781502
847251
112873
912230
386542
280471
907656
992547
853099
816446
662538
255875
490689
584944
465270
489233
688852
290302
559021
164425
723097
473104
285264
544551
381048
413177
702223
246619
691183
215055
775753
641376
373800
332963
87319
373845
232388
868638
531532
601386
319150
360174
392417
926510
687004
760573
977809
614697
612839
395191
40646
409133
454127
376694
321080
673814
825946
129605
789760
662210
744005
614172
862277
429160
536585
988168
92874
225086
141838
293237
981351
532437
547096
675073
458157
723910
72688
221116
508930
784985
847992
202085
393571
357726
873421
235204
162487
432332
327460
687008
833610
546661
573931
19999
546753
724359
577142
550613
169285
169916
288812
280078
770532
451614
512984
790520
578560
539464
638753
361541
799560
820088
90006
43650
79675
332348
903979
482420
252400
83970
48060
124608
794562
526270
239547
453510
709466
620314
172782
973353
784258
229003
646428
18572
352557
424445
759352
303946
207104
723922
697438
169453
765837
328684
686235
981689
182123
882270
931451
33308
371608
190054
189530
871346
438868
282574
138709
55861
937896
753311
141406
385018
437344
599027
986784
552482
905891
206038
616954
622333
35854
759513
695049
900541
936651
944855
363528
807661
312194
800955
11647
988879
412487
408886
165138
681891
825406
649419
141912
214372
915849
212801
147303
104002
153234
185056
328397
900904
596668
407546
19772
350763
758647
187713
363440
574730
242534
939414
386926
114475
972399
945297
720272
146036
830942
758338
843656
948157
765669
930622
965711
917743
665797
891997
746943
621158
772397
955948
630445
10160
54292
274880
722185
927225
950180
612130
271672
232819
540589
98575
244236
334977
975746
157214
143859
538427
809649
27574
78539
673656
208433
156894
293178
769633
915532
261806
814060
282680
154742
25780
372847
779100
897639
528551
559539
965039
383284
895145
388842
405379
389101
154796
144813
992662
494828
909602
456958
256497
429254
15497
391299
764709
660946
341579
626488
582550
779205
663168
665110
713412
397256
29650
586434
181628
238165
462449
641252
6815
91300
856004
914381
979726
277841
12349
738839
35989
710243
966027
412610
435851
811255
830853
301492
979433
462032
340759
76153
303279
131944
165569
456767
344705
112773
889064
57142
402098
348619
606366
887950
232063
180830
832029
810289
573593
467535
504427
522981
496793
280153
844368
102106
753222
535856
418061
502344
779382
844446
978155
263499
654026
524848
946158
716801
156782
319116
63038
543508
860776
61371
819476
889372
744979
426990
566411
822755
641409
439360
926494
348438
552843
277777
824578
921126
553158
973662
471552
630874
404483
682728
820187
388544
189257
89975
437620
881095
233377
663976
578424
264334
895920
121741
953238
224980
907809
959506
223476
521539
700593
58600
193530
588518
266605
414676
586287
454497
931280
778113
155747
558562
462678
688847
486083
624326
261381
266704
310262
563039
387055
888596
543934
840587
11790
561753
897033
325158
70836
899895
327766
369388
527088
590949
189834
502019
491633
943883
848439
726118
41394
619142
37872
9071
738137
947900
803583
784920
137335
922523
25785
279218
766762
610908
425956
114758
737634
679915
737154
324891
153913
173977
491926
491280
160248
74226
260301
143662
433889
14086
338124
452650
712933
996428
864258
683156
244229
484943
199844
673708
201572
430028
823861
343822
97678
389216
393674
158315
838800
857935
653778
258050
87139
607655
224129
35442
505200
527942
171580
221344
776331
765223
577800
472909
935667
193257
588466
908982
639353
623136
55159
391701
200084
839461
553755
453677
734717
839443
573868
692237
571549
164484
474265
51277
552564
785188
529326
954823
245027
483593
679427
830653
993810
730300
8816
822584
546364
318925
548728
39155
785218
114003
878831
825762
102040
137237
191221
494359
952769
958701
888661
284458
474210
698536
188520
974606
373330
700689
631339
115711
243741
404905
710832
899778
606632
486442
766708
873428
74518
713862
436069
597424
576733
11052
662186
954404
36208
468011
28445
712990
893335
580332
968499
560402
978182
352063
104656
232496
5066
205793
599074
263555
110604
658267
161489
797803
153749
704627
177556
532001
287526
716085
807323
56797
719814
681672
143612
572489
930001
567567
182771
49664
384066
536514
139724
958794
845786
100349
801369
263446
447927
760684
413881
210935
653099
168667
822264
664890
852278
196328
634576
778110
78701
447714
862067
663253
516638
50254
267265
245137
1314
115239
467886
587950
698362
353057
929285
182240
341305
835163
829468
537033
674035
34211
769152
925801
595396
766077
79478
239967
348876
764967
988180
907790
520951
56503
284585
814042
345263
607817
451248
10897
693754
604743
11104
718390
909386
106138
153725
369928
125270
489628
346325
362160
102467
949512
954956
12032
936875
362530
591684
336396
455622
307511
630397
163455
753195
282211
596311
650902
124077
290665
654188
75926
130454
166073
631569
911443
245136
681168
262511
894042
178774
117632
782329
83643
809365
167578
801759
807092
123898
97727
872813
706362
164508
871026
230312
416485
543577
866808
764375
803815
345974
246895
474604
436444
829494
781898
715439
545506
703250
334804
405546
106860
498877
546086
686704
309490
209819
352528
589532
949395
367421
178785
375577
414526
725207
761971
47974
655275
308973
131143
655821
54536
489899
249631
449903
395699
496960
580692
244425
91518
708913
623559
264785
634804
376008
530154
244280
252143
186273
353545
32114
310736
580696
590796
45672
64950
15311
932210
462140
183289
50696
122892
154185
32811
507060
106242
553806
513131
565526
909254
721856
655687
607405
81687
681350
698231
333801
98568
396436
811242
619209
466257
457451
19751
899562
938657
24119
155127
330941
453064
522286
21271
754228
931310
419589
117103
27071
868393
179245
702615
319826
621516
407072
867790
167224
670458
470557
8053
673698
733818
517891
214543
160315
19643
119717
163112
953537
859034
992886
906602
117394
230435
970456
404562
639957
380066
321508
527719
831770
966726
152763
58117
944162
444477
110645
281667
154290
487322
310633
518310
714066
604909
724050
837911
717069
869345
32235
255709
474208
934488
362378
470205
6765
869777
310173
466549
45695
999857
349188
138024
926894
406193
400673
778798
709850
853029
71701
282005
787590
819846
952948
307351
101299
342615
477063
174177
61743
289930
764123
751054
747532
737291
514712
940820
325650
389333
328210
82107
24642
945626
400578
822604
217133
98961
19636
683575
89399
118760
430285
390134
235697
178350
592726
187275
988434
834284
430690
313218
561709
817341
365451
302971
442781
372269
35252
321348
312476
935375
40998
157400
237497
65915
860181
370426
47486
346971
468136
251307
478203
749205
251363
669670
245066
691322
126832
244988
138401
360144
860631
137804
154399
977907
344707
633839
895767
573926
760432
913601
91395
777628
180182
801244
62250
500131
825114
717088
536913
53240
497446
597938
55212
34941
872412
761996
258891
344857
978489
150315
671302
451595
302861
178661
194703
527747
167756
493431
886087
28721
635396
707080
776174
525817
174586
702168
50347
466331
252898
956728
567393
399207
526544
969009
225979
310884
14885
935467
669860
541631
430405
340562
215609
151027
305156
277989
263167
871685
624626
493450
723555
869161
921628
836334
526509
485016
639380
159546
160590
39505
59505
107182
228066
46030
830796
697592
129886
411194
886004
441707
806260
293518
98703
373701
414241
730999
772683
586962
316276
648107
142315
246489
878392
241399
788509
420125
238100
309366
301025
320686
72607
602909
437337
328290
667312
167138
280005
240437
987839
263078
376111
313916
488644
577633
279424
371447
91073
458921
405615
610918
657463
650352
557916
931433
583540
922005
328804
221863
564017
338062
62078
191319
414076
721914
571027
696158
413748
21565
915495
982635
696809
182276
773999
776550
595981
296556
211418
992082
382277
515596
95993
986897
873731
299738
154105
556480
112623
500599
230187
119775
620099
654960
168787
591809
677742
151284
177826
924113
772849
67365
665123
810207
929122
811574
853613
436320
792044
458914
187370
562128
592320
291023
210164
305168
848864
47857
737957
644736
542948
757033
306766
373904
42044
269653
913154
404564
190261
409599
7692
377858
13300
775260
675501
172537
712849
827379
871143
631039
593758
626422
26515
672518
32540
699104
117798
228250
898580
683028
695808
426235
315311
793244
769862
981875
449546
638959
338676
563871
476138
946847
836440
488893
650618
972445
997857
370125
699620
558640
205816
422299
69206
656937
204344
778348
199484
895445
830377
522067
688720
821889
219161
485437
335745
841074
269168
890101
877356
27034
363656
386121
595942
125448
548537
459151
894730
896815
373034
214933
226436
475247
62678
622909
139887
403792
369300
570428
283320
65096
42085
646786
815720
401483
614005
179534
176463
435086
984270
157791
145084
761113
24723
330237
169552
231223
247487
568841
790042
870738
131314
184286
853316
335184
246828
444114
764300
413995
817354
915635
120466
171012
381834
862577
444552
980241
672864
532668
923653
820854
192297
838921
806199
223661
358980
882394
132293
79906
208231
456830
405693
629580
611535
982746
304113
989589
473206
81477
476650
496961
594566
384104
441467
543362
359515
662314
403455
90745
147506
482634
246258
536277
883038
445952
653501
972039
410052
438941
921292
983295
284085
896949
572233
666393
688788
427154
47149
728613
863518
60674
546959
802263
866892
125308
66173
95217
513325
615694
480625
679277
198570
686259
825970
720445
389925
638477
259025
654701
783630
619961
982780
193088
694965
115346
586811
881156
67119
713589
105602
637550
599047
27825
808946
618094
159366
661610
897062
257802
649486
357006
251426
832922
261695
417470
286806
852295
403371
27066
248771
96790
228951
486389
976643
885566
687625
269248
548193
153510
41275
991042
672995
290170
956077
50784
904094
22963
881007
198694
613437
835661
844464
822625
509785
429045
209281
171537
203338
599511
19280
874528
215328
859884
487112
751401
651969
937580
182598
411985
349655
612483
892744
142073
908945
571420
684527
561990
23234
277710
943836
125236
648332
642873
223454
181556
469645
542160
638907
387184
818145
542067
802213
532396
612474
648382
82863
129929
321975
634844
429511
240939
934728
197430
195050
590670
356710
553620
134896
406490
815654
901431
506096
581709
496769
178472
92824
206722
391970
724442
147834
204026
577120
283848
816775
858822
484882
238746
622704
350225
107879
399866
667484
705146
954319
293597
743040
507425
860635
384959
411617
256731
773969
488329
703634
8625
188163
366221
424150
545506
39959
618503
881490
59874
618758
485295
156832
588906
715618
583544
734458
518139
928742
477445
184440
147789
347712
99943
172821
483074
98655
676165
46370
972683
97409
171123
483928
224132
829794
54378
545847
764864
253293
357783
971396
854275
116501
527914
50586
131660
271542
458288
626728
166494
119002
235323
523109
692947
332463
23418
2205
823604
625295
621357
222742
130881
82487
980699
664984
315146
906922
265133
685958
107260
72383
304493
834653
673478
879264
442266
474548
272746
486760
752269
296226
196873
902116
281116
154543
906871
380452
686674
482775
378711
852401
698038
18543
535554
563690
948233
727082
388955
264925
413243
913335
591261
626960
413421
861579
722812
245944
30538
861573
771250
730177
583533
238431
24677
102142
226875
801159
787629
61182
86911
886354
439536
315922
508657
976273
675543
427488
240429
334638
244345
607384
737672
385443
212338
216482
212633
244588
147592
96258
627342
80935
334263
374239
223322
694177
181466
476986
783726
362520
253547
446958
790789
643379
491667
754329
847250
734857
223483
273589
974564
466663
555729
361413
219591
542651
160757
798146
244240
832457
910663
174736
629858
432334
401765
537095
773217
853693
689848
477463
866716
780482
611921
943789
618132
589265
787646
672450
534017
917059
382633
669268
511931
103251
278793
12156
131423
643509
463622
240506
309828
512709
684323
150470
568446
177474
886148
810603
220023
703478
11661
301030
546602
521867
460048
653428
787483
172283
15996
791632
207366
844867
614547
628726
743083
416148
838836
186913
362485
156092
138980
617563
676318
824539
908616
116220
623486
697774
20538
573537
232674
651116
815290
599471
673591
621677
96172
715834
719037
293058
425325
963800
592480
563291
879619
251343
453478
260935
831434
211219
728213
138176
49977
26299
536005
215992
793628
270031
895154
315390
210020
516049
687461
934304
462291
88898
257523
766819
84379
865878
161546
259120
655451
901441
862774
721946
593843
715067
151800
212543
956143
325141
437986
213641
312923
979852
718355
793434
168646
253895
905972
825105
661690
356748
71908
966729
192487
785935
311324
101820
471917
383722
177155
694257
69057
674406
651798
159973
163750
666940
857379
162301
348674
261781
946186
378262
748037
726796
691820
524010
880653
380825
748386
426199
523906
747472
404810
792431
731797
507302
188045
588452
485073
135145
93357
926423
500056
318206
707818
452193
581353
154491
671086
439005
87262
667454
306299
105492
85683
342621
203877
237155
998118
208299
242171
884119
237138
584596
466360
631575
586268
240172
210436
953827
102990
924366
88623
437505
662248
557203
677025
250762
563078
641104
973424
943813
941575
26934
918062
424257
592799
273249
886263
604712
772258
148880
237235
670783
569763
255194
878136
833934
148714
469790
720355
962922
392747
322935
594519
113534
518646
543061
792664
114483
274282
688210
348056
201882
809027
991529
3066
743852
638192
158800
300903
43072
942984
747239
278822
156830
785567
785530
772519
597943
272187
111883
100090
501637
642802
338045
603829
595294
951681
166152
798238
318920
468166
84250
503092
243253
112815
698447
103397
950707
938596
231522
80527
871952
359097
611028
913674
41776
610241
795389
263333
580433
284225
236959
43627
755577
3999
923468
231006
315747
435450
64521
899715
170115
35708
133800
943179
436398
833534
233564
863256
718021
700994
419855
980301
607167
358061
987469
378931
414558
79930
507537
269533
910202
663156
477112
203621
612398
546575
565976
536722
57670
760628
983025
292967
296861
453672
232204
235258
548597
532876
736395
141851
457383
389800
836538
670862
52203
198553
880095
759369
806475
847364
767037
306531
140880
95344
630911
310070
429372
136642
296829
71897
40459
262583
683496
267818
172453
29783
199144
286170
219912
972576
884250
88568
519112
616984
429042
692952
773735
119641
25219
605621
255248
379501
306504
313291
325021
986415
253229
856019
939624
545165
236262
85365
329930
594208
231662
773315
80574
233883
320940
247705
28913
400332
242574
567215
745626
993879
216214
778428
494590
601649
563662
430660
170821
452482
787454
102923
977194
94459
502796
44580
87231
906129
996388
86359
78741
172010
724679
33533
456520
956265
777558
662659
489112
605792
227770
631338
445639
829187
960010
289120
941555
771805
215476
705904
214249
223599
236263
733863
261508
329556
411108
863051
764025
220295
371224
159870
587351
551391
83594
534551
591879
180373
162729
206202
92964
967807
390081
811281
749400
78479
151472
339033
276110
282346
793796
266716
290711
66043
847376
562598
236503
297540
576918
859216
190980
4282
315279
834941
823165
472460
489385
807269
753001
191392
121220
134788
182423
542730
211666
528885
490017
598261
884621
481830
667068
566868
800380
796132
861091
92645
888773
258877
662120
665275
28926
242342
931508
309232
679024
299489
338829
592604
89453
238478
609414
403837
5104
188025
258913
123945
420437
718888
974552
899268
331749
168341
715851
975992
139276
517042
473327
334051
48126
701413
388827
197701
474995
560366
69625
697201
959966
84599
572688
430065
358086
172955
285825
11930
88934
6513
881291
159317
165989
367711
243385
678332
83933
85440
462786
529462
359020
165287
613355
88255
410986
313348
812239
106007
863977
763032
884891
810471
345080
584403
704047
449367
870985
551691
24385
266326
73274
528858
752215
680980
314942
767664
154771
566911
188044
177596
136166
654022
130745
177893
968660
528757
981522
941986
930902
710201
757540
814888
281199
704812
168523
7034
795572
19857
776398
258413
314429
328444
263716
454186
452134
141793
359855
197007
665237
850494
83394
609192
375013
761745
17700
786830
314231
683313
442521
940016
513470
367671
69252
731643
866057
625309
57736
407872
650137
537306
799728
295129
623705
735697
392088
563376
841955
458839
323154
783615
338233
191670
185635
549101
174132
564631
672915
677507
988737
784336
657034
550398
370388
128255
770094
877354
602238
698002
643111
845105
889289
255679
598306
490486
831667
242163
570842
12464
573859
632461
600711
914080
833976
507474
881379
653158
855060
48611
445765
612959
28673
21959
499181
474743
437555
763757
806752
670967
900387
774561
589951
906520
554802
809895
362297
747606
645479
493565
420808
706724
153035
591322
981075
294774
392471
50136
492944
983186
289763
9813
870004
774714
502978
440270
768451
93190
259795
831901
563564
434309
544149
837774
328972
929215
798549
593273
470626
104225
764876
367909
76428
118146
926259
730792
821725
758263
49907
600118
656352
403835
82138
873114
694437
233609
244943
119849
679649
829156
178617
445290
880986
887807
844679
692214
441482
889284
717343
253469
182163
215282
166851
20648
47438
967838
34656
296962
71308
852354
732056
356301
564827
794516
565914
780140
769229
44795
173481
775537
523253
427385
459289
359321
692039
92931
181213
171670
622126
756381
772878
732702
787847
607805
444120
614616
57836
889128
442133
328668
647262
461076
292326
115958
508562
188157
711521
387708
85448
925694
147441
947215
786683
615247
184714
707783
641632
681844
815363
391329
999418
782058
201168
378844
938862
698147
882055
787003
418535
420268
490811
807244
670134
909094
698859
135406
742966
863901
408661
709346
148094
516934
710568
813943
363064
165697
297641
466543
160059
113047
56672
717478
429709
335173
580540
104939
344085
698930
226313
934589
190431
671782
396444
519193
170685
396202
198962
31757
695547
354869
489204
692008
379407
964653
412191
496019
769571
911757
208196
595748
470767
135967
58671
751344
578763
136616
983076
4052
511292
157816
827244
410633
562540
524625
873624
804233
344415
901530
931757
459864
259639
348597
294011
459283
238624
168354
662068
500975
655542
103461
11735
867472
220106
235489
555006
667216
761325
939755
802344
214193
152283
817899
896580
972215
800271
263357
883164
384194
916847
366755
116466
18257
532125
376718
222785
126409
216859
61731
893291
793149
460966
872939
515207
337296
870500
841093
600300
723341
737478
314329
909301
690444
909894
164436
92474
714846
409393
807152
811851
304041
129053
774676
519676
37004
659373
949352
240216
648171
391120
741593
633190
553324
457974
983388
483531
625229
530286
577517
810993
261041
273197
913397
247893
574647
905558
804840
737046
972433
827885
902404
248989
686588
807891
934954
620142
392555
137809
741941
764908
689996
493908
516568
878245
470982
888951
581852
426073
814114
855272
666602
343362
749656
809526
373738
395247
266426
876
585045
467960
679142
30585
91195
682623
217894
358138
953628
337960
229466
192226
606066
972345
630753
521752
352674
792553
925127
583291
827937
992565
636115
347724
882072
189654
751708
169153
846684
905663
33562
407901
601091
314743
433776
624571
39265
940731
359394
874078
273562
627765
178015
173325
487907
40202
849467
985789
638571
414312
767064
400326
292257
320946
365277
162076
530701
264125
781305
737060
257909
358633
769541
785844
751270
664378
682827
59618
664676
198094
923872
358889
302910
33951
838550
431819
188381
925297
822025
426949
330932
369535
142502
553189
753806
573979
688533
362659
837661
171014
851241
239227
601916
626191
621914
815122
819355
514194
96455
798865
253769
18372
587273
454552
518038
114702
160198
403277
705641
845136
184248
611731
705750
781976
119714
273364
617528
886665
603564
130994
768068
248146
761045
48480
583498
302598
245841
461096
148778
836233
936450
261331
547425
239985
380449
863732
93024
99939
535759
915370
455054
97664
840040
325768
624802
859834
919464
616162
818744
256623
544712
667630
611340
907100
197950
515942
270057
831358
47811
311614
638763
533193
349297
447286
894331
365057
5747
699512
68031
113052
288610
812503
578395
215903
547643
38698
203868
700086
199119
219317
428163
316653
207734
991921
867348
514029
890136
745977
921273
285432
619766
952838
820475
360641
208402
359531
843679
759667
488751
469130
367540
466210
466935
240876
506284
367069
283511
273918
627220
306896
839592
866080
381670
809753
568434
272155
368896
955870
405472
197613
100440
422583
364254
785995
36918
73412
20922
218225
17457
491715
169653
604722
836048
905977
852321
723782
661509
943694
61567
167717
178906
448569
288576
232218
485887
968028
508169
132200
20997
319404
54710
61380
611679
413680
331249
561220
839803
669681
254001
298960
939655
552102
909501
837873
946745
472761
651820
555200
394076
501549
378062
877426
151921
403430
683138
589088
381026
399387
292904
379049
686427
137544
626681
465734
588362
498560
947379
546762
98832
356790
949624
278585
261929
213074
37765
950574
266912
374214
428005
727763
247364
631254
813954
325455
487959
336452
215201
108062
477331
987222
527118
682672
158041
308799
197999
955113
317376
152434
298025
116435
12975
14501
388440
927152
35602
184171
508283
94807
211891
657205
596165
767745
489664
820862
253201
819427
305060
24564
16729
550677
39744
308387
927783
851384
386632
92088
170581
619445
587538
851271
43912
423130
238127
184311
791907
580835
829663
258431
664384
854736
527982
411596
173978
660315
567858
53121
244365
330265
692488
824252
509388
108124
492214
68313
732967
562022
766350
256947
94532
405034
451918
412745
934494
135181
231122
300302
742551
335644
300518
125751
770375
123532
806456
719154
979713
754627
532349
717719
460863
613166
185004
221177
426472
819886
958379
491172
256467
894502
492093
275702
275384
443563
907920
964350
7647
772905
863237
473735
913505
529378
304327
877831
446373
709619
556861
230530
641412
303938
286868
377964
625789
28903
990329
114694
118328
449501
682790
166402
737240
170863
475709
762118
420930
686396
519806
713255
854315
795104
157077
250286
843497
384123
959549
93964
889860
553874
978360
61229
648858
669594
296301
520341
863689
688672
48974
375161
499546
185223
604750
818054
672432
214335
733722
847376
380285
793057
666252
347127
461856
73254
522011
874201
421311
705885
871218
767364
203372
37474
377065
251738
75662
444733
513068
717816
467814
201844
838844
115528
439728
167291
284286
276935
849855
258917
60475
845241
376749
124485
40507
178502
884915
150345
807983
247185
764969
531636
515705
879811
176284
214344
873254
461128
385169
996351
477251
165329
317324
434523
418898
396221
346983
998715
699744
837040
969808
807090
931760
165813
555590
932548
294547
692872
1993
339616
379510
420181
527348
985608
869035
552365
761663
859931
733849
800959
133310
502798
505201
800949
275324
232288
86942
327826
282610
567363
377442
338672
19714
87892
779679
897518
258142
622736
54404
189120
300896
404207
506176
903894
948138
668507
360797
230275
456882
974036
880400
597131
308713
291013
948069
488295
794675
137931
779223
337447
670306
88832
976528
867846
449716
80919
702122
48532
356751
880749
70221
179942
24419
870625
740462
627667
483000
910216
979687
503993
310157
656671
703820
935595
363904
452098
27113
590977
858089
479558
257551
290095
233758
41463
90387
123367
330299
115498
913682
439308
888379
504900
867898
25473
31503
244872
218846
729349
417333
836560
524120
231162
916054
781638
315835
576280
181985
418211
555007
972413
852483
702196
280566
736117
442786
718344
44208
587848
580009
30430
840770
96739
481830
279412
547682
577965
374787
577027
929657
669303
124351
953671
985425
321640
447452
45094
700641
207768
495252
79896
167463
269219
390148
774004
569474
7081
602312
793451
948211
990092
739272
415170
895956
295660
699471
960421
320332
581792
173146
522074
203099
309747
588681
975815
424545
887579
199139
587720
58771
792174
227520
505052
601771
136440
809669
610458
463709
36253
906998
28197
477935
747763
801042
266570
47061
79696
481029
753892
40433
361348
832676
799892
291399
51646
260496
463199
746673
242544
490892
148803
157737
559192
876462
150953
148667
479840
153183
292168
525720
686201
623894
187832
866149
379146
116942
801907
712034
297723
718235
900527
553100
661129
305348
362470
128235
307539
289926
59520
141001
751932
679992
44146
386139
253368
646764
303393
926143
974016
567257
313323
888008
246197
44129
31149
811990
886042
507052
431117
502362
915146
116790
705022
362798
240405
387645
794530
68340
750156
3708
369918
234496
872870
571944
789707
694740
666076
349026
420407
218459
644216
232835
601452
957986
701268
695584
952808
949502
72700
385191
3696
994923
91975
95012
828601
905200
928865
385308
519846
750062
913963
810338
545098
653129
617598
210818
915253
768887
994226
878445
128667
320813
822656
333949
445000
782532
98207
82233
894484
905100
859699
294214
48609
536700
17900
383613
890018
168406
841646
610978
913105
696111
838700
210612
470509
134363
46211
222331
758371
548480
542606
875836
507540
208836
832
902633
177862
995151
14995
257051
422766
370365
568823
578874
372966
173533
891926
615964
243585
5903
477024
355332
390609
659254
683114
771943
734381
738781
667187
577972
272291
439796
250200
405707
20649
716129
665207
757956
682852
628508
470071
932967
420004
996410
485105
393669
477427
944983
516155
291816
617401
889154
989014
790728
897516
294008
500874
708117
848908
676059
747720
285488
404280
528037
438237
933574
910519
320029
323740
459886
26511
563202
48957
510665
370386
77540
621905
830443
346715
243011
886144
766350
263927
445172
444039
965601
82613
852176
747917
367232
251383
133284
537850
732254
913515
385562
802994
3252
540006
765028
221050
901864
911600
839892
863244
142851
222057
92912
668477
636315
647627
20380
543273
790355
93214
318283
786982
979400
153085
520796
462686
822673
552089
245604
498023
299991
841303
702500
715863
918612
10039
504597
589726
263532
528567
761474
633408
369757
949044
212144
104425
87832
833549
530547
866108
904453
202795
952397
247728
923776
509248
901457
537319
951609
853864
890969
652431
393840
617148
307009
646885
713139
911723
470226
181029
346192
20198
96756
770590
771100
736694
787387
602010
287724
204450
729556
534990
406241
228123
671750
654076
840678
365429
814433
379450
663478
534269
604423
854528
100165
531257
858881
564383
387640
887739
564849
257796
383976
557752
163765
513942
73545
235251
225477
466396
564262
74635
828996
755685
512760
519594
136648
499615
688902
300171
354806
510470
964348
378089
819825
613612
56403
65685
203589
258095
726925
622884
261832
22388
364923
930602
767514
900224
992240
714024
909598
220953
715133
360772
511588
834331
7826
894932
107903
675053
278565
232591
388444
377133
419429
365238
134653
633164
493509
390063
156902
150342
961580
456199
970119
623419
576232
816776
383526
672290
13727
967913
596219
440278
126405
10214
828103
441647
673625
948371
58186
709990
956637
995633
150457
501634
956604
28067
318007
695796
401926
248235
26457
977803
729769
394684
268933
458024
967587
73418
865816
529644
769056
831242
352025
51907
399816
682110
883
415513
794577
502378
890793
41773
855196
886182
80407
537385
344965
39831
804589
599471
638278
974087
658727
618510
688483
752311
751441
555630
332908
315908
994044
78010
789799
887506
556052
105345
929063
161458
220835
562089
699000
129195
187640
594193
424195
285561
75931
791258
381494
24002
775978
183242
463404
516211
141420
189280
939100
130977
353250
376022
888379
563293
389696
585744
477102
327085
205217
159731
791222
225661
707411
558675
728264
652677
409873
189878
101916
502240
30120
160081
966951
222009
226565
491494
493900
386983
730270
890280
296531
805183
366290
349628
352696
345136
83520
779285
790221
82632
501908
570867
576944
809309
497265
16682
114954
499195
170767
635840
850779
707489
322585
615963
539365
183883
875022
998403
545342
648634
690096
638156
710075
336558
854505
116078
104974
480347
376131
257796
809085
660304
231590
680628
608282
69360
233742
405042
874409
73205
765218
592259
148740
956117
977537
982319
858189
928036
530119
648096
936977
73359
378961
739901
369096
511246
541617
494246
305392
711741
142228
587105
239266
928942
906019
909619
221283
19275
120779
986436
738106
770885
543412
312843
747916
285907
910048
540855
718516
845630
239457
797839
240561
557507
127816
920478
659801
231133
786052
992754
49698
934596
992581
147932
752735
331399
684403
106115
444633
981436
397790
357880
750525
877459
500829
626175
93433
530715
963588
233061
964196
319766
155098
999386
201302
784425
725777
217129
341083
2784
216221
309867
972702
774646
423878
108372
177265
750282
656179
146703
721739
849116
487414
907828
185181
712250
593531
679304
505207
329730
982962
525813
490400
756069
340110
788487
187050
704338
657645
403076
134972
968545
333420
720128
296896
977386
184205
774227
510801
420679
879006
891474
418289
9244
53288
654705
767434
140743
804119
168467
84452
371855
850207
570756
963731
648895
714197
38150
217526
148861
743057
545635
906900
877749
220991
257709
801254
909047
905322
956423
737657
855901
151610
69160
722733
156243
90436
107487
633823
925490
832585
539329
842880
439631
511198
56379
230056
66751
872066
941782
999341
132048
371893
517396
823032
809375
425287
839178
266288
717896
183160
256142
100720
726907
811839
698526
562207
108646
863860
574933
817378
975763
885888
837715
96673
57034
697738
885017
37006
113078
311723
905696
274907
173468
560452
237866
759897
171475
657131
927390
872971
122855
910036
545112
105604
978753
572855
899296
488896
162644
660631
446528
95466
346805
856030
782627
267567
158869
455892
402770
176623
151104
883885
311056
103729
157872
768109
646457
690329
551289
950751
841850
793731
431952
758372
525022
145282
219910
444727
242694
742485
25188
800551
3946
396130
714026
518718
444051
576131
147330
851489
264579
382291
147579
269489
471080
121580
649017
301302
908066
876711
895863
241095
143752
222352
468976
27756
902459
860307
485694
650858
996414
34498
355140
954157
134968
354507
478901
662374
96614
467089
335993
455968
758540
864794
473560
192243
875325
51198
636634
530188
829601
586300
837635
561128
132466
91839
897898
313198
999708
131986
955860
500593
935173
388148
249347
648233
46910
769037
142575
794176
25509
980743
180005
478671
500288
387887
578314
746845
770446
75836
560371
538139
777169
499205
692070
958204
841340
293265
702035
640124
652454
67346
736264
916690
742997
410839
428558
182735
136359
664385
400490
263249
650436
879806
593326
94298
86249
298256
499332
18449
107100
585127
34981
21326
675027
801348
886506
363799
433033
556764
766671
835543
13119
730102
704403
10673
4013
239984
579588
39838
640612
910682
395161
972867
26994
963185
943806
418539
154222
912811
706235
269594
353991
303166
439828
622947
548898
902139
564378
444494
937868
643054
618024
235027
800175
442565
553310
109057
779629
829530
822676
946729
66442
447697
879658
577266
6050
133071
935668
468769
926371
351110
474534
381235
194941
777344
988662
252552
480001
199182
256257
40368
606259
977471
157640
996266
537340
165324
754379
231367
245650
481276
677423
618908
941688
696882
892063
513959
931999
475970
986349
971192
682935
589991
940851
47426
151880
264928
444666
318197
110192
320304
675092
806424
471360
310725
539054
433236
307131
871446
477380
913865
694098
819208
714578
233843
642179
319309
888297
266112
325000
240011
714373
841695
628336
904462
836674
740429
375135
33804
710979
588055
696475
375973
216047
426439
871407
315360
717049
190003
890496
756749
219550
539517
420199
373761
905620
746439
858038
893550
80163
380700
630630
489989
754088
998216
113440
369587
787838
738161
330145
374659
540615
278834
287220
29189
648701
739169
922433
215868
717105
910753
575992
33912
27476
427594
73915
643018
480774
509672
90167
902197
297257
261359
194552
859659
768307
569503
425732
995743
248574
425581
352111
613855
811047
698112
843675
3714
621245
817003
902734
856997
173712
384146
674349
895819
621596
764364
833849
988922
587240
997450
736337
399226
190366
125939
64135
587488
135261
309979
870729
270812
905264
347917
981077
636572
160200
722962
280792
140839
149851
682870
951575
616604
567173
600408
670885
694031
690445
431010
817787
269323
629342
107165
253299
642600
672348
30470
210759
60974
126102
134412
474877
929241
593375
331094
109276
920915
877657
255713
909956
437677
191425
934294
858107
211090
422073
123212
75672
593606
794779
136824
15541
954394
150102
7729
880385
625907
186239
589156
543221
974395
506474
871045
929239
148568
206662
208920
934700
876914
79637
409293
888742
220123
34442
496610
398784
713291
591706
993072
959336
852300
86438
525473
190679
53357
892874
461296
602014
688732
326014
171876
335118
780112
880777
108990
129789
494781
791813
530626
603395
151246
61037
745357
963463
144449
259183
273125
130899
481940
661060
481102
926875
11359
593576
845678
517952
995545
418615
922303
682236
583998
659380
424411
674110
897463
420825
72493
488969
411919
999533
242352
822034
215709
595667
451754
960002
964527
234030
871196
990852
350425
894455
686472
90465
22303
593859
764147
663107
610833
365010
913235
323226
866604
52047
999072
842703
510890
834180
823284
82946
122816
289683
348661
208033
164895
113449
307867
914440
303682
715523
353495
210183
652870
679610
107088
434150
535816
21121
286739
163184
654101
792502
688606
455010
104711
369915
598012
970278
866623
778355
729179
808740
677311
734288
586165
367502
220461
714225
526055
422600
554650
446951
559110
33543
523774
103112
579087
125039
146229
641077
943578
36531
25712
334017
929177
17948
764231
748713
61376
99366
977422
332644
264597
187489
317708
197219
719283
947713
769849
321184
751138
84781
436019
407748
77037
181143
957771
618018
316241
996984
223348
654720
74044
180507
363244
539306
674696
707675
359420
878770
754369
395098
944146
533949
962025
107256
950988
623419
958111
275724
948471
914079
640430
355050
398110
749755
983557
772583
583138
239614
760057
329321
352182
40417
234179
288008
460293
203163
782992
713665
457088
712074
211436
566781
239877
123372
40439
675477
585282
510478
318242
829424
893464
120034
867285
526490
550364
296741
23678
248288
38896
375307
191
267763
746230
340604
637062
383171
259652
229002
785053
829984
621625
641968
538267
892604
656590
76311
481717
127628
131854
235888
810787
305705
460548
61438
649870
566546
978742
214471
222894
280210
335530
659177
373504
252999
772821
43430
419261
303549
57190
728998
376859
382464
9977
57984
754523
468153
367054
668242
35890
347553
279934
26468
100063
246418
378943
666259
352939
975401
15980
81314
813258
44709
297193
48657
58265
824511
952150
986487
249653
75123
777403
462619
350917
548382
168012
460300
750018
746900
927730
965513
390879
34066
780691
329482
66745
126451
565044
351587
410802
43320
393064
21738
561750
30145
256277
730794
603413
257372
399696
394382
498925
840778
738673
869272
944008
784722
226992
843048
47909
816684
135571
771080
518004
385053
961897
686037
73030
153343
634488
256046
868983
390319
938200
151066
259903
2783
579671
790222
339497
830596
47635
349546
22829
71290
851648
689228
169520
457552
197583
443501
386026
877903
762500
641359
437820
371804
601176
132127
463021
661296
443538
403607
133786
320010
780821
44720
883829
898032
599348
866563
218297
701667
124206
21119
658396
987868
181799
970203
559487
949373
265746
972843
880471
640884
240956
882713
12485
177023
734343
578907
521923
653553
729710
460410
187751
995008
913656
806359
61487
499600
882246
70414
729187
611884
194473
670222
903898
89552
430056
489037
453904
538560
256442
818096
190680
982133
464054
279409
670441
215704
510032
822208
930717
651765
326425
449840
235889
231348
686687
451454
891016
849874
969473
743438
628532
323803
688139
426428
163569
549249
651831
532747
1446
246248
268679
345194
69441
105703
342041
149966
346304
969908
114167
719496
63873
419665
591073
533399
555766
533401
169554
729968
841952
342706
725385
421119
377357
672623
237420
928443
519749
167871
192550
455496
504897
837202
371930
335016
201663
578981
615106
922724
450210
534547
677328
325596
542722
456396
105015
327462
557995
596183
782946
256427
155173
881485
945418
794129
770800
280530
361338
227310
864734
25847
949127
663952
776802
642585
535557
571285
980914
38218
457638
951734
503215
346207
216763
668183
1434
182272
211527
368545
418394
617613
297750
512516
240303
272046
457294
862234
230752
659004
755020
715763
389920
123086
273671
659895
499780
986891
126157
314544
255185
42049
188470
650184
954428
295779
220746
212756
646614
897560
115957
339318
131731
582828
224438
606274
646518
591335
196080
658882
545690
972506
919436
891583
360615
894326
510802
42232
442488
685636
762360
26206
714671
449572
259495
916818
903259
415356
687811
431050
289200
169057
974680
758170
270309
419684
490383
625740
742974
391005
434674
78903
332934
601616
87456
551859
834079
676093
495420
317657
41368
946571
997134
310901
616359
912780
571802
893107
484489
6679
449479
284894
542308
353611
333225
198603
926852
826080
960120
779387
937179
589655
211100
760734
640752
935772
869087
179908
43264
600005
193466
771320
19763
7761
808617
230593
799074
600853
756074
861939
924473
225546
431746
371731
98032
798338
4150
983969
894954
678168
129781
598935
114056
634338
891802
450573
62145
106118
898180
974636
627495
615131
512187
972183
518286
764145
27703
167326
588298
208685
801770
435427
928424
691863
698902
165193
5452
626754
226324
854567
894177
189417
209015
830603
232086
706682
574046
979701
799782
966871
926595
112231
160445
91339
157737
827869
675665
153478
495745
714311
752582
552819
641866
172971
763151
109097
213235
911803
622155
557427
614011
839635
205423
44297
102920
709454
490160
788485
485008
855432
598726
124312
521333
991176
498896
749121
230918
769099
945398
638138
843227
620347
985644
661197
918841
575816
814772
738437
345675
843217
931644
657033
529234
118184
344352
607289
178444
149064
21108
446279
441060
167385
909106
435620
502640
766697
185380
932148
398094
922637
567877
38350
750652
102389
34966
507676
38639
840771
965903
114416
64692
86799
750802
581320
574658
329152
141228
815860
485744
894992
22674
170491
606811
27788
407532
722820
491664
991052
510896
332937
416775
6483
261539
480679
882147
113051
626944
569659
113152
968498
854405
458043
799296
334200
261210
876806
577083
905800
106160
681460
406250
733831
557921
406569
13927
500610
171608
84801
266349
533911
575336
730779
881175
415179
86564
880755
157147
149079
622392
647500
970046
361246
704513
540177
225048
341357
10445
472954
538793
707856
813807
956221
409750
726291
260402
440770
928564
359335
48955
78365
373276
350842
221073
697480
826960
82851
359170
733177
146867
147004
889293
845620
704273
594620
794525
684710
893325
358286
960822
206805
312396
173097
889994
539986
873452
865355
90691
455500
24034
916621
98277
319121
69209
42882
771503
754794
585955
351733
509143
311333
149498
588340
798864
66917
316428
471426
522743
700399
361422
515664
326622
421428
827576
222322
50837
530425
203297
181941
581850
206535
530022
18918
297164
423538
518958
961220
17343
517966
345034
470133
25984
615833
477220
495415
618855
194880
86820
888175
477994
190711
638154
163059
569201
207338
448664
984836
904052
904535
883330
349436
121573
617260
851336
693692
562959
726326
789830
919372
967671
689279
246885
533825
234727
721367
790949
307346
920983
569831
788074
107362
941515
465789
749280
194632
480103
198135
33067
364022
272478
448010
249632
139226
252806
740150
576203
395538
650580
424164
560993
136781
667788
328054
744912
648742
113776
693792
235713
335501
972443
36557
108648
336585
691115
499837
790857
24614
92774
444078
927622
531664
575819
570805
241941
553827
383638
783761
888005
125675
164820
872685
381943
33134
56528
141610
956521
976299
330199
742512
399826
598059
954667
583474
915583
123565
424275
924687
182082
495944
275918
105498
181113
22619
63532
302425
760956
925365
144495
688338
15715
184783
628033
205182
899140
410776
231071
597631
539098
411063
851456
166842
310731
645038
436129
8548
831957
319365
128960
205506
977011
827860
802901
677398
347049
228395
146914
727650
54111
428940
653090
112307
819999
485142
341326
612819
395304
35667
834417
50960
527261
131459
140025
253894
987518
747481
704788
741916
903347
985179
429107
983950
103750
234102
85545
561707
274497
868425
740380
67489
482476
912095
697517
573736
618880
592533
436366
756390
340651
776017
707196
146704
714679
488138
854861
469837
19782
743378
122328
103959
682897
609530
527902
226826
942645
951362
267335
956480
622156
157874
239069
147762
903351
303917
511098
935906
928047
356059
455800
945267
680932
908772
818028
376114
542588
471978
98661
518698
596121
535290
107524
802922
457841
414109
298670
348194
318928
432104
733099
634634
936098
390187
165553
398455
487842
465127
330284
968170
803589
383617
684094
579321
928954
864446
65524
755887
587440
17810
633805
955025
928616
298159
216445
835114
131492
765464
459314
310745
77024
211604
944343
205730
892153
804149
492034
698835
287408
766343
669121
194100
596390
616796
690018
249707
183538
49397
152814
484853
310095
310442
913783
50807
807547
226345
609959
663306
917867
755656
502444
307160
517497
487746
24884
657582
690260
721538
744690
358244
165488
191556
17918
170469
346771
941919
999207
100831
772766
869154
89708
893397
978355
668825
278108
946463
963062
387116
533445
727048
790207
526016
887539
275680
247918
91112
641634
133131
963635
470350
879875
149547
951600
317834
747577
486117
886068
882247
178532
469221
941864
31981
877255
571442
432813
628010
890413
360145
330757
401006
752351
216076
46435
26922
92407
403893
790724
257246
209971
440209
653771
440155
501875
620702
531905
270598
179040
118791
680405
386817
361088
191436
312290
929942
433169
814878
541370
155853
989416
376320
182272
477381
425909
475113
619904
831233
995003
202296
100870
712652
510296
113144
380706
892235
568955
455205
609934
970660
829913
74913
573564
847595
714291
472027
878640
867300
251143
197007
436457
828961
114225
464048
745437
478093
669783
719136
182301
372989
956742
751858
176663
109540
883659
945337
48740
213201
895837
680551
447461
359937
14464
207027
376324
257793
254427
394616
993182
38439
639929
786766
209930
873017
405647
504660
127240
117000
470409
249495
712475
192219
180571
728539
104340
588885
207834
781106
229259
949525
331916
777201
401166
990210
241528
434426
327660
386053
446106
895721
287737
301628
463093
70313
204465
253521
50699
736678
554072
493123
878976
812733
844775
342889
505456
797085
341264
954715
192462
145730
595230
855363
640778
611927
899239
912420
561291
494058
177943
296510
666819
446858
705087
190725
716218
604071
629546
454532
23401
587293
850426
724040
364411
212307
158212
180930
320968
278325
980168
213750
566559
703760
971326
460931
223155
182509
573564
779813
416122
283629
168635
982084
818635
79728
925617
776677
268957
525380
583566
661116
933159
35548
967612
686468
450017
757824
113647
372643
217300
263463
910435
985919
493228
541818
535959
28604
259707
449264
386817
531441
133574
574191
711986
530457
796506
440106
979444
769240
601112
621041
348733
886659
92727
945872
150006
478495
422759
398369
195502
357937
522297
951285
734306
64407
151921
733423
419151
214387
197102
139233
22836
296614
390843
386114
225437
752707
389551
167770
40884
917749
663176
363272
462410
210145
622946
993597
402776
234825
912042
391875
18058
79011
522761
724895
127545
598412
516527
650544
312662
45474
51318
523283
354184
304967
679102
227541
429578
169332
686918
20989
636230
80464
270646
260587
800587
70947
418650
911759
437688
97195
227968
447971
156444
360691
258669
794966
941657
812867
997582
323183
138300
232915
867827
783231
842046
229163
424575
255803
992084
154635
371979
791426
292500
187360
752980
939937
813170
44102
390897
341205
518157
495100
28853
263585
563315
218874
483539
46150
575350
217619
432962
311341
239892
791639
615497
326958
162401
650992
809864
180917
345922
625761
123105
332238
551176
244195
625098
990173
473089
471675
539587
525086
770017
757509
249507
727252
161788
738937
330032
181608
847069
787535
116822
127313
322185
256285
626960
545955
755774
692204
888051
95812
805364
250726
130029
642919
356295
591097
672036
141435
304027
368840
969223
397242
732823
500652
30298
991048
604649
569251
524310
22628
609689
707449
817142
382577
691795
13545
872171
44672
703192
364668
107400
152883
41509
121543
566343
213214
317332
92259
968607
248526
101907
990845
178553
76843
908082
984397
388324
25681
175140
259035
398037
786908
919095
799964
424376
269038
878873
480612
147526
22554
161866
908623
348445
679552
781907
885432
910234
791268
676966
54858
535243
6116
681423
38156
901878
218005
318931
830558
268127
943720
468253
105145
434285
126035
532259
632111
511016
686851
75918
168040
898111
350110
125162
589528
25674
804093
967223
764254
173450
241436
388483
651246
447954
894782
732654
669628
309132
416498
242537
192652
714566
207605
17839
151295
601063
604787
672310
577785
223273
793091
790897
949371
72203
714356
835163
99463
480505
685812
448807
933421
308697
654393
679876
235744
77439
711187
519447
837603
455015
907836
542046
796956
168431
903737
986785
214132
876518
181852
888406
306410
462775
587513
352877
404733
620190
107716
661364
659382
985577
319785
57234
891280
658149
722937
950612
96157
576175
683696
737744
97945
491524
509788
405384
597724
237267
260930
915637
375712
949454
767537
584290
608251
799174
772479
445544
600201
660748
180578
570764
74357
787835
725700
238257
499001
763275
464958
26365
465226
890115
520312
53205
73000
561528
861119
456409
153072
182893
69273
785190
504947
276218
610875
977462
587483
952338
198026
879094
969862
148203
228465
486559
319727
37637
47413
122129
684175
684041
371470
621127
601969
614484
817769
248085
127459
619099
520706
418392
146246
223941
764383
870570
67009
679982
693123
887451
947179
77744
552700
229020
108397
895298
665508
654451
789215
920662
8193
436013
303825
506793
51004
563951
462209
145290
20024
537084
914975
401953
677947
247999
911309
935512
801896
536244
334226
710539
199061
670581
732435
458073
877150
418792
742349
958258
156493
613484
986502
670746
218463
377867
75222
29550
723408
793970
467444
499813
505193
644789
47445
789997
969921
135405
856813
62407
722507
741084
544308
642013
166897
151302
530231
159778
339639
978239
800406
481588
170446
719404
705417
506539
31388
438847
789133
549879
250991
356355
661991
431401
663713
218079
697756
182698
616603
761503
166337
250842
41071
639073
587933
869831
279539
779407
459778
426239
668983
41288
414985
678589
410775
271062
368230
143061
466674
522774
163973
821103
394065
336759
605910
756503
554670
947104
332965
397149
497247
797025
930304
308658
206270
685346
905442
397981
555882
623613
613584
14197
655770
467677
242112
337846
841275
114486
825691
532904
934815
702837
824080
827676
543329
203909
317203
346254
312445
845312
278311
3116
717039
526614
7361
67132
945517
485838
408942
235495
479946
175301
594793
786959
703324
632185
317642
872431
278414
881173
825312
955807
394065
641376
721502
901240
273360
321274
701726
995040
820704
875097
248918
333468
224812
725079
961247
808935
611413
41065
464360
381070
876006
465340
822632
133771
609954
159715
523751
158430
274374
638710
430241
842331
892692
51018
167381
917037
802607
378196
614880
72541
692877
357927
584082
389280
590393
935791
323284
449155
918310
168924
798926
110228
466232
134176
637824
35950
363574
179415
927872
461847
704085
71689
440850
814306
323755
12027
288811
251242
972514
166423
799248
676072
932443
995128
902219
598734
511708
524781
167928
530030
717536
513575
187171
864434
326104
661280
757418
510665
890926
901796
963743
371255
82052
659351
574423
447689
872
407887
854135
545611
336167
917061
258670
623089
830864
789579
993378
226963
890839
911101
661089
859631
903674
800328
450324
669377
485573
435657
348067
109166
617544
203646
433775
232508
570681
615366
694681
655688
542266
859947
653263
353153
545998
702649
575227
154500
849149
539129
545280
625036
235191
617915
40001
767195
243057
970281
643818
793396
631005
614471
856010
688251
33260
604142
136602
929971
508584
297012
796340
455403
865450
236720
195085
453580
94271
293304
72368
866858
779123
747052
133583
373407
213859
720685
533596
798242
905951
625273
898501
151688
367345
630585
478138
403941
420129
164816
137743
704710
711338
348522
954324
663700
989799
187079
37713
279636
507866
127085
713163
309454
931447
264418
401878
815153
894209
10815
434702
125281
783750
326958
755630
650728
881619
54774
420082
883280
811413
393418
924187
233579
584331
474413
994694
472535
617259
828814
570787
886843
658340
785574
834203
126171
669209
931343
753748
477417
520607
524267
692210
48544
638518
79653
248822
202792
849757
600353
57478
414179
784195
314411
13274
149576
892184
379460
24265
727095
952185
677779
558174
260665
455030
437916
292798
422671
379941
567803
770928
288949
120107
615135
760429
964075
888590
285909
611847
658264
758704
631371
638510
962517
376326
272492
346031
563429
841032
968657
752609
185897
472014
496192
296356
80328
713708
675312
366725
356935
828152
925605
119388
666873
484583
40693
842921
481592
542833
954833
420691
649296
686352
571795
385412
141141
236807
265705
898811
506801
665616
4321
159777
175618
48697
871308
281201
365465
802154
860008
40505
159594
316142
563022
685277
645750
848466
986131
313873
517773
529818
158431
66293
479127
952044
453062
4545
101389
837214
356778
62954
309555
343471
419973
446096
904934
130270
806737
764326
148157
404632
263246
651245
289160
219089
364722
833085
498201
738822
129637
75767
854424
408428
469712
277365
168532
297360
103972
411093
554636
53592
894904
140075
217760
240650
311612
737494
149702
817556
901602
50257
468870
391241
84421
620205
239924
675050
909690
856863
450997
950179
391948
189765
639348
291650
791959
118747
846799
601733
242500
573117
867471
232698
799076
294557
618830
520261
503795
774551
520516
731121
120510
715314
819536
76581
693871
273667
275471
903899
433197
745970
702569
522046
832523
492586
957943
10495
225123
271391
934637
785046
873101
589194
342426
983915
845146
724246
81152
792542
434146
736597
645209
729500
925843
95187
316808
450080
254550
764428
711478
423008
998447
938572
277201
395187
828636
903839
148612
420900
124532
374682
50591
860082
216773
831518
20997
331926
489322
953165
117870
79210
30392
946931
418949
196383
199508
930984
443217
754952
652299
87314
831976
752962
450252
141815
947972
752700
214461
325960
236995
549964
324652
923922
759089
462457
882151
183462
401050
608781
227045
233788
763193
360369
482867
308758
220201
568349
393400
127684
875035
951455
376158
120672
165942
27618
280789
737378
968197
873319
416872
985119
375313
599726
223835
623004
34341
592792
206009
136973
936068
369748
806064
66780
271822
84693
272216
395746
528335
470087
976139
327702
223680
530723
174897
927311
154577
576110
951594
353437
230534
917030
26571
568595
673595
24784
336459
282609
447837
362520
379218
821776
973402
46556
737750
886902
951000
421208
688544
680168
200414
118543
237634
892078
248941
818691
756190
760811
321167
677151
96486
364245
592073
467715
822547
406905
425002
385401
715997
610964
450536
831225
167379
481043
797003
608360
566919
421822
736284
267299
215268
574478
882523
140164
192671
897517
388545
968916
611989
192302
655972
981282
861969
75345
469447
747219
137735
352091
321109
970485
877588
194928
513056
489590
87911
634337
626823
115306
967610
724780
464336
89837
142555
870862
656022
794413
206553
542625
553054
473271
17854
629157
103220
997492
413235
575180
687803
459324
977200
627724
432125
510741
360169
582005
871126
971872
856107
404985
296786
914099
623220
383103
76348
898308
47786
696529
803940
368226
425711
437835
93895
949974
196067
975253
335571
428312
921668
628131
283311
974251
152561
19602
10552
432129
694080
291465
358538
806546
899614
977518
327796
157954
669609
726044
273230
382270
69822
482530
851228
964177
710043
385567
346770
867198
376962
121593
78828
207349
801849
99123
658355
647679
887266
227681
836101
267729
133300
793068
200168
565106
164134
577575
299556
730109
699162
590660
565696
324442
541485
878099
476167
990568
340115
766965
305930
864705
674535
993174
454150
600273
271436
320094
887549
83539
881799
349481
742637
655590
306984
294435
632540
392923
305625
154268
823285
838811
740034
533303
82344
874556
975188
630303
389529
48762
633298
524128
204823
699724
819954
398664
474087
243429
2608
965408
911036
856587
331620
137449
708139
683405
465227
441597
164767
878057
111108
268632
411908
966717
106275
346080
670010
648448
582160
399612
366822
942908
90272
604520
884795
594401
702309
136711
871727
277582
928926
382069
262162
122860
826601
163258
453223
514852
429017
802995
947812
517279
243900
774782
503640
837022
436500
562006
199522
223250
705493
209355
332963
624692
536988
394789
475238
518145
273983
492327
367201
440259
612046
559688
451436
56748
811356
498149
696404
722418
192035
459194
422301
508245
115966
839538
953797
374013
525570
582156
140634
536627
308793
962662
148235
317381
182929
371834
831232
626131
437601
741953
918790
972711
955841
115652
535510
575822
129535
260022
57622
689279
306165
33390
582919
533311
546419
880325
380798
350394
181219
60208
646267
406558
423218
72870
804
601517
932008
427031
740640
494818
731430
574809
252905
506198
517844
787259
416118
315386
244901
702865
566209
537520
429380
972647
908612
447903
283183
552720
476367
705520
125874
319707
782263
131699
732512
983464
819339
521578
419839
482527
277723
391419
806723
748833
356525
901712
263160
455679
120909
321824
984599
56788
219293
982415
836340
891435
860080
612613
324654
364515
102587
314700
386311
816512
874115
676587
510875
938
506784
24257
694370
653053
216252
679271
783152
278794
498047
176140
943916
313073
444149
889684
583004
219483
110589
475627
996103
112942
381981
21719
104841
486231
693829
68618
46767
6555
901959
122200
356931
172128
798193
956385
626454
305618
471364
580190
545078
805195
364198
348386
201661
870007
625056
639243
132182
757859
643641
468496
308623
664993
392483
467179
633919
955971
814192
210359
542454
568491
26931
951096
757606
834933
739615
5602
151449
890138
873454
234538
311251
674945
313601
289924
709346
475133
298587
191107
23199
607588
288712
711258
19012
27524
709583
630170
90375
608944
740188
772590
392169
581141
850377
308278
694548
855184
730310
711517
521366
668932
117343
149804
787095
122024
846970
869753
655095
438857
920155
918966
785987
731597
75985
363539
989876
92136
516843
599317
865368
710222
558708
65660
807784
924504
102667
210636
460670
61156
367275
288050
851261
6823
460766
940288
892665
368995
143466
939178
475039
16430
665472
131986
213741
483798
10574
408022
174920
249846
988437
911310
473634
638758
849585
113012
305022
615434
892289
819968
515436
597616
531566
517050
725471
697900
558665
307275
214187
575926
439502
524134
989510
803684
663283
64548
299219
811732
689779
821724
826624
975595
187123
430548
992025
548678
742032
248314
998425
176758
206249
580449
918927
470749
347101
651876
427310
193187
158380
446792
477192
819136
958545
748042
888447
253895
288581
759483
167817
499713
931209
72907
715377
421944
102703
230783
82692
897495
394517
928641
646973
951118
701630
925680
580904
603524
454085
302497
274650
381471
783437
781913
380896
251532
153896
576695
214376
433297
666092
121441
234465
670238
690909
678860
784747
796464
325834
908487
688667
345130
486950
29845
616952
786171
958519
845359
796035
857381
641848
40540
92674
816246
325898
223422
103301
614810
839089
496832
110516
595124
438031
468002
373494
288782
724351
80636
655217
239746
710385
473938
276184
632725
897994
931326
528
651708
239328
784869
208747
933999
208725
239302
51005
510555
604871
447148
817683
415221
241282
768307
492412
992765
600878
692863
423535
233306
19839
240316
674221
524200
739559
596764
764731
659470
478074
20096
136857
724224
16905
480578
745960
201365
540773
52896
720694
272627
298207
831023
64394
136532
878520
652971
985774
841385
613819
5962
165496
814637
669469
603148
886488
853098
884299
760738
200605
218649
203226
69772
973304
819999
974060
49991
658435
390463
838215
302291
974917
513640
862971
162853
941009
319858
330463
550538
330161
801745
743339
454019
798254
624393
995879
10906
330131
177616
758773
465921
216597
574172
420678
53845
871218
394026
319203
291874
413044
387324
839582
104319
973101
638672
133060
342194
131711
718681
822284
522386
689239
863465
137122
213416
818515
583210
921550
485770
596087
427932
94533
15829
262515
322342
754118
251171
122325
143887
672248
774738
836748
500756
162074
916888
144957
859492
164814
318699
456986
978875
669131
792221
62204
471529
13593
268657
684225
299192
874886
811503
704291
987563
160365
224676
168601
983107
276836
130016
887307
633763
698270
326535
775747
685623
370657
28053
978151
939665
43208
434270
238085
685627
406038
907359
421630
169933
701724
435692
116417
898937
714708
90544
298028
474233
243607
244720
908323
944974
332276
443821
819076
293972
886130
559153
389820
346341
431295
150041
527053
69854
415308
157970
771515
909432
557930
588257
673227
691652
976558
632741
581460
780183
541488
267317
32246
838261
16928
935640
970671
948729
618415
83970
182068
165668
17566
354829
704829
597505
151392
325960
785388
18423
624449
248533
34445
241120
856409
494276
545572
26750
685898
14098
444485
213684
714456
630235
719004
205302
793529
871046
137289
751415
343257
822631
332411
125725
589583
999331
216298
842966
488572
100446
979185
314874
962879
154102
999608
374525
25958
241851
308561
45019
93135
751669
778579
894314
910007
42141
225466
862755
147985
743707
560213
733578
332287
117729
930617
492204
541744
71858
52588
953561
223655
386063
380809
876802
850101
867027
537099
24800
197933
849188
906032
905811
761158
659941
486819
509892
494407
286194
512198
294305
158616
785809
858714
180691
775032
392627
638912
6522
844451
791789
888929
267670
7618
149236
484327
65721
219240
121654
24101
536207
525200
423751
14997
887503
846566
241147
481263
346532
877646
152044
338806
812831
139522
384710
893961
672030
30339
616824
358379
964573
75520
152532
856013
518491
52858
682213
963000
567496
116510
151623
932805
332263
925083
804934
889588
600193
75041
552276
921468
5385
731718
541165
553868
951989
537030
122140
854844
68962
40737
874814
125815
865232
654889
459509
465440
325044
569125
485227
996008
271362
187959
285924
381462
483519
805183
403391
40339
7378
62975
429796
604070
813604
612021
856899
647219
969028
832420
534855
114457
788489
273079
881777
857423
911370
916627
17893
589267
745766
423593
151433
239514
893907
815396
304506
951626
720738
766643
309940
859262
419526
949041
655472
83185
21157
781921
440038
113572
984294
12520
902658
428457
805101
111347
660251
533903
379345
933352
615858
430707
25267
598553
949191
435039
961298
156393
649294
671124
426936
982484
405684
491159
260042
320920
280554
926070
661846
279422
147053
79423
174229
396548
559199
613837
233025
516574
805958
464291
388230
145938
703042
899181
755658
914600
118537
3348
405183
694473
172893
363186
784799
535460
36904
257857
56867
124541
105898
737806
658047
133766
288393
957045
103960
823058
953588
832334
933537
913816
285453
366758
16532
664062
59552
186479
359085
676255
738481
929574
74951
475147
557481
348570
327445
947899
536161
14841
639373
70243
258235
586834
321413
171039
601082
697981
250412
755306
222271
133447
839364
381602
695475
651077
499360
298959
746372
468401
469252
325913
639626
363666
406744
439255
878559
186390
996856
608096
300451
264826
907915
920024
894940
886257
15380
759369
239335
791036
339633
197703
210527
826083
68479
514982
414987
422933
486220
521613
48013
573046
710225
773602
941518
275194
958899
87698
950468
980474
683957
705162
872989
24674
860998
910160
844451
718313
845450
244416
341231
126011
775644
592401
392903
65592
642939
706983
417866
702032
391651
150272
417841
842031
426785
810989
920984
728206
230394
554799
278558
268692
717294
57342
145172
496985
775357
902734
556409
207168
69485
208959
820407
732241
256791
297163
284354
960124
734844
767229
578435
670681
581033
332733
559621
261791
671449
334675
450174
29418
682345
900879
475707
47518
23996
763811
834230
401100
868893
273821
64033
439326
330804
99743
744454
822208
730242
283528
614725
786933
39300
797109
407183
425942
96046
595112
708903
330402
843194
976767
739155
725937
494026
647779
219890
55853
50421
899761
281165
747371
246365
729149
635413
859730
306644
73791
405395
237805
651861
409460
351826
249023
811983
420394
341298
684687
464175
842315
539623
659633
373131
438333
277008
580269
21628
494241
951512
565664
420502
51798
939030
490045
782147
900859
335795
690915
838819
85656
812953
344461
968989
27560
532656
749345
884722
676006
634605
245083
601126
627379
391035
542277
337425
575832
321208
540212
228671
591900
965055
930226
267211
613311
638003
713366
778777
417943
374208
883332
157522
66773
150632
800499
498737
968950
416569
252513
962109
255226
595687
485990
898721
770773
238631
337761
543608
464354
256265
448406
348102
832935
278746
34893
874349
284620
140200
101230
403013
838076
632580
522024
988179
786163
888814
642576
61556
615903
225153
50503
325684
525010
609167
731993
516067
298030
233756
249046
471245
185462
941971
942352
523232
953718
681923
971737
438063
619530
853362
192536
576604
292812
6232
894164
978568
705210
327479
742678
517110
795539
820163
300280
623293
809648
564855
600579
66817
21051
873472
428901
354775
607442
980388
836374
291505
210144
746315
559522
574552
880269
417922
977912
643854
93767
450892
485480
603453
194988
656136
893034
403305
621028
377620
237412
738095
290460
414927
811594
460497
110108
689066
36214
720726
862196
823510
369864
722008
886465
101542
568586
746869
84860
383853
432827
27519
622649
213968
384178
255921
869948
138144
933273
722850
61459
595111
542857
775063
159686
126931
738224
487306
20254
55357
650681
90511
409851
981052
911906
803835
352278
256680
763528
784299
394786
170202
952421
911939
950653
449389
981318
904648
795610
872971
815761
615041
519269
351198
870324
258461
868950
875045
466805
773109
683298
939606
773333
875754
946133
574156
838027
993840
382986
402615
277656
345242
875040
590425
826671
653609
682136
673431
728501
475322
701069
498317
939787
654880
511824
142886
823893
636988
277184
791021
95969
306620
520802
408475
390713
380213
923625
154021
253782
203881
360889
124458
447417
429890
867362
364124
852665
881630
91137
5125
433159
897739
10463
364409
933531
982212
798627
818932
677838
768539
681134
374987
679246
72029
350835
955333
661106
156876
486430
328115
293111
133779
813756
85983
499301
780651
151160
653467
746412
547462
117428
711108
516881
309597
787116
541395
924842
974203
537282
183839
347641
531770
854401
93512
75966
958685
22607
800324
818195
977469
727484
52246
276116
291012
433734
878012
332711
7327
723169
943444
368021
190033
687309
873366
472581
864569
410859
534695
639083
156285
646400
521568
28883
696649
46826
719517
594572
831199
266247
21874
308666
690899
838374
766668
325051
797209
315096
923353
901388
199391
191485
500003
14437
898389
340930
153518
421439
843483
57524
603109
278773
659852
123985
798062
130876
638480
970537
306342
152579
505359
396834
486297
482122
53836
451890
397418
338762
838565
512106
87263
637291
97706
735776
824528
267099
798699
239237
763235
950470
783519
42548
579106
157532
707658
216301
906361
157868
262861
568496
764489
825998
483836
771745
995212
77231
131150
68179
905974
875337
109173
622989
591007
395171
433669
196952
135429
427035
290651
658258
618050
669073
51127
416354
758789
742718
254568
757562
658148
462308
825995
281599
802680
982195
786599
370180
991154
819111
78068
289176
4584
69638
701668
581324
84207
300248
518842
830030
431957
471958
594393
889072
551079
900378
60437
358667
780705
336017
84812
554295
621475
780003
877786
382962
465997
429246
814914
13917
313296
962439
205173
989413
381337
902881
58145
378214
198338
292076
60768
554844
526905
918018
955219
349805
743219
296843
568158
628898
229781
828913
738374
572978
263308
430418
119389
649124
199522
690320
300042
864995
761631
478073
603652
325377
508032
534926
844914
39600
30032
400619
378998
459525
508729
333854
737527
704767
738796
403397
442376
81388
918481
483681
372267
638381
655097
900794
903302
416805
558928
99171
287434
624829
617007
938649
141726
804420
782934
719192
270922
998593
231790
53981
535478
486859
877655
730218
418049
250100
275856
328853
976225
753886
546848
282366
724177
928698
534624
202547
625939
598576
690307
471359
766723
632700
809966
829535
896192
625739
83178
251882
67964
57020
811479
109578
578528
798018
942145
924150
311190
840595
94752
712462
697474
126834
238687
287139
487045
120827
283426
682671
586739
170384
187157
219790
273908
703042
980064
195597
401496
440101
698740
590537
906052
256656
238735
524262
496242
492032
578095
69371
583892
756105
173177
940231
856785
617460
100193
296037
929047
65865
899626
594725
240663
531411
799283
268232
244516
531078
678004
576272
107693
308549
564178
556190
874267
445668
559170
872292
541567
156858
218467
970766
693652
939065
835618
23844
504815
675222
37564
969101
120200
74270
828645
536614
472344
548734
181814
435243
54206
714374
47907
752333
381748
486345
31335
363411
380
228126
650788
47056
298928
102979
66169
620318
899547
202156
267392
989318
321598
509138
207787
807093
40142
825605
792990
601084
47512
36066
332236
24319
935468
667576
112214
20127
593626
281418
24833
609426
274540
835027
685382
348337
366426
465439
620972
141313
390401
235438
514806
800404
685149
686723
867441
373431
893041
357249
520171
100526
493826
127597
730377
629033
335991
598056
2471
963981
183662
887415
68555
630316
253507
612366
830734
838630
852563
438952
128004
26409
643002
307061
404350
636354
321565
671295
319779
113714
778207
815201
535159
838919
305232
834822
180721
385745
623212
989177
648288
193606
430866
582729
440907
132226
454463
851443
684838
388242
146034
345219
136301
404221
895274
935038
158205
346086
881871
64272
879238
92225
879286
458042
103781
297229
229362
627974
748927
940939
311279
784143
307515
892114
494065
795550
835448
144558
644250
15712
491110
267850
395018
673330
838885
432791
64511
447313
112777
642442
609630
733306
550434
703449
477482
703371
94707
550715
568768
425372
632887
409533
608224
950538
795281
866649
171667
870423
622875
364947
847421
871876
354767
556188
640677
26332
253937
525849
745828
57272
601720
303631
776276
880741
319787
791662
66747
707503
600229
996335
954155
869231
501051
497638
506878
194301
523335
221351
309385
886854
264446
238795
949161
343128
332593
820622
352341
114822
65219
992419
116181
687064
688769
231951
812773
718418
799366
602106
326811
921747
1026
458933
830895
88085
810503
915740
968091
352025
339793
109319
413577
445737
658904
902941
152512
251490
428797
447477
750505
805928
955069
868910
275275
257581
971906
984311
927606
881946
276475
702062
148338
872291
56255
314128
23920
141906
166986
164451
100128
594637
854365
850852
213505
756056
496666
727965
254844
966988
214946
649463
402588
680543
96766
539250
532488
504629
252788
727778
28028
501365
622733
286033
120925
201982
754098
412578
203680
236743
482153
973003
340857
372650
13552
222081
795993
295296
576060
445931
718341
844663
453228
871296
383767
157465
143916
354719
744470
39683
531960
144863
454193
450249
39454
177329
209761
790052
321778
949221
610323
872738
411241
42345
191538
777189
460682
9048
835432
81975
182244
520905
188558
399670
118991
446151
748268
810587
601275
768388
978124
236852
612883
712644
208721
332407
477341
870946
464331
2957
116842
298061
263545
858240
709308
864655
116737
163718
493632
971092
535685
510789
750574
343312
491448
293484
551035
716190
847210
318642
717034
168892
614749
248190
702124
930560
603621
886151
307564
433521
918623
873004
483122
983332
90276
318609
426437
741443
58986
761913
844100
862557
430891
690224
134134
633998
959682
3978
690150
775002
965994
708193
535004
897928
893519
845045
721724
704325
630598
225189
813240
202960
191242
134974
284203
725967
145017
561450
427727
439342
753033
941786
814669
367304
655143
516158
36854
745296
501169
516988
510623
934485
445333
855448
320304
618370
814884
99561
583286
777370
778275
253286
964990
616550
738804
782948
16602
909768
478906
958201
722586
633434
138386
390989
69464
271714
395002
454043
56126
825734
764053
761858
758565
64826
322087
371638
261638
540593
856289
741685
223826
454937
779510
992689
71039
512925
46557
841924
708971
598365
692544
513491
233321
988493
542433
740452
439173
872352
798405
611009
641355
399674
970489
737606
950153
612115
117094
554759
266328
866390
580228
369441
342532
729346
95458
526834
773954
307070
436223
514744
836213
792439
314765
410091
270971
885050
293300
2170
718502
623667
457458
324410
406559
896937
164408
556207
493962
839026
100799
141896
812153
839817
981579
311804
648009
82798
379246
105292
496453
417466
378789
950503
611598
277873
869118
118453
685791
854071
734314
884329
87773
555063
832471
968529
674144
333231
151963
226575
813847
89727
560403
34456
948284
977353
575221
526079
937009
452879
649026
669137
374713
988480
752042
607616
6800
157019
795872
40031
95740
720955
752762
835316
235940
221801
10856
584547
853374
388100
957658
76623
930154
124954
637985
222349
986462
315765
995837
20389
394927
973493
30122
104665
170385
64341
949662
574606
192852
535186
741104
655961
474939
49433
267094
776054
232215
408029
582102
292691
28489
593360
154161
655551
475731
857874
430834
893996
975800
84077
561522
347110
228096
267689
990659
265646
876062
354000
818764
70054
204658
794149
127345
676023
319322
443784
341097
268123
696217
697971
560863
764672
500176
687054
132412
451129
229883
814142
171141
194942
369456
578645
557767
727737
975322
155594
957484
69017
13919
229335
633595
434918
955943
757814
244923
828157
615218
142399
826106
477346
112323
474706
706220
509028
973400
696074
350131
833993
367940
300292
905526
315931
575457
145476
928184
144008
6878
305283
195213
273367
129555
616956
510305
676962
714834
397311
774515
926946
57477
823960
852762
896435
475114
285314
283097
677151
841763
410522
339362
109406
455372
557160
561403
751174
864716
696435
368524
273764
20831
87764
912024
603162
989128
252269
248630
132819
834244
647507
823117
844009
434102
809189
596010
998707
453467
339221
704496
5339
108365
452343
968064
730561
317793
188061
136500
736932
426021
566084
351999
25222
514647
682854
340879
295021
612575
697766
203342
822771
656750
699283
779075
279063
418124
813194
310533
93840
21137
747701
41155
856689
672781
464142
665337
756619
949361
654462
920765
760819
334781
358103
154580
503941
598338
773389
249638
176988
686881
588785
2777
125735
372691
530386
189875
270882
430966
219641
872260
54014
721021
949951
662678
27641
754229
381180
989117
43626
405980
105842
450553
311692
662904
984207
26360
648942
10263
546755
733653
6587
961202
620185
607338
872878
149972
114404
804903
475049
630237
385365
360364
203984
633324
159671
743510
910209
648304
838562
826583
915552
537397
809311
44235
974514
705645
540248
38597
259761
936705
997515
816404
255309
788337
268601
940664
651537
396756
28041
284897
329037
110961
171898
255516
664449
730570
515080
726837
110675
789605
756380
993604
601570
724640
852917
862723
594054
882959
428912
892464
984213
92537
841117
373499
595515
809717
553439
857390
259877
654345
965220
184043
339091
399171
789272
983678
642973
421249
74645
180856
377524
640960
8602
765274
603589
476539
34929
28817
858270
38819
179022
181461
393996
945788
248127
170696
552054
30768
467339
305491
287169
3161
638761
6066
219993
421040
252585
273997
852615
734023
723830
795057
683747
339492
237738
353081
377250
17018
625821
161140
877811
224816
54389
847648
223499
432077
245778
991204
825488
684953
7789
780934
327538
425017
12016
832837
705467
433580
691635
204163
722421
187943
1591
563015
416117
359753
896221
540298
584539
458273
781769
24442
403814
596320
155583
669862
877577
675694
611141
707568
581747
640199
722194
622682
176920
236944
216011
78610
181348
431530
241955
46561
244524
793443
90633
25002
237155
441871
488762
704692
901929
88044
522607
930825
890487
849738
278828
751326
987778
980493
965105
405923
539872
480906
383700
358811
856923
287014
585881
738570
201329
667091
315103
861606
987711
754454
966505
942058
225706
363894
915365
416262
137665
437158
88709
978203
349922
572216
532906
644129
681625
869351
216150
766437
148654
302922
976317
934684
579902
82967
284805
665173
767498
540788
530726
937441
369308
224145
133907
332418
104859
812473
288546
729339
942005
647229
401660
477336
190592
111450
845243
869467
476787
7986
106595
283906
147823
199761
354099
967822
929896
575616
370471
875583
735701
308869
322624
609997
320622
155688
818201
949073
263445
748283
251379
903360
915049
735033
151308
320330
640311
888272
701929
906975
671312
493877
850678
41801
849665
113816
326093
581656
917595
432599
944772
717626
877892
308708
797741
659953
857418
486984
874565
411953
347734
937907
887845
540456
562813
157441
168115
72106
227680
369716
638133
261245
326384
341426
711992
432897
196085
716029
895862
660815
126736
361428
187861
116754
6718
338539
700133
446352
955425
765190
599825
180215
772591
320566
361430
741898
410623
758080
809508
461864
980445
106388
209121
930261
493511
335358
519588
524429
750463
692583
276601
901675
963540
513710
161018
749515
912958
121755
864594
774488
835808
613220
183571
235499
936742
80529
992675
108454
638278
588077
954907
710823
263812
685648
819003
705159
327386
39212
477543
250559
220407
769682
162627
494851
345118
578862
740934
975409
332017
494671
535981
470966
61870
260263
257223
362790
581035
867428
1701
258740
479878
555259
193698
215742
887163
826618
855517
418079
826557
235039
134759
867851
301379
543112
69806
590988
5322
721731
310317
973038
264713
635808
918151
740556
730917
658296
185932
867588
152112
621058
733796
463275
541480
808522
485964
488757
89691
508360
203834
442903
454493
764841
76734
895608
853864
163951
750169
887127
44369
580607
600220
962447
645327
632565
724429
598177
547364
826020
858797
66497
769412
55122
275050
511080
97324
107279
382310
993698
108660
160388
646831
896569
219145
375965
606897
833013
863814
129862
312533
146222
52219
756652
633842
492911
361113
121928
293167
174957
473
531024
648743
866569
78675
722533
830277
958172
985973
254486
806163
724299
585354
18218
858053
332865
483938
329314
200128
922360
822103
731505
446255
96760
455269
743748
294529
372837
119141
458147
284231
821102
287397
351655
174152
462385
36193
204172
509380
862467
598455
72190
170298
552065
257704
547285
105922
674581
765873
491859
970173
122497
631709
247469
606671
299237
174536
484129
576880
278229
113740
637883
179177
697038
780333
4361
875044
694770
425883
69074
268079
794187
340237
333625
22417
976739
392680
292198
851551
701671
70073
741683
770980
947465
419415
730444
470230
175459
71581
542234
667477
555947
822358
480148
266969
772624
123383
383971
174433
88703
725621
855824
891596
962943
763462
925320
589076
577375
509402
686902
976406
457612
118755
443689
427414
885093
731607
127355
857150
883386
979868
273631
171854
31178
372009
78209
162577
341737
703830
963813
85083
740469
265626
766720
238953
163265
548958
544907
17291
824810
444087
627299
250882
533895
492630
556180
59388
451099
607309
730529
765301
22952
615091
23358
793802
707927
384930
986039
450461
936450
703381
611538
252185
530986
12917
862186
337562
365708
228064
310114
462096
318918
64780
912332
801684
42278
734323
719964
399701
81699
691795
517956
990273
340084
444878
163153
753246
937070
623320
830980
361803
678388
764164
211853
222979
187243
793531
540373
265756
149168
832632
697508
711030
807980
13569
768594
149343
717822
240807
933955
310556
923548
578713
769483
633865
354572
742243
721713
837527
554485
278840
153831
585095
7671
56041
842770
752974
773549
905387
375670
697342
187478
500853
148661
424743
862410
187636
92076
994696
517046
822028
88329
132106
456186
33269
878772
734703
942321
139894
301232
37045
460465
741494
862706
885134
233048
389461
961450
816392
971499
538868
372836
348010
443801
862719
324655
165984
955627
88980
770003
266967
517705
806394
947101
577887
211761
35520
564911
248495
409793
556049
79211
220648
459515
241044
926795
915795
148765
645705
378407
219191
723777
951830
204087
314420
11795
154271
5301
107728
649644
224097
927798
2988
464282
674574
63114
536742
751182
430305
204437
104918
935980
486423
995598
488193
186473
210858
947464
294758
350502
900104
781672
119428
397939
177434
582549
606158
987698
976406
708580
396156
871481
642367
390040
68741
418455
154323
87568
685914
465136
916871
563659
903195
250449
330443
941131
278918
379325
352612
603977
658242
152601
41358
193299
955089
83679
212127
91561
170229
705634
527385
990655
459861
298641
96860
567026
999081
641877
639976
641199
342599
905042
610676
661472
246398
120251
690026
444244
103820
283848
196326
455460
52181
146659
694157
492339
664704
603460
154085
557716
713918
889514
757454
998428
144053
738971
151142
346869
867498
507462
787608
442748
580899
543244
849926
54361
891925
776260
342303
325655
31509
224676
133724
47304
287065
340123
523683
308690
588719
950151
596849
990091
365855
370107
969661
708624
803925
24230
744422
954015
595607
362167
281989
484844
419291
770590
27713
500920
764493
451524
200864
15186
862226
28478
995275
323579
515041
436604
130291
797183
455970
267953
63922
230064
949547
991220
990857
696965
110510
966293
729704
406236
217644
587935
147706
163553
134761
535010
256429
81231
114259
237726
954297
158115
578618
804940
131985
695204
962148
774147
574821
327792
135112
478616
307066
539716
268044
822724
37202
919329
572377
62586
644981
860476
171541
875524
963751
538103
678656
667614
650628
946524
558550
367259
250743
846746
473320
481561
383558
843371
985483
553869
623057
790050
46889
369150
510168
339387
558346
467352
506653
534792
241031
982371
87085
836048
11283
654690
623941
184796
84725
931954
610807
651545
991124
215293
101097
20718
74407
283746
933319
143469
619322
115343
568752
141887
491674
874621
242143
744696
115589
924565
428067
217635
784172
146455
316536
5142
652175
96367
625706
499623
498785
425842
930487
457259
52525
533057
462223
260742
441008
331596
292173
526954
539001
262019
897840
733642
229599
891560
282151
365243
439192
995543
516874
807495
312558
35891
280148
46889
300816
891228
433011
10146
403317
665979
512817
177206
848747
929303
649870
54814
964851
640202
594224
89322
454008
513674
94146
575539
876282
743043
555302
874849
365585
570176
263758
240940
764069
527409
402603
384122
32978
646752
778391
34363
614130
325997
337140
984456
153713
635820
946882
305179
375836
769046
840365
419155
358326
226732
21110
373001
503735
444563
202664
127504
378833
969933
818154
672381
38932
829039
392281
271746
743011
905257
420060
864658
253943
240512
781694
105545
433289
697460
95760
722880
869500
592814
409328
704327
456549
445555
707806
542766
300967
598378
85499
791389
284769
522699
896227
847693
891292
920975
348291
347459
415164
976466
504281
482831
922056
945558
243283
842648
457477
872973
876778
383069
468969
455844
862468
625867
319489
214054
558999
712003
973923
80883
572897
581338
831475
373818
895993
786415
760355
635454
401462
11284
582366
281834
87602
418531
370501
252698
592133
878427
174788
55410
203332
288942
660327
194355
155914
643885
659767
72275
68198
366373
937001
637731
406813
231749
436956
861977
558014
78740
223305
99561
202498
44478
841411
390006
710516
287860
564669
41479
137699
34241
502509
754778
292508
525158
337906
256607
13620
706283
845263
882082
92543
186916
207466
192611
801828
110906
701913
555178
948802
264868
590933
312652
751394
529334
805397
404578
921147
701600
182609
297448
729329
601037
689462
337786
829802
741072
516867
132341
818072
145329
539159
918857
198788
567711
12475
579390
915288
426617
15326
416605
216137
518018
634996
191656
99663
387774
908366
530058
455832
54967
968526
718167
996482
98718
852970
380759
577801
765480
80796
594321
161513
777863
193519
831462
508709
173636
220140
660126
804978
567159
4575
559863
554065
374381
401492
475252
780298
383041
284398
90537
742826
226047
379560
27529
746876
495277
240180
498488
559889
391759
753243
482767
289177
265269
358472
846386
138770
798791
790616
123213
846159
942636
815085
179509
270458
374603
665097
222678
228928
755674
702096
928639
477260
819347
337953
349453
560975
996704
498236
117845
9756
202955
489286
193674
627044
277131
427898
694835
496063
576072
209318
845101
709880
205925
46920
471119
827953
642465
831657
299348
662701
40961
278902
580372
924419
743324
199516
73034
59580
231657
44870
910146
608931
991172
718137
927300
607760
7541
859855
689484
785242
637873
685824
903424
238901
769772
933649
194242
203996
33301
227263
279342
194822
779611
762922
731680
204611
721337
54788
946523
577179
974358
425291
732259
974530
340993
432477
27091
468297
381213
533330
288304
801105
409826
838936
342391
574934
527202
81601
985426
887027
426897
340522
643429
153387
866819
762983
571401
433980
746848
991563
91353
953430
562041
708089
489920
382776
433110
447434
183831
955788
827486
468444
482190
442858
792954
444379
574286
637575
901313
148184
349777
747841
983264
956794
412151
277576
50273
858826
40237
721901
576789
520899
13337
370528
884536
684119
534641
663886
445201
930341
968435
490126
812465
684371
808825
357296
464412
541061
801541
948470
51425
378884
840221
921560
824893
616110
55489
840059
454761
270231
206751
682031
267594
713435
150643
641811
959294
933151
147923
72009
487927
88398
62376
747348
905403
949705
761459
797056
577529
881395
15696
558989
154219
147719
844511
88526
862884
811276
224606
22058
903547
432182
420736
215537
973530
49261
428957
216121
793981
725141
463820
217404
590372
883676
589243
244127
402158
868906
675293
153358
622113
269734
244741
6986
406429
758272
431306
204018
836605
455970
332242
712438
140585
450505
404124
911122
206846
404452
170729
74309
407531
52558
38364
482639
905645
68278
106239
189249
902317
109306
611163
415031
814566
194278
495529
218859
39763
832794
129020
673869
799942
492043
935913
777629
188826
369064
509364
954057
872300
758188
47366
900895
720571
445396
281214
65489
308193
424412
278540
452096
291206
565597
3584
436763
912652
225676
339538
308808
806655
920772
827251
635998
196457
838038
433105
249565
700506
711389
968748
852018
605168
816006
56172
360157
523480
411093
592632
991479
874665
736974
480164
745269
397000
996320
927386
744347
593676
681627
178411
47981
309863
580752
344244
327136
252798
729146
972024
5400
448786
69790
779506
304563
132347
381858
482170
60326
601403
40493
463351
683421
504350
731564
451442
371956
38221
607626
164165
289331
190518
343403
867292
440715
783219
301166
618589
741025
121859
357528
511483
506515
662241
603979
874581
944471
555045
35369
703073
685006
825025
728842
919719
686898
776788
375331
654684
680536
846505
415796
341871
705482
218787
97479
472287
910109
395027
109406
655855
110523
197654
489852
504399
812890
83503
574633
139468
922914
604673
344302
59638
873785
88387
749772
846359
662619
804913
537869
970544
266964
562672
580907
641307
396843
244243
261307
545663
14113
837187
998508
962041
290920
553479
920203
514138
161235
645844
327680
314514
25233
56263
631196
436965
671139
275067
108876
743500
632456
558373
137315
204996
45459
150733
144479
862584
732275
283643
451878
700255
399874
96310
680705
74178
537845
966161
7483
420813
40843
430433
752718
185060
604674
147770
18016
758384
293581
636857
713567
93043
918020
815629
466690
293260
416849
180229
762561
647770
806815
433612
174010
717084
818280
274533
314113
488161
962691
883023
689045
305558
425652
683050
550562
8749
956955
996378
461632
137911
839477
213816
872565
880450
10419
829784
679140
137934
164336
926180
952005
515390
403835
340425
379829
677420
462764
430906
974721
964779
336396
862726
344984
868905
208131
51207
718404
839084
522072
849593
656836
530872
317801
631398
449878
737057
553783
558491
792565
661645
623350
347326
662979
936152
507201
886710
774727
673577
899526
598642
820750
68673
18956
394179
236109
678932
217430
346134
537588
561427
328622
273890
420873
404281
377227
255939
556871
708953
632744
705163
914907
71415
200319
676635
987469
242950
308347
114356
112527
458952
435693
729213
765381
533516
669073
705325
885567
572235
893154
899684
107820
192698
945959
136321
211900
200521
772997
731454
736810
755100
963638
291701
276936
768740
132332
912387
529462
107718
899129
785660
568381
809112
486578
448082
281397
262658
754601
794714
514464
97056
53798
610733
450803
647156
27999
566810
618861
154574
697040
620528
873968
822715
530463
850526
822759
645104
423267
256280
529698
807664
624170
796818
879538
865890
3688
281839
899636
600477
218337
800923
669423
432543
26105
632162
894832
212107
496530
836228
775370
52401
385999
851346
675707
663183
463413
237515
913785
914680
821261
217597
52416
857551
501923
265830
239243
364140
608364
335055
288199
401160
890001
329145
502560
310513
454998
337928
624481
754931
962679
60036
974284
905935
622456
791469
365114
874247
197181
355991
848214
654307
420035
677129
628777
896176
894420
338791
710186
841319
978983
832790
111937
978262
799244
174007
37492
711911
242276
467443
879369
871434
81127
221578
547365
912666
808745
435799
600507
864714
919655
392747
113507
255409
869076
634484
162636
250205
831844
209576
293075
13752
124698
239521
212974
932591
255567
647375
456167
228365
283820
413806
670855
327136
650813
340619
122845
766491
635452
83676
367861
159790
565875
501626
632147
852152
467865
404848
531480
332697
970768
310723
463988
187985
305792
466507
44230
157037
177124
785768
261038
238425
804302
858921
837479
987074
544376
579879
333807
112251
488399
109318
141810
183273
688529
622038
540211
735114
892485
768909
365813
551709
132540
639800
66194
678099
399741
967458
885166
439415
838715
25757
91423
941329
878350
253060
859221
562000
825
95900
533600
96822
432367
813092
401330
963123
906714
87976
813765
397068
356627
627796
644761
229405
199809
245295
147528
862631
289086
64926
227255
886192
33238
753373
432714
473817
612545
467949
439720
294395
626227
139901
443661
103865
494532
109860
119145
402672
636793
124748
798066
109168
71320
24911
30618
506440
421709
470481
129825
58250
870421
811027
7592
215213
824792
139612
877020
30310
648038
85161
352087
110519
424089
163457
231430
94513
467109
598789
815954
315583
781777
382198
499017
398643
380363
906139
433006
127206
714832
615544
824652
9941
463859
525229
426784
389025
888318
329526
503174
260960
382557
334028
640273
190220
573051
935101
939473
394176
491712
274182
584426
832136
696176
479816
543154
493717
360838
722848
925577
468053
891291
25331
88495
366056
327519
765173
463170
19102
660176
526687
21683
774368
454564
341508
996740
985013
238780
372221
434425
238621
455804
271862
76835
821513
322405
545854
795024
674128
461425
409736
559648
794732
15175
695933
176770
555641
944050
354405
550058
79903
159704
865802
530877
722803
881612
930002
148812
635852
845203
582300
935491
766316
786946
228246
945691
210595
640269
971909
590635
261226
97483
101617
734993
734193
191312
437535
75563
603872
10876
106592
512105
968094
860248
798148
120557
27635
63530
303737
736751
611453
407964
556403
923710
689922
380066
182263
286680
869804
23152
222205
166932
963634
490765
232498
132807
765247
562635
831925
371726
490634
44109
275624
992778
236063
520725
65303
517677
340155
213545
865138
742342
593435
930522
113530
175093
826244
991915
580818
755168
354115
724250
874238
64916
165628
909837
532694
522424
829914
677402
868282
430085
688289
445306
555547
70887
183764
442295
913322
183681
122981
804087
938170
817197
885743
282063
122212
107234
597286
191332
173975
271874
323245
54280
778252
970238
718153
114096
11310
200866
731690
584154
38564
45252
76893
526297
280050
915013
37482
251030
714933
965884
826035
485714
160769
931583
315492
464134
717336
850240
611041
170388
642627
627596
117738
228173
187366
524657
943870
997795
519673
973046
704617
332809
195292
385067
739880
425298
510184
189684
300103
920251
820411
269722
941064
846553
306583
385308
646126
800217
955631
326837
627027
428239
926715
304249
73462
965847
292895
33333
38379
59992
466003
943160
906439
835242
60828
943158
492185
511269
673932
594591
80286
413142
369357
426891
53379
207553
719732
284899
131557
851026
75249
987166
77322
471644
278575
852701
163874
10264
237681
845018
636149
406556
174011
210746
380817
435975
33248
269956
168214
425673
326020
427034
421706
62077
974860
12504
95057
154456
992530
179113
130788
557419
316135
590729
519519
420546
494872
561816
343393
534764
948556
540147
412415
195070
758222
406634
282137
878661
958280
567282
94167
209656
222183
451984
784343
637095
262514
26741
795571
170191
955918
435500
114679
658620
823074
814832
769552
525376
211586
678395
500298
111511
17678
967264
972229
60427
158850
728517
391292
441911
247834
879935
789795
109918
656812
593865
383766
973726
677720
842258
443282
854723
487616
330173
819573
594569
399977
343415
242762
849878
477269
17571
951357
338270
789699
532792
696818
455860
762248
328276
836248
253703
340940
320184
219672
678129
829865
539350
913722
786371
820761
86362
533034
53610
756580
201715
640033
190262
708742
269736
996193
559192
832704
571007
174363
454463
993773
309952
998966
496756
81187
388066
900647
121764
829294
362641
64584
478966
950437
456043
717002
287352
857671
857555
402139
159278
512693
569118
476195
446406
13270
712842
138367
286324
921947
231061
635669
170255
282939
243851
965465
42851
181028
726584
970746
645150
541458
687631
578302
412679
942925
706510
790233
641811
717639
430466
22535
905042
304670
824202
970601
224475
5924
722594
135082
244580
968347
826280
271831
184067
295904
653382
910812
884409
242976
742864
862495
907292
156993
578269
205181
665507
533842
595989
474526
576629
402987
684790
767013
675438
731970
777120
978301
611539
720199
345145
196019
513840
737720
881389
202068
595728
626181
587983
471039
966024
248623
672370
354664
375200
288803
828991
369538
281331
962645
129998
89450
61964
69701
723258
66573
236256
277985
813879
251022
460551
901967
907575
270014
799524
420196
408610
840759
164452
119063
214016
204302
851730
354741
440133
557617
860799
452800
295626
605564
936339
249187
344866
100203
681349
527092
610054
815370
487331
994383
752815
823822
591187
8794
679242
960965
30977
538403
503639
282155
694382
39989
902715
523672
847511
693918
435286
248623
650709
112575
564367
238140
998218
759343
648934
596382
172225
349978
954662
136210
209789
713748
510766
18549
465958
66120
393719
56678
533485
532420
450924
623485
876157
696074
837335
136069
14531
211048
406709
265171
126950
482398
737554
967788
412658
132699
915543
378679
218208
190152
225712
662646
783669
159003
322056
654452
456124
627976
76399
465860
969049
576538
740875
860475
523192
853444
90016
312268
524158
548912
834149
915108
751679
926781
225281
612466
612228
864531
925629
73601
495521
746600
443603
620390
285561
706588
441976
178003
346504
248495
793806
761180
7050
290004
835887
405188
65420
467545
323115
206650
328430
679140
433978
510542
122916
755643
300442
339529
661267
9529
487807
470708
407516
469721
355373
926632
385586
739667
314587
646193
501552
889811
123553
255854
233270
100533
525215
683282
151320
33279
30154
675523
475790
835787
37266
130098
79395
847522
685266
378234
283779
266155
496651
70181
966932
241238
542358
846608
301260
681035
533573
629526
409101
671694
855545
447592
709444
12799
395734
78595
72909
695228
867464
143274
485167
824039
756661
927936
573299
994378
156755
330721
493300
49498
869351
982669
842299
500535
45158
448254
647541
300829
617715
135556
811929
207563
552547
982577
726485
586621
287248
132566
344153
392932
21863
81310
476072
546902
786976
264119
662496
778997
327680
411515
358975
611236
757197
396466
872547
429683
494157
973834
881527
105305
573830
947798
961489
420812
538241
849763
665937
365891
436086
790931
589007
717704
506021
235374
525788
853049
820914
697492
904027
474336
311208
870414
412789
806406
594530
210810
469525
917618
501291
627344
649307
839910
82454
130327
924049
404912
418157
66634
42460
424003
53030
439351
412581
491513
890525
121337
14664
721136
254239
578960
624246
318757
576303
939470
470186
524529
82877
168768
141464
888144
732939
341988
539683
639851
218786
385317
750053
972109
616673
277856
683187
229179
571296
304203
28738
825594
895692
473850
305857
380184
227429
384163
163496
77175
858710
265466
836548
493960
623292
873699
91169
911524
572533
11489
272129
808710
628768
102382
710801
375231
483810
751405
138589
761524
547841
941353
484816
184677
933234
619791
532998
144680
71976
310544
249164
574783
537638
329554
656940
984322
23111
807361
796192
741976
455118
919070
764814
780082
293797
313111
555659
954930
256802
316562
683857
140015
198648
967022
210504
351239
20606
614845
267395
658922
111412
836079
690115
737328
586065
656284
595951
469287
542220
418642
743509
135580
715900
508737
509077
695914
846197
133824
430015
343910
363151
220747
294110
184912
737868
995408
372597
765297
512852
428050
583494
719352
851876
806512
288247
142033
500365
941153
137891
919294
996594
943602
36305
576211
338464
72000
251685
572455
336379
980656
811317
214782
111773
664788
290228
262725
920540
413342
91386
681685
273091
389551
767864
193498
713631
126909
827161
130533
174956
539234
82494
614373
104935
108517
268575
553193
141968
480502
353430
594242
700877
18961
921725
838231
637046
958287
168072
764774
662598
629467
333161
553655
617902
91753
854657
273995
102878
3158
386587
582168
750547
971298
404885
132486
316980
719170
247524
587361
6252
232468
365759
484893
808130
884363
692298
202737
523159
886312
143070
486754
347071
744684
232645
685847
99772
119969
440449
77803
145749
120443
54444
724493
354105
825969
880887
163849
557986
764919
981443
24332
432318
437794
768734
441371
977072
311287
980426
581582
189304
82363
217236
198111
534470
833910
253215
696158
311308
286633
420484
494033
592689
289773
742702
749052
943741
79835
408658
510031
416937
620145
719465
435247
53440
429025
875205
79549
542447
493472
217751
788680
666991
367341
915108
924738
352206
683731
558130
721125
169474
11013
386964
864805
21636
976556
553809
583333
367290
82419
428070
643268
841022
76541
581175
374157
973302
31700
450730
195284
190861
959156
55513
301692
672729
869735
540843
468549
348883
427378
167632
650865
194519
956514
50851
796503
304068
807582
427063
170793
979032
843240
715333
804727
256513
707742
435199
742532
321660
492362
957631
715462
85278
28436
323572
244937
695276
508798
656900
441974
931003
837961
666042
28484
832748
903013
781898
234774
557178
424539
460264
861633
844064
864714
774099
219631
481115
30804
906242
832084
310429
279034
281679
2348
95476
967633
473636
784061
153428
860144
392258
868725
403626
538667
116473
563490
112587
450572
998196
543998
533870
747536
747157
924589
113358
509816
601544
982454
493747
743077
404337
41628
898018
687257
686263
763838
786937
13594
862461
194110
825516
363298
731574
286052
665348
143690
370285
508599
902620
966690
635320
554009
172596
983805
226079
224289
750192
51830
71772
993876
340424
379330
228139
796162
760606
492272
537104
13400
269970
334490
690661
248664
54089
994403
185596
592475
23132
488383
285263
157378
225938
535249
577590
287670
987748
814827
458281
782788
440318
927564
212785
170874
130804
359245
737739
654405
485668
371185
510081
892415
553337
614493
348850
498094
15954
582167
607477
225901
594083
221438
748349
545790
962301
442422
222622
842950
663966
184595
476416
696020
301902
558799
437162
959708
419761
702140
700858
960999
837760
431591
619952
561484
292201
258553
236754
820030
794291
273005
760858
683012
237389
175842
7589
865268
494688
250390
568071
243139
383864
184720
793732
388961
587018
159870
568452
638826
655476
731680
435293
849827
604513
111306
437430
293423
641386
336840
276545
232024
796960
896333
136135
803318
98543
831390
718629
586414
449567
424803
777143
293696
496733
267424
748978
960044
340617
891084
322284
496394
939397
839734
126142
378235
153865
891566
890465
953810
409861
104082
749009
313457
752673
644871
656077
267618
150115
479537
26592
479254
188896
636745
178799
623823
221481
604758
242820
495547
123969
123900
562591
666516
383878
759064
839207
648886
41893
986226
883775
954169
584647
426613
115051
88783
324748
31228
204210
678829
474323
5292
752642
240518
667950
611789
455228
422773
572601
956267
843497
869327
747003
580796
311515
158656
430833
312114
448596
251647
608375
981854
864606
245148
532761
902114
730304
684075
276932
963349
151899
278777
778795
656813
740053
811114
224918
84514
856161
480972
940313
791335
409898
947539
562180
607556
514369
974399
534006
889556
490085
877072
956541
682329
10901
892024
60963
369472
532588
940230
638423
315936
85647
792806
397407
890619
343201
136627
529705
160504
616718
182191
155554
571591
731882
403876
598155
200070
640327
738660
849563
270027
13052
316371
791435
95602
97536
558430
552064
908991
96341
796119
167211
202883
960098
28381
866633
801859
754950
455298
756693
937180
647626
290101
793047
243527
439578
887396
900417
440843
924396
788930
435066
946979
82822
687314
48293
346130
920409
741597
15107
73004
836413
117894
906064
701171
849634
816840
41030
663044
523227
374312
748170
516722
245803
314498
557720
318944
863641
124061
718539
446031
923485
17097
23804
572508
638358
225671
934008
154044
805973
117798
341026
786994
122453
460672
211849
151699
975185
838297
373363
685893
275102
883001
591593
135658
96814
367861
340565
912069
77293
217240
940621
318407
644933
25912
853981
427313
660796
927298
626400
190723
487412
206755
939409
755187
984203
180638
897215
802282
888741
985940
219986
428517
802927
682898
851529
574287
990484
692355
589407
615178
655150
651921
665042
61340
851458
749589
842079
316658
964224
406426
760010
79094
369895
945540
720973
742570
61632
995306
406147
210415
883948
601963
175707
611708
117222
245834
564784
113235
707378
549330
836207
517323
374145
881950
544021
258347
887222
742766
922084
374215
240507
712268
41868
942640
810409
458946
180473
84359
240194
985172
782531
913672
523146
975093
105090
862501
346820
427465
10591
280003
550706
469694
538492
982673
444801
975712
913529
962678
820423
969968
176601
692254
419582
520200
836121
410642
173811
130955
19541
608004
404932
595600
959689
638119
232399
407675
46884
988791
524351
560175
390450
404123
112639
13392
954496
602234
388496
605180
305077
186962
932245
772388
684048
371214
958831
650300
662606
547417
858409
395534
987444
969103
707439
765835
62168
183195
26247
871496
30151
662061
554574
52374
674854
369650
759021
917306
826066
723403
805911
785839
7939
280362
332749
331298
613118
801963
183219
878812
469548
940193
397209
999430
107385
306704
465931
717344
107545
528424
355623
308985
26541
296868
894397
169417
777033
186931
200718
28995
280411
121316
884578
566763
121386
145494
218966
672486
478556
617108
969074
380531
849941
510200
526138
975454
430632
547022
818690
301820
103964
148549
483178
451139
281491
654367
468597
129750
634466
989155
767952
796923
36803
553789
846556
479707
702214
763756
191683
608036
749266
595875
878511
532993
47452
876722
445733
859497
17207
416589
492455
528011
643690
135259
623195
893818
290127
646955
455011
853527
432180
519424
452750
714811
850275
76044
412152
649330
994372
519913
484487
809887
732346
744604
434994
458223
299466
206877
469400
802154
819255
596617
21172
100907
107980
60221
433987
378941
595756
229583
978675
206245
521726
502704
904708
721819
443013
585059
68930
745701
832736
805166
22180
225969
317187
279820
444301
378538
913910
208689
480517
934662
390707
563676
523252
790717
463556
568940
492374
177028
337477
53750
219688
325311
72059
689086
768217
405912
558051
804260
207403
44782
646189
34945
519052
937834
595940
430394
403559
451902
49841
439237
21568
65441
909575
509320
650683
174670
203473
124635
357948
672684
683101
937692
34896
421708
952251
996813
950714
52543
334065
223618
487955
589213
640158
515399
249872
394015
518334
501669
647118
221260
784322
613665
159354
930715
455552
255143
132465
524101
896350
946778
503640
467601
902239
469387
811453
979781
346002
872248
133520
442006
281974
914949
659488
238610
425483
706803
562444
48403
573855
208133
133867
205010
29701
903624
649052
666969
706729
843609
385649
29708
927462
646445
443971
909129
410415
989525
56147
276862
254419
772920
50397
179856
695816
493997
559618
655295
554303
925442
472470
577063
934387
98323
261237
772046
54479
768431
276462
161260
611226
760481
371076
513388
18751
2755
53180
603064
6687
565059
30259
796589
623824
668180
400153
988112
826967
204239
132140
617329
817409
576086
570555
818599
883747
405876
656606
525628
360141
636284
314466
587057
849771
943011
4762
279442
555478
592440
915822
237946
765360
290453
119210
708417
527306
968359
47173
685143
116748
166522
515468
316529
567648
528277
540141
619625
198891
681106
652333
678508
222764
536290
495006
271533
206157
428474
986270
707357
694424
961316
866121
612527
657711
862093
956027
108303
969952
517210
285658
760321
745572
900936
908237
671932
464309
495522
574176
19156
715828
139134
869963
994294
534267
622438
213362
49547
574519
581770
547720
370794
758953
722680
670068
520423
595308
382685
635945
615155
547055
740429
657217
172316
380050
763764
524327
816532
45352
485521
482853
222955
290414
256694
221942
614541
742521
1595
621613
228643
505376
440335
269818
799420
737621
825671
219845
777584
168005
460594
344583
573538
517928
705476
507534
767110
128730
908122
803638
95898
695569
748153
12622
820613
208168
795792
757806
971175
949724
198900
462621
847238
961892
466919
836977
858810
947666
933152
125795
38596
33886
658650
756452
61594
671380
458064
976567
390913
851213
877195
322577
240995
60292
908836
236954
196591
185714
812038
966924
649345
564397
786133
863945
308581
744397
479855
839457
466862
673754
682461
420724
83971
940649
391149
118548
937831
276333
915989
652
28037
760654
971415
594488
626595
145046
677923
639590
259753
182792
666156
672101
113346
253168
869252
473744
809990
881237
436474
494929
797349
224745
587960
750222
78314
98417
272462
916940
647976
998928
785411
221352
593409
455255
631924
203167
326027
880
812465
723483
909102
564222
439618
328562
45391
416948
879324
177478
441014
575606
963527
404369
266826
6545
84943
407377
835767
409264
25747
812185
257429
302043
751483
677976
768342
33037
805495
689575
469362
501258
667491
74116
866505
510632
391876
964508
192534
925285
20015
801770
198134
12725
520662
915902
209315
689060
519958
904110
48144
668642
505963
288341
234095
605591
369210
709835
638658
679077
958708
859485
969511
742932
221981
886575
672230
523879
631644
543309
457191
405873
669616
88112
696609
543368
552893
101260
234839
455227
747345
513586
994392
43403
7239
106220
794124
834243
839365
69376
330291
277057
517831
756971
553359
118560
693619
952043
273762
742372
519072
549091
923438
106935
351889
723771
342969
369554
503260
972544
750675
196318
221539
627370
325653
193568
376734
994421
97673
802039
558714
989322
944382
641191
96496
378495
921660
208602
600621
587020
567035
419706
252672
919079
322555
828046
329416
552659
837070
915079
91278
125135
742188
673055
826589
665334
857955
282309
34813
162
530872
988774
581998
552653
87849
873895
274325
880299
370907
800438
457768
451985
267738
874465
521550
752968
323303
72257
675384
923694
675523
138652
933095
692089
94723
911862
907407
321941
817312
702555
847263
312341
47034
983922
922018
612934
827414
820810
34917
394262
369756
296843
933122
462475
712206
310160
932581
495949
580363
768777
656922
366283
341726
931450
13603
575449
584783
775191
443073
547795
925219
670135
822922
406482
22136
713034
604210
438116
78417
702687
338192
21301
871742
403745
242313
905705
897825
254314
741265
457889
449220
473819
53573
792796
714000
398018
277971
48373
77570
7861
914790
427182
568281
325400
20759
551323
906744
938967
898488
490190
436687
884030
150211
641086
979403
449498
938868
884759
793309
469977
632932
863863
678480
876643
363495
344334
215709
563825
855452
336170
712187
625431
783033
215090
241632
166321
507316
993072
598191
371054
922045
561628
227265
571277
61104
11932
32408
679711
145523
372542
377100
359227
573930
196987
147925
496828
334084
815485
378620
117578
35170
453820
597233
350366
532946
306682
243796
886916
51162
537144
780807
446912
392638
244193
335589
997907
331210
801061
12364
799342
899972
193767
773471
229150
336602
24880
274925
43142
636014
547178
449839
325344
929043
17552
852925
795722
244211
926027
431154
557539
473636
470217
231535
68181
252357
190627
466368
801275
206275
467314
500373
648482
970826
261318
543086
216037
746573
309396
458845
35014
809963
872191
905294
596569
580878
684471
352804
44543
934252
823657
136739
807630
865402
31230
577417
722524
170761
989266
607321
197174
644754
144696
12930
373362
749189
282320
415871
255186
294756
226175
584379
936468
731624
176194
19036
699842
970473
842497
629138
323915
867561
513751
644591
958061
449868
503121
62847
641466
789763
824018
836291
42501
49727
176405
144499
418596
208553
221120
961071
924049
929418
611531
152094
381950
214107
47730
847245
705624
316454
792592
978266
612686
1767
262605
501051
468049
646893
246047
347389
784379
452148
278960
588202
755786
671975
895088
61119
849321
346063
353470
266757
590773
210581
863413
524723
924184
64172
750828
310334
843381
953990
189358
702686
777009
788552
793666
904071
684222
244104
14383
763238
991767
639383
253208
140688
823561
148179
267337
660825
704321
191834
789692
242794
927089
483516
695759
600462
71182
750045
563769
126141
148283
598456
495405
103076
185473
729871
311651
199134
612043
843981
210369
958746
650958
853472
840456
818142
278620
105997
225734
655840
78470
155208
405763
808998
706201
788011
221684
736015
625673
121786
654963
465730
523698
330541
585938
532412
773750
650224
705220
711195
331809
871591
429781
129823
231538
616088
105101
110626
710145
455940
874975
824426
648124
938045
848534
969777
800791
980131
507226
425465
740319
728246
718718
587353
871576
469392
189545
686778
157454
205567
149187
895579
971302
293074
74216
496650
282696
798150
735879
927552
735439
245780
445640
778279
204193
958413
773429
955611
487640
436799
155741
943629
50783
234645
681235
224144
70249
826587
493066
902167
426251
461390
816167
649645
431596
82284
320631
819994
196251
750901
71331
881224
449018
750924
50054
150967
401775
874425
767907
383076
321713
854259
277755
386313
553364
859452
607555
74181
65912
529839
208261
703619
253341
824283
198659
972608
995515
535991
780506
55921
290749
856368
791320
902914
560206
906761
712216
864762
769757
564969
486189
241432
924003
525775
409040
260436
135274
251879
82458
383872
902966
660245
320087
655388
277921
591946
737727
200942
271933
669564
23615
585035
278983
777081
775083
290304
790006
391667
799945
571000
463516
560099
723103
506925
574157
365156
592937
162439
932552
727262
143792
517377
599124
6053
928801
451388
45936
878191
108755
275450
779670
631939
145287
415038
66051
58634
935399
18557
865550
844756
857900
371110
991372
927115
727081
176068
688530
708418
50509
585629
934720
904456
190953
25717
658331
695805
607474
226690
447151
420298
344109
340258
983579
263554
660792
958776
670034
249244
508732
162835
220944
58395
881713
140664
108191
530682
411077
482916
384708
874940
318887
35379
558445
341892
464079
398393
372780
870141
385132
782716
579264
84881
996140
372757
352259
997950
44127
779766
406320
321487
269401
831226
175479
506954
180047
499441
147373
842130
818528
264172
154841
931354
241127
394747
355414
120587
83119
226638
248234
796116
430660
861739
469200
575336
174732
150100
635910
661279
193792
394319
739645
935307
89736
247947
157364
188162
297239
309955
118613
198893
744993
854666
80365
157982
318586
667402
222858
201795
620572
501335
8468
324695
998322
255599
735508
479509
153148
772786
663925
857336
616840
995861
90378
12074
154020
6540
429062
769276
562253
226493
687528
686147
776984
698088
174448
929924
62532
422425
328159
28829
802867
391417
588997
41537
465923
204179
253048
187077
96195
880935
637865
642328
223208
640068
447968
876015
716796
20753
674565
609599
4121
513496
200814
957012
281626
809550
251502
143602
996684
336690
243805
189235
920199
955442
258371
988578
85691
790150
53990
529987
799314
755819
521180
530193
90836
672677
979955
401281
693690
783005
372691
509874
499584
639413
899756
633394
299153
530999
330772
490583
320798
643513
755040
790267
764677
962079
478241
952908
821293
312652
998931
344617
260841
398893
335777
407609
610147
561720
605322
336957
219172
109874
201826
931005
670851
298313
704428
25624
221714
679726
757155
185644
993634
151811
510918
232486
443327
56371
193575
693170
881041
616890
769540
106497
764901
30948
651155
657377
849496
103542
777349
25945
593766
767296
965330
955849
112002
183702
126870
795556
726098
495490
47416
64403
620331
647733
996512
541800
501712
35656
4686
873311
601170
860367
691382
519603
308549
6366
157579
262875
512797
245669
355347
840530
829318
452625
555351
491073
315227
934988
718025
589181
163044
603977
896987
39604
651257
394145
772736
837165
489795
915433
137499
601508
615202
106724
736445
448185
175219
859077
343685
130103
540355
961363
909235
935701
779837
296749
773980
427177
931467
776973
408334
48332
937603
436841
435822
452634
924812
25864
542525
490979
904098
459659
53136
500575
276987
889638
226107
124230
915515
409389
923667
759330
160123
459213
666977
399753
310190
498984
768908
551713
802284
42328
91859
265355
943845
187832
186995
880545
311251
260170
462419
641924
637755
38606
919360
592373
283819
953780
88881
937277
834020
441304
426526
705796
399088
200882
159674
627832
57156
688652
736875
415587
500869
199813
298277
625800
448025
156347
564233
349865
604149
299008
115140
123444
251116
699423
62865
156408
499599
401388
839745
889505
110143
10401
96403
93953
181210
793224
867513
330595
823340
146090
824001
118294
276934
238481
773878
208465
97176
656550
470332
839733
335065
382169
346528
480182
120446
676825
125981
211015
646767
155708
521505
585251
474919
780440
601530
21597
341267
979012
337646
980774
726167
691464
184056
941686
407436
866320
121024
671621
688135
223301
425770
71764
276403
672749
927835
693047
668968
247159
302752
970918
781433
430844
53451
12908
622830
959377
714054
298097
167484
180880
800455
296299
708549
759591
624104
459058
924221
211954
633066
774705
302237
849945
871993
648550
573982
168097
856534
631078
594795
282678
836681
799979
903949
732832
50061
109929
327058
69576
191007
701984
77077
48937
921598
233896
782195
453881
474468
122763
231400
840008
883499
61481
402580
359549
992029
763205
734896
216872
665063
749657
582248
851491
698129
264731
534224
368207
958122
322603
589686
875036
258828
451852
257434
970634
767275
704839
146455
779159
896028
447749
646108
56270
584679
290463
329577
168287
693714
992550
627842
132402
120052
227934
498719
537352
266056
86235
75253
232801
708732
346384
100321
670977
697623
442839
188799
312185
771962
242869
367288
272812
237837
466057
874224
192188
154524
288036
594659
804964
340747
892256
136627
722557
455995
130825
282087
728588
701479
425450
904272
120267
969620
61746
238079
125539
734795
668588
296142
124166
31994
144018
378195
412116
373280
499764
693841
846226
817304
875304
513843
624027
78604
790217
941808
420527
310683
796825
236790
221389
617222
159404
873591
510244
557061
604281
873517
527475
105444
296339
462077
687109
579610
27873
951712
979224
170082
246279
923444
312910
580030
706140
13799
917312
784798
111204
676861
154879
117742
610932
504936
486649
188315
314405
888026
641573
795502
680132
826187
754157
206376
483161
772475
782459
632819
585444
628230
925495
500679
34458
31584
430633
914164
432316
885455
971636
968298
519618
352730
883133
423886
715585
851790
143579
966694
127553
703153
308754
390722
944921
990753
856639
752474
337264
648203
908129
476975
307040
448422
638128
185318
254332
966126
221469
47536
217624
582678
330237
221556
878641
256274
877766
15702
661235
397044
133684
625000
950081
954555
852852
123120
117648
304820
909118
310305
309654
311112
955951
844613
830664
372134
132572
289820
224461
954906
203320
723236
6279
950701
380229
911309
120151
171615
67593
45757
729019
955491
970024
906670
716459
448933
78265
876438
757836
457919
16799
451343
770415
274750
193387
358098
488796
926592
419852
521205
619389
274519
888501
755210
548852
265403
868038
234244
420819
551402
630011
11792
261215
23133
732297
377713
426533
405042
627379
466159
333165
398182
761344
630401
174665
202283
487269
415070
338029
949985
567164
833800
724025
407501
653293
163677
301466
383043
649380
964728
80098
459547
922326
574350
585164
839995
962137
204483
929250
573397
717790
95320
361542
206747
285661
617330
270203
961361
600137
565516
513205
715211
515224
583742
834928
616141
952471
600153
511202
183668
21679
442021
522364
240251
726194
534014
140328
232062
714820
145467
534919
165253
411252
683742
513061
346910
327436
111958
467199
50087
961972
83440
189502
261372
143033
275153
208720
806391
424598
808864
456579
275728
167083
390854
272254
844768
101604
407342
229982
505741
868287
591681
54672
587942
304459
69519
743793
257470
723118
293812
643835
736196
60899
102981
157694
214458
929700
974226
527139
634027
441642
113815
545812
282785
754191
986341
189949
815018
136588
381179
933561
594478
476756
706505
915868
725459
221925
972662
443245
138
845663
868812
649165
429518
729564
326133
209417
801070
728052
29530
691659
848832
605241
417952
8213
701468
423513
634399
546591
880579
329745
853489
601605
470002
823252
574579
480765
954808
841332
498238
537244
722789
121955
191060
90787
18639
903873
464761
51545
197126
210192
914469
577611
289191
699703
66033
507238
838753
25665
857467
317203
877761
786956
152804
483142
636961
736153
924624
342409
554036
286224
594751
848470
144399
953396
157781
758946
146363
889321
746869
9739
411657
63878
55887
652112
902952
431200
246231
797392
241989
907111
82946
857140
74077
975619
453940
889584
878616
848896
902129
113845
212165
209590
523392
168992
877024
467312
877771
556556
601145
795044
380375
807206
821721
743564
489565
787313
522450
141205
668614
986275
721318
949817
274377
246814
752774
221365
411460
898199
266725
807857
525229
312408
971177
770163
844068
86159
901420
874551
145893
53894
375670
302642
225821
767903
909578
759967
455416
464488
943008
593902
559135
213026
770052
406715
997382
9640
464267
949823
77160
413706
267879
889900
729644
101068
835191
260155
473339
254705
476955
31671
387112
855448
162580
699496
316623
553051
623152
566620
239570
706599
807307
485282
644405
729396
219909
139072
586800
813429
390163
736473
279543
168048
215571
765245
76788
925331
301390
160617
871968
461958
736222
976768
902049
353691
189852
542457
499633
262935
104998
553391
754589
942472
806759
561608
708934
47368
760893
980201
338288
685555
14331
665460
191692
923693
563365
434393
341990
84714
694553
205609
568549
354132
23968
709017
323361
845267
189934
145635
99756
99872
208583
639620
514952
826588
556709
616341
12219
506477
455774
215800
21309
222831
422721
125469
762815
970538
661358
346713
947914
90176
3001
70150
542668
487178
1457
419338
917263
411380
925644
749846
237346
766195
847287
188875
598998
745499
11674
201282
202654
330440
195937
4949
611479
580199
212133
514301
532781
185740
634965
256162
924153
637908
284741
68741
810077
280778
570583
546357
628798
917300
850359
119823
728951
688080
765430
631036
679241
367734
669377
702080
846112
889826
684660
797937
713076
696975
853954
336966
422301
646447
455369
74707
181410
507226
390541
737487
206691
501048
143995
943173
766464
859867
965630
907744
370557
912954
739768
325113
417263
777807
734988
925830
110096
118685
134279
355502
848240
86367
738145
161314
408865
895711
806841
157332
284391
517136
831019
861394
321142
134103
817890
686168
523077
968882
1139
110345
520928
852004
794279
373746
45242
963343
488947
7202
512711
783645
679929
597441
558337
745522
766030
475841
216563
762439
494002
996518
290169
640036
800695
309886
804166
208630
752045
592406
820149
570161
566543
841642
798471
392506
58210
640096
899189
820452
811851
875803
651945
750796
764905
644873
825836
565854
882449
818560
752709
246565
288530
935208
494295
800319
662732
482515
422787
447810
931698
841392
827729
333959
290591
646632
830947
696886
4149
49944
311206
830609
103927
338778
416196
982421
147013
353591
41213
375174
710949
896285
22326
531972
87194
225936
793534
857365
946765
545044
475380
324851
708889
608315
506146
426989
969339
778629
615144
532166
256033
315325
567569
122250
54589
792406
249535
429002
752928
974840
923101
345002
677496
860842
887663
961096
330737
550279
820296
734030
525885
449657
446803
209907
957419
585343
405912
9246
489117
163421
184946
599652
528343
932500
970404
999375
993798
462093
465208
467261
247178
4046
569469
525890
400769
896670
656169
487926
976148
86489
910034
201086
65159
440819
921131
532287
489371
301971
484894
694319
851416
331246
229111
698735
914573
610558
362705
73663
101483
167875
465067
1522
715482
892396
805248
743910
59992
882305
298755
840255
872875
114160
43926
29538
639362
974476
973962
736056
32995
753372
303775
432794
618894
796389
753882
566554
232149
911803
802600
826558
225724
574879
138778
463136
118268
235381
390034
453601
662880
441289
873192
406554
552489
935868
591614
188054
704853
807335
380666
662542
712504
636923
143654
784352
346586
356151
111085
886586
837444
407534
728061
910792
747984
195922
840720
557664
231429
883855
19025
523466
769345
198744
32653
484573
977992
237229
314985
259002
914934
966046
266533
130498
377288
285827
325102
624932
442074
796862
32064
355146
375558
85515
959811
486079
38948
249668
247279
84833
966143
71762
93347
948925
838963
849712
594131
657144
66929
633972
456406
697325
163587
969558
698278
392098
280590
309865
10485
630876
688909
731567
194864
443218
554796
520325
113925
568441
5753
937707
906497
189079
408513
559829
102356
380966
259323
980362
704222
493465
685630
480165
40178
174885
979930
887773
657172
93758
636037
659057
935913
406693
890143
539187
107498
20370
605209
788225
55043
207349
274156
254792
930703
445314
865265
599401
927485
471062
476709
263705
624032
818400
952284
213456
733705
854133
995858
489246
274426
643369
135259
67766
735010
349833
651307
493216
585751
334607
242550
963781
379325
545032
184643
323386
658713
470663
581712
982853
988986
108761
110772
501714
911733
326533
234291
839722
253047
173841
918689
157884
354143
112971
509780
34377
751132
912606
421170
60989
877601
985376
158053
320933
672606
961283
448969
191885
880704
26031
27773
634560
170813
749309
886015
283451
916471
634761
819372
553714
72254
977718
795916
997013
191748
375190
158778
78285
691342
935986
530523
667582
395059
662968
893697
374599
447057
585645
527802
473206
646978
691048
901715
140547
705396
639782
375024
311482
996298
108131
973917
517136
964659
907422
366187
832875
906611
897246
634275
210274
139732
491514
67931
402867
905765
885108
466926
93265
416274
107154
517205
299839
2162
815555
14600
735975
245413
540808
30441
57926
439527
535163
347142
568714
927399
921684
785568
468873
293206
995349
200310
153946
21529
408577
42263
311760
704096
475138
354157
2537
915181
839598
957212
851328
859519
704893
220325
58883
321075
328235
880466
78121
760910
540073
582145
853995
992469
951263
207835
569611
278233
821961
222809
7676
33880
657391
133789
559132
457150
487022
908126
859141
525280
424142
682523
834165
139763
309022
919549
764712
858065
901280
510950
257694
541567
215094
673324
920682
167513
559954
537255
958455
617391
754152
275902
151032
291950
111838
375547
69569
904261
795422
895861
841789
766143
842343
85167
935160
380044
99821
102976
902498
970071
453867
876501
750751
480683
92355
750164
680036
906332
771710
453679
461194
154456
836333
222485
630987
100125
114552
602168
915283
708900
986045
711028
581856
340670
220181
449569
835958
286308
208166
992520
574174
693595
856432
29614
580270
158481
142758
583391
169717
730119
708689
522685
820972
537047
838634
683537
191027
91102
229409
493000
607818
634903
287769
598443
395303
175377
910480
9464
541211
377741
743287
201244
811824
186231
383216
19336
702770
569215
760609
581426
765762
94244
332518
711185
740616
931337
543615
726968
14283
392884
908491
277050
146524
304705
973811
501566
966175
475076
448219
495591
756901
589224
400547
180146
325156
962354
206928
772263
992561
996748
909320
861652
731458
219973
346749
402188
867766
934184
523416
184817
114992
994544
382409
227277
43009
224358
513215
150279
328960
943116
407828
149861
520630
644227
897193
552999
544880
960087
531473
215568
749428
785571
788887
599373
276413
768047
605878
887631
592593
978167
11492
349110
186317
109699
609504
531862
955988
840272
970151
961587
135260
277752
846687
300958
964470
339997
354864
546992
220206
61247
231665
309575
533205
361767
677694
450399
532496
471510
972462
517195
722351
241544
230540
128969
239157
835106
857609
413475
339265
995172
376364
271605
738410
60561
93707
678819
715177
39311
880400
739415
721882
736860
45729
81338
86613
476517
432822
455839
402259
661076
175932
178356
208272
934750
958265
654728
707474
566205
636136
509968
254607
921127
369991
984088
118854
549330
491540
191917
825585
103797
133558
563166
190999
977043
655939
475912
844666
673664
639882
914330
212325
994158
771760
945818
235596
752883
797267
201221
862500
496069
825820
72010
331157
242415
937045
250245
284156
401874
65537
690522
875019
987871
47297
623346
300405
757038
859228
598273
792765
382547
569839
88011
949677
554891
644594
368073
395829
975016
316446
267737
686165
333447
919424
247655
982777
29835
739636
385383
903473
578678
244281
17657
796787
665414
163806
650401
995065
632616
611061
259813
392900
18573
200549
512395
267554
749262
619102
102386
216519
214859
205332
756293
744168
985125
123640
156150
355176
463040
119479
719517
238699
350764
923105
521470
150660
250853
344940
45132
750586
291167
790403
187253
809910
471087
981365
714426
761641
630423
937727
641839
718822
91947
614970
883105
624031
139124
982088
822527
417905
688086
119362
294808
328550
817895
611914
27694
315761
762289
390527
584982
645672
502675
518240
916871
68560
122737
350549
839456
360608
999125
221684
71585
278945
614892
37823
526827
966533
527913
660590
92581
691296
161402
232324
85542
179311
472624
470949
343916
76820
110498
740920
805097
884546
39056
466779
966038
136533
12415
994839
710659
55804
140190
226169
374293
488763
8722
854295
358496
43036
700889
273120
867152
193480
60286
124172
231135
721874
284038
902646
618244
563149
86156
411458
503181
89209
85786
434920
776869
574075
997795
454819
315519
418220
121410
420573
3170
747533
563518
694059
363320
213298
802372
169470
263098
145599
449627
366995
26599
614623
587914
980385
653489
839761
809358
452348
926804
822590
653651
518100
95356
749855
160315
899952
825104
703243
787794
219441
144643
378210
871499
768999
37715
413515
987604
484097
911123
818652
671892
892935
19737
23595
541659
393002
229332
324741
15664
605550
36077
915269
102439
384774
552582
787657
922690
829034
369000
656890
844711
339150
557486
209189
693842
5112
547181
622637
956328
721783
757167
964366
668499
295824
774387
723313
106120
751598
954291
925831
629230
28078
355947
983188
932089
609013
667034
33140
185738
430430
656262
747744
315305
958093
91262
802011
562847
17626
393967
259683
326057
249810
380518
849373
274466
899463
124785
557096
618295
574484
13692
517869
239868
45923
109644
661855
228996
656711
455231
395473
207334
76883
54803
527465
3201
193011
876448
753023
462948
674567
865532
199876
114311
131427
140154
324933
286310
465639
530625
291056
384555
204520
668114
856863
354697
74441
541180
813410
701315
257944
905524
402775
170274
855393
853948
682300
794172
582816
282908
599372
161938
33487
302405
103381
842131
777356
576573
110958
581679
679182
494530
229697
956089
722176
628523
322286
190304
357809
481891
352651
720636
245929
359081
973009
259735
664863
47048
533882
443143
602054
322138
668819
512554
416070
239300
312667
766185
643556
844350
245707
363874
221672
127763
360781
684879
942221
663573
113695
674865
690326
629021
945489
864843
777463
677417
952595
903112
624443
847809
892778
308377
52589
364606
584508
603791
25184
81797
338580
836883
571867
333031
524894
382185
886625
789139
524473
670589
469685
598106
617354
967097
916073
37468
299605
605581
807153
107644
774074
18862
828666
472713
324709
187445
703173
997011
582471
133557
252464
909170
704466
276927
140192
242396
267708
359672
471218
293063
284462
126187
665804
927622
785556
864305
298310
218840
513364
52347
97552
694396
835995
948357
613882
809866
43981
407943
179986
380545
494349
846178
68009
274196
901255
830125
576750
197749
194818
256487
428690
30776
483466
843094
140877
923793
894580
664615
932272
978138
468517
829382
993553
123564
644129
740375
995197
824595
88411
566253
292352
340957
868012
372951
930637
774020
201042
812918
733104
977128
896432
731588
808431
988850
968243
319344
788364
379118
905448
526515
124065
175248
241672
160298
686756
41111
948099
226368
221648
477017
339164
649896
282147
126314
41835
667625
238307
707832
689764
865098
949170
639412
467904
693731
595821
197642
270246
985001
921056
376302
985079
349726
830599
593212
569791
559266
623393
878619
700843
312350
719893
327638
388130
974009
220044
538086
691540
734377
595380
879830
283933
581796
289583
261984
957500
870952
897556
919315
233676
200315
913867
348527
225670
531979
273646
146050
884701
352498
823232
826438
98025
729035
504613
262601
248181
951070
402813
682508
490072
627052
693102
598458
718639
434903
985365
516667
932663
953375
928569
476604
911454
478889
335494
243585
403397
28148
224504
55934
752886
410665
861234
149930
516423
201950
278243
790388
997292
794238
787255
679315
907175
235081
33814
944361
540842
753501
352969
771806
635986
224234
448158
223811
971176
770252
408658
738921
175008
714993
338077
743365
817007
764230
555285
891532
351505
134458
853323
789027
738091
760089
988327
546942
632801
9432
751480
753019
273997
759682
534545
262789
961837
286620
186798
495598
403471
551089
954927
775950
267850
334485
495224
15570
106612
168735
767854
299570
894536
63493
383710
691754
415009
95410
404735
921449
91180
509561
614996
888421
77878
406314
945567
69162
728374
212216
716700
822207
823591
481996
6580
19783
610014
373630
960029
713727
201843
925993
787320
465923
629466
833014
70755
755128
681826
757800
627078
401750
620168
975054
823700
923740
402920
122735
207312
161384
727020
629988
191699
476304
31881
724422
590448
758623
228441
411033
560571
856434
334354
622887
926842
163103
272590
997010
658709
835241
351066
843048
958417
662005
39809
998181
513359
39514
49023
110946
933368
382089
724004
179566
100727
522786
581597
175566
182998
396648
881489
613694
119737
453555
337885
249413
878085
744348
914521
215654
49181
310018
268197
126152
414267
410129
768472
417555
971283
566425
568848
517634
25114
944984
448043
408619
513717
65240
710311
935633
865590
180538
811280
35596
629131
545045
292589
85123
906862
242346
8230
60460
802944
850987
739349
498129
320946
558549
755458
354837
852724
925185
447784
96163
800521
252002
273679
160736
150870
843258
613976
43021
24729
359648
867642
146779
919902
116657
81329
418838
592164
145180
874315
126234
766314
907140
789184
279629
504563
602896
375524
10104
859650
65609
581676
609760
413352
765265
249259
755001
102208
897880
651433
473418
119354
199404
302055
998722
537017
929051
78423
63628
551732
29966
560736
315261
904201
416342
281405
224345
821088
917993
471644
973876
436057
784833
649131
236767
727759
102581
795260
250686
750787
808092
938325
591571
121522
890264
125094
871964
208035
997691
204613
61351
292390
550025
372680
198260
447957
987723
968563
900709
752348
640147
742248
7739
11518
425179
452387
872830
652729
554574
150008
742848
45516
389954
317720
947176
826113
539073
880115
782084
787622
242759
159162
452002
712003
782813
308757
675396
893284
915602
446643
199337
668057
590183
743543
739393
279102
879009
481255
919842
12011
259809
301124
424567
766429
775557
731124
808207
380272
682451
180356
281060
684236
889237
77603
422314
753472
719969
957751
396310
510767
701558
825334
149902
14434
879253
697181
665950
490807
530224
59862
984147
215269
998344
400938
559732
641390
359411
349705
149187
979358
157046
666576
612701
810077
240469
292591
864202
343617
506587
74655
203432
58698
593259
394309
279623
113634
996343
965313
101205
4542
295920
457665
173157
819519
881197
784542
980229
123028
819637
785753
395316
441755
971099
584317
197709
714995
986399
959675
903865
754974
483123
761492
681517
674186
121457
376049
136296
598992
439382
898713
397139
217470
901761
834506
881823
854514
827588
211949
370745
61492
429715
51863
332476
141758
71542
965835
347346
935843
366846
135796
746599
487238
385609
168453
142974
914159
227994
540602
790728
339179
295413
157883
943887
29742
420376
620178
756746
895540
539253
450885
936335
334138
241460
622383
167900
694339
671511
759125
31960
710402
911058
375392
378923
677520
220427
500707
151607
259081
805305
54753
676728
571027
804964
406537
315053
397407
214757
885367
736205
902916
812935
92310
325900
559403
38893
966254
51908
248211
285440
567452
588886
878457
508050
775563
994438
6862
663809
755438
75488
934758
818740
147377
50476
77297
647207
754371
4734
73152
212300
760368
293330
551333
928605
584540
45710
575722
869694
930039
917651
9853
163341
334348
742868
700157
789428
789773
828837
945415
245895
35875
814860
959392
238025
439153
73317
307897
642421
207233
630136
907991
758622
505579
977763
466245
149578
949186
638229
63232
129321
593432
832930
702523
328827
800622
119823
972414
21342
539824
878746
433457
653409
335382
545423
304215
393144
874999
151608
346864
884990
133342
175346
332196
459895
242987
858537
663760
239384
99757
956829
924361
939399
451822
264767
48100
353344
746428
535414
367089
595326
507715
901417
901748
489920
357558
290250
369542
938399
837188
368342
921687
392832
990713
918682
978587
899574
952264
100171
507736
891442
654683
175032
835401
607660
862947
568724
355821
595718
360727
458764
579432
721603
24259
78521
996272
732009
457690
261923
153498
108695
448874
120340
297708
464294
650248
669497
961105
514330
896245
870349
313503
655201
756688
932136
605745
559100
555096
137880
979486
136510
685278
134329
360909
457572
925331
944329
100133
144318
693186
898357
742989
9891
193021
93964
160718
613852
10500
77625
978011
561925
137886
77986
885878
378453
599659
411935
136665
977230
974477
521666
702014
178776
891496
618893
748879
743389
390693
735353
134933
518842
150360
731563
567553
680827
120805
172789
301229
125488
650093
458370
60960
777997
892909
270464
827131
208708
247230
6680
566530
31515
698418
287133
464734
76726
184173
752739
410222
30091
71467
947096
138733
275289
725509
641577
570112
675587
720372
611953
458569
358768
716703
43462
754000
990500
992990
403953
753304
377774
616376
687120
389190
733295
39904
313697
84088
440558
793980
457672
948453
240865
383946
869172
89943
270985
270839
693426
433142
387674
219283
534043
724133
5543
528985
342570
629893
436712
217371
181099
177114
170505
736337
288764
132287
803990
705709
953143
441479
128651
239204
756519
780126
814061
494825
167015
650617
86259
554898
130888
527037
442054
847293
299811
555494
803002
519419
865965
585672
483325
397017
824088
159840
894107
196992
493940
767833
738871
871275
31217
547926
977141
19846
1517
195248
258025
717877
808625
938492
365494
509716
359455
273114
18077
707710
167435
84016
526438
552345
628994
45950
440807
117096
339128
278658
460574
606184
948192
835190
29794
202273
478628
333777
425331
930608
952766
227291
840142
364436
294191
135461
823784
570332
367537
577750
878881
783890
890344
425850
611959
721071
733201
82198
484588
822672
48138
945496
166047
587501
71464
704001
648297
62665
532077
169931
518154
117583
521147
83869
808298
30770
950023
662504
314465
737541
321646
646035
36423
580476
992470
50913
705217
414233
494873
995101
945497
506295
19114
822128
839564
86715
712264
705208
655436
474283
100458
737483
36469
135857
238001
950823
179818
392035
267411
783897
873968
311700
97749
203618
196697
750718
283109
763939
282819
41529
261325
167233
337261
166861
643242
468076
146116
130740
336169
887015
669195
63400
424242
794663
585299
248154
468562
299374
29637
289277
440724
459847
670397
342052
349966
868660
617354
455366
370799
358880
386481
721656
154460
958606
249093
267332
504174
800242
51225
522278
597808
485033
836330
239297
998946
638133
504768
823326
79684
782132
429795
661575
80603
542369
79771
5325
542193
845334
998638
493546
256434
66624
782088
542375
164342
484166
857465
406755
295083
63962
454822
846067
439897
342098
598070
960784
50116
450216
756990
265711
564095
892435
812444
755220
366509
82147
603087
575336
404031
650225
897306
546494
317343
771908
788227
467148
212446
427027
700003
25287
803623
625090
444902
35828
359031
276653
911002
697667
311970
543724
324448
465812
798650
969951
345181
386957
943399
332894
423593
629948
407555
278383
292618
659035
798621
823303
297991
288867
101499
961182
569083
752494
324641
301518
933768
311686
295317
713812
652658
361803
520585
14246
807916
944472
106204
196155
518086
15889
231499
927891
476095
30371
192247
323446
461892
602367
448590
209025
98513
74828
155087
315323
451203
428970
632639
552791
934760
976960
588029
579368
737671
928253
911925
933369
517599
99548
212723
326555
3767
50661
226568
45621
208995
25433
981778
613725
70030
833369
9949
320017
835230
380577
917175
294169
645698
801431
565631
486722
453393
990709
746914
417620
522830
363758
827252
683458
322268
842016
746083
624024
148030
19840
324375
288443
360147
370187
964028
845422
527647
435024
811564
671414
186919
602555
676682
919628
431759
336022
546261
109732
215329
965351
190686
604309
418355
794594
961448
290578
651072
405982
212318
53868
689721
454060
562707
734305
858836
552112
577819
661329
449839
897888
388143
943659
199081
629503
974780
144895
878406
68483
298773
608781
795198
117625
831655
728684
33847
578885
449349
913578
768256
997360
206845
718600
573138
920003
299097
277010
376684
353779
583035
18307
594476
567893
297402
935579
676357
563032
401128
83728
795955
952620
95221
589758
695414
743743
143631
342907
922761
520961
126800
50961
207921
725759
847543
221694
604120
990327
270656
910662
317157
968719
384419
51252
412643
960572
988501
766433
636634
246614
731847
870005
976150
959060
675470
201189
197794
699001
217061
399253
392171
428096
115363
404606
565381
175698
999641
987818
447582
190064
817950
438042
769099
883431
345772
69454
926926
913750
538918
82869
547461
245868
951525
52060
538898
526137
390180
415808
791073
764905
363849
965650
604055
615723
250227
852162
881483
234887
674666
789265
625485
180181
375919
25057
37307
650644
459719
752196
734582
493956
309333
380543
952459
385004
414204
220791
442219
171801
321338
874652
420227
237832
650049
380335
644206
169730
362644
899420
636998
799293
230485
975013
577322
702357
836676
677062
583656
952569
77754
387444
329308
955358
81911
155338
11736
326400
140433
605585
628513
848979
169919
961063
656775
618216
803326
624492
718852
115373
343148
245729
245209
394793
101102
694521
493189
809138
212319
478401
847760
120993
215842
28732
157631
203313
54409
159468
726108
200677
134781
715602
246276
752286
762616
823591
602776
936097
671353
680369
748818
148185
890066
3597
580652
785137
188149
132878
978464
197159
81132
66026
157219
448546
978348
878906
235249
534847
254755
734102
479260
85719
669435
910533
802283
84330
156206
243858
881854
22806
455822
403203
293555
799407
230018
244081
796339
781178
128482
289556
338912
790713
199017
595774
77466
142488
317804
774562
469485
82028
276820
610710
683847
278326
944592
645665
272268
237928
602775
37196
408060
163421
138426
92403
893458
518333
801820
479905
148024
319496
325313
485828
766913
217462
915968
36098
231679
274335
173456
389074
200423
774114
670130
285390
477920
976049
434794
27921
925386
55748
518269
803964
566057
848376
816974
245279
803569
241212
618051
724513
360978
482929
965673
334074
658328
516138
787116
193787
499191
680566
666117
570979
848817
687374
999697
818145
735609
384281
495136
100287
209868
171840
468975
380349
303377
76811
187647
451078
928663
119379
983165
869764
537233
456711
14743
918720
966330
8851
49293
44977
128649
681930
595162
149099
150183
822314
325715
77829
238481
660567
91478
556379
717612
912196
891009
971048
894532
518890
762668
56054
585148
391814
594502
313566
242584
724768
538031
321931
265205
936606
301883
22560
365186
285059
767117
921752
996941
519045
783222
720822
339514
575833
704308
642695
255009
659674
39433
607815
328943
328083
707597
992512
785741
572270
845270
804226
758098
115112
183717
896684
856310
467929
496818
153813
674638
196186
356799
574398
82581
256338
6352
946481
299018
948925
684894
766683
749356
837077
624894
189887
982328
1884
201888
659613
876502
799182
541769
28573
182234
743340
203120
751895
76445
465682
840963
799625
529017
12867
87628
138913
533947
870651
499320
613847
992867
623966
8729
622272
396824
312801
272323
538131
608314
903825
564851
611428
607790
328032
267414
539065
74502
772745
205869
707449
68808
408386
734222
798651
738238
489781
559656
617022
80208
22183
467647
738017
516860
387899
454214
710633
256641
401393
91956
698282
814954
762703
106670
20470
592993
713575
168976
736378
439794
539368
826570
862593
150376
587135
339788
183464
404733
787996
835898
459229
141331
439471
803246
393964
646573
627283
201479
453317
948943
689905
627791
331184
764775
443701
620369
273064
686218
196530
524531
302183
120938
835728
985763
421813
219676
949685
703440
846364
723718
499369
540078
453589
983865
257019
150189
632447
380114
712746
675543
838790
604761
792300
675236
120952
951582
346823
972175
996730
609896
490999
984880
291225
714494
905941
817001
581532
706375
980062
38823
481901
455610
178959
128494
264456
903205
515204
142740
910776
713517
545093
859909
916061
175505
617979
252024
610891
210342
542998
577252
477432
373917
96223
772575
248969
875831
116038
669685
44485
616869
770936
441400
616491
562334
139107
792801
746885
955305
590615
309653
553493
677849
846476
28781
982981
820244
867148
887462
136105
806526
453082
325014
248603
800381
461417
820574
183089
578650
720128
511218
816945
834462
980910
6899
52155
541947
638593
731919
513378
550
262598
125392
75723
774701
546124
13019
274515
337693
433729
784698
668074
51536
70737
229885
699597
590338
573137
726821
604925
916846
35255
650406
362275
479197
386986
211136
39180
706642
791401
14403
631255
765085
214054
218782
419813
337386
609541
638244
774314
276658
374435
102121
245163
600352
166676
239222
448353
614879
111707
7066
54247
159671
669050
577672
786123
245556
661351
900074
829780
814816
615744
154405
646795
44843
431874
451110
757565
21754
868085
196088
309929
699747
489758
647497
247400
27150
464396
484654
189397
210425
210857
167944
797093
549311
238971
538895
855208
481420
511771
570132
347275
531591
364484
219271
860333
106124
686297
978559
34171
549095
853992
92631
442274
530314
715494
812423
794478
282273
812489
202531
13035
256344
554207
813726
957714
897251
829665
454692
936621
963572
700243
272332
726609
214052
654406
680920
16106
772443
461704
973112
85733
872735
391045
604166
307786
913337
678317
47175
689943
394450
119885
943291
635839
594917
184100
844164
639885
513681
346168
344829
413632
521792
54072
57282
197401
616465
272655
553758
247772
34830
880683
201893
78520
148492
104619
222081
997403
448232
281355
269356
832946
292312
260631
45929
304656
861588
28885
956996
627113
905790
398822
429101
889663
146039
442206
19373
929201
196419
781615
47609
140787
737188
508252
117344
461483
231250
881179
651646
421258
606620
190515
110926
853177
722372
920082
459377
947604
317286
241781
603179
233398
59543
76152
996217
517796
137426
516737
89304
844051
778399
578471
680566
900602
735403
558626
852747
549327
149162
363355
756545
47262
915869
357490
390573
743454
530071
2089
400206
193749
878463
458069
274532
335676
613022
273821
3365
341573
841346
868938
904704
347829
132360
431505
83719
854539
371666
245504
285894
849553
902307
783215
308432
658619
285518
841674
285247
721739
41981
838424
767183
364137
196491
532663
8977
149057
923952
73207
872058
484098
377582
501652
115634
145840
852808
862941
827514
886441
701314
190133
844026
782076
396800
20629
317636
558718
783320
794722
819531
236291
643553
867935
433306
619219
801372
871896
89890
149163
694014
468899
196512
54366
456978
735014
746991
546319
879135
380504
367477
503000
440882
744518
932940
38168
280380
916469
673501
551734
784537
89154
37386
73643
928196
274674
231861
137611
311102
254901
643478
464796
190772
868294
128147
946809
759340
502521
722626
167374
745322
599583
783077
912792
148705
662853
105634
153727
311184
847670
157978
911775
153124
412529
175173
816432
116723
737612
919738
296168
538655
802090
534422
141963
100295
874122
855712
677899
723205
982113
171372
8434
344808
271527
754892
939872
241474
974897
293412
592857
294029
424789
491354
621810
203225
443388
725366
5244
616181
87422
223417
621420
874902
191247
679098
897040
594607
968519
114483
985141
134255
503187
640912
738254
506503
746979
504406
8556
190292
658265
531960
670726
547793
402435
521450
465195
397774
758235
204822
202865
332749
757666
690539
31148
235838
789653
187143
175059
789192
75595
872242
789894
69949
889330
895013
767057
128249
421013
891376
562915
757978
34123
696517
428157
98240
370220
485680
368162
254036
58122
75009
569773
184940
194873
65504
602374
735628
564813
585851
330763
653094
934922
26696
659142
674645
606785
759460
394456
701671
806872
123743
480663
718649
989058
781402
93670
603792
272661
632478
12578
177522
402860
683289
928430
698895
424173
705278
325037
991142
842736
237909
796159
349718
175054
837034
349032
726180
782208
853170
334937
879101
553428
296427
389287
567659
693708
472167
276091
167977
661092
897218
339152
992385
183108
226308
302881
894439
72263
734594
453626
231399
635382
590214
763233
346731
818543
522415
799331
120870
442535
127683
995498
282892
849793
336578
914282
709228
719402
578730
172356
844064
346972
198265
824598
483893
535966
614785
941328
652533
939591
37334
828556
546358
415282
632588
605346
650769
744260
937344
974173
868742
96376
861537
712757
206374
929580
318760
599108
913118
771971
613887
64620
669786
332118
472880
662035
49592
486689
101419
794108
276019
354727
503031
503738
938687
994239
864997
286256
519731
721710
546123
459068
431105
165250
225395
27457
630856
642295
221432
306298
267044
460180
203208
476716
731916
214073
950153
143607
652623
86302
231954
358706
227114
345044
765677
966342
221762
874912
866452
602739
317136
900640
540659
877476
759628
795361
123697
171769
196830
310607
213154
435094
652584
433221
449775
548892
686687
62403
321469
596116
379028
677962
429621
361028
564465
38726
645481
21406
575510
624921
631313
998910
226599
37415
914600
73134
851931
745607
761377
283883
337071
660766
395237
78892
661892
508857
16639
835503
258186
967223
968330
291808
879740
25606
229515
814280
996240
7286
73796
984964
506305
443722
195991
794589
370801
641532
110921
219453
495958
827585
554659
535683
12834
222984
451867
570245
401326
874151
865370
273542
296116
619416
372497
169694
304635
105749
306891
126256
475378
448427
744148
669917
258479
911932
921627
405531
576675
753933
669626
29234
71109
157752
641033
482056
224872
972954
115383
310001
674394
991002
713841
641188
556961
327352
754342
376627
18900
696642
676149
428721
53010
23933
198713
163321
670337
116385
196615
901459
228724
334931
711238
977354
236673
389015
154686
941403
832190
374414
12906
177379
596181
763290
470784
721845
591588
539795
858692
687555
707411
522081
993709
602845
934707
424779
952378
559346
120230
650982
30786
630910
667110
761075
599255
355663
636371
26973
415658
188776
86518
846020
843954
233647
839311
943174
109383
92199
303014
743144
785514
610513
332416
908595
53431
638031
676015
566423
236968
602859
30003
52055
985476
508582
352770
116594
573765
25035
535274
956178
801757
230839
38117
397312
133460
549480
262857
81971
476685
782652
875715
1054
613374
6735
708428
193445
654292
976423
955687
107740
200016
317833
922899
232374
781499
9641
505480
183621
689428
618381
40769
202852
590062
851675
576562
202507
201695
389892
904518
597774
437789
113572
491780
107188
916895
65755
130030
386102
705397
22658
247359
860800
575167
615245
717359
864787
150915
899917
891828
69323
966908
964226
961078
390763
904311
732206
773371
814995
498180
804400
675004
495680
960261
891553
288956
110402
406104
868540
236895
821002
339457
783051
920976
31211
944178
61580
383595
329118
167251
420642
321482
700611
557191
587459
118129
308938
64327
99072
573143
772032
149189
323660
503319
430449
894958
451114
904097
909408
926244
602879
310278
729094
790632
317418
781301
440568
795688
976465
218735
789615
43744
244230
9190
96558
183164
944062
155903
644468
917464
755434
374010
67324
699656
444904
63840
841272
427587
513999
676480
530712
587523
378009
236964
170341
49564
676807
760834
374069
45915
629533
954310
538122
509381
736482
955569
490436
786638
498250
603988
390792
242015
397182
146496
715851
890589
912621
843268
467967
145422
151891
446065
996770
871409
310884
234502
90275
79099
380399
874137
657803
387264
173366
447111
111291
978953
896004
369104
77687
824299
663512
478488
192620
961379
41662
529901
244584
634985
73626
639615
189493
979686
288356
993613
982617
334420
457951
233309
871555
44272
901441
941100
479909
77656
83533
305162
851223
414740
29646
453029
248637
459379
155182
958438
404969
736101
351921
811971
949085
389612
870416
328046
364162
524467
289601
860537
221296
340567
637947
893732
850586
933795
43495
480146
711541
727556
137033
692377
943740
210258
324492
148360
725062
348335
443942
310872
834557
598900
938387
194121
313559
100250
937238
931213
568030
406979
696338
224253
414776
582458
288059
70649
902829
847403
237204
584820
206563
763255
700004
590975
264569
422994
493275
575081
652680
818604
378160
786043
419480
800742
334889
77111
838057
802944
261792
382429
830979
899955
147703
834734
997453
990836
461723
405148
348012
915921
10160
526594
88031
634834
784586
789782
865718
740383
43565
742736
171631
994288
922018
15524
649540
2618
107603
324574
631699
786603
913415
609185
627257
256054
488383
700393
496696
943665
800953
531815
964125
191537
264225
41989
634044
918001
883833
716617
420797
607528
547911
137761
90146
866738
625598
912784
525245
672088
293194
574001
22589
823735
424285
934806
86540
936778
546483
61123
312443
365279
659531
379777
266301
795844
47259
698484
396672
595432
984472
146062
666768
751456
367656
397587
734481
568163
402561
661941
315732
727889
106974
84102
994074
502934
384550
552715
174490
318907
153096
875392
263354
54865
601150
771638
363616
196
569657
612815
371750
947821
405570
899471
453636
749708
509100
113371
406247
63433
820180
474007
900751
627123
395054
14073
957364
534258
231265
680930
586091
86039
489823
26663
243951
924610
141561
72091
237890
58486
123067
875500
25723
727848
850497
971267
570666
458124
475418
305705
857502
60031
146124
838958
218081
12127
496053
269102
77038
901747
274442
45266
383828
483574
981163
584694
199547
999173
465928
538701
880
253592
542237
165253
883405
112003
527866
839769
855840
330589
259641
279187
113081
916560
562356
666669
143018
865168
989297
448704
946090
838756
618601
590377
665667
819626
134965
919451
592552
118281
705185
994221
728119
86457
918633
686289
940800
826214
890157
375281
219507
84911
786361
619520
39906
175753
561900
486150
260297
319205
311546
854628
714154
772774
781932
471440
580400
369364
851387
873631
149696
123034
500713
65939
113189
637005
169708
57240
518622
157335
637058
190545
612556
985034
542241
197048
353679
731107
466225
251294
593799
492108
757060
592973
863791
984022
97608
331164
334786
853566
904143
518815
237112
296418
418222
466286
445671
128073
768429
41087
420694
713213
559377
387434
130055
268408
520793
460802
75679
352978
682241
58890
176685
332498
760983
551725
746938
124510
966569
31210
47087
352957
473758
358478
864669
173757
290849
413118
603260
395224
603182
877797
851703
475115
817191
399091
732011
533247
462351
52564
787418
295970
687872
393225
753542
320111
309875
454252
173091
852632
728833
108945
599354
622046
662203
637629
704599
190954
699660
936081
352277
759801
691346
6825
140139
103047
357984
999319
900676
544548
520833
569940
577908
525133
629054
448014
766947
444934
772493
97347
122919
233521
977643
471377
939145
266846
510270
444116
930738
624635
881473
386751
231730
163941
655314
478330
97118
812018
905526
802748
706914
415817
623692
424525
878926
422703
367630
696722
140672
548643
711935
163266
827362
946878
419614
534458
624956
826894
973065
521918
115857
494895
837817
294932
572007
678471
400200
205501
134084
8988
432472
205554
769824
103428
768520
504346
831303
378469
576492
996541
622220
191106
20677
844394
335215
304518
545460
808558
208966
595462
899395
668949
32600
12516
306394
46203
121023
903904
59799
756701
749743
78442
772142
13493
377441
185222
293267
615893
685884
482946
686852
98818
950669
787486
511104
908721
454885
971621
386103
749156
245061
846375
332781
240875
185191
400609
665831
40916
330187
672770
159567
874065
936181
153463
450599
755399
737774
487628
37968
942579
291811
50020
562253
100645
590431
911990
717099
138495
265009
832162
744501
4922
646019
352793
621001
488244
660935
869296
758881
736587
259102
117627
43953
31020
253705
901717
717067
261322
970823
111626
355766
26116
996197
56715
737803
637466
903250
274343
574957
892007
831771
198793
156210
857183
98378
835291
4205
3347
378044
86575
771076
580721
16971
896445
857446
36632
827832
213719
398644
675986
847919
924596
743905
80490
45416
137839
152311
488998
8880
996854
189501
972050
940606
386410
37208
721176
93103
603479
527238
753570
724622
998337
594274
442717
11128
919832
947196
4505
675914
187555
285147
671119
622358
232286
753278
943350
210813
59846
937573
157602
800392
784751
328825
569816
719679
262926
322315
632801
941325
435643
76744
225619
36665
646342
744220
751945
508891
924925
218733
564956
470219
64705
596342
571165
797667
693980
956270
211139
572890
355173
669511
47555
628586
632269
934521
511301
519165
75391
422574
894990
763114
94873
661696
366709
278531
803039
963301
714288
870001
792607
176514
138080
120439
469441
447195
726761
459063
950260
534061
696915
305615
21162
364596
566362
632982
38333
928252
257297
900813
602482
918897
254794
154287
296757
12871
114597
621782
690314
531412
393705
868656
76811
739864
329454
986388
538105
240394
313505
785808
69715
596674
321702
179392
988939
112697
211903
262449
531971
951834
545349
806325
734787
664000
82165
843252
782539
979752
689288
623699
503915
616656
379124
329292
432516
499028
472963
729859
654513
751327
51069
234081
870046
11061
80078
768060
839426
88125
807358
443009
830796
546848
985500
636804
720894
106614
235689
803411
869437
686745
949764
372055
393020
638128
473823
281025
852804
456828
102149
69873
913688
69897
879210
284478
945484
670122
466592
714679
237160
550719
790836
488433
564273
316652
385298
802979
8846
219759
135215
344925
411454
414785
88247
758435
616059
561478
527311
653346
926012
504475
519045
734070
471836
770826
10797
863158
306090
280203
826662
496430
344672
671049
798229
431270
689551
718104
883090
413201
778663
290063
624200
698033
257646
356675
6367
89625
840785
585149
510378
946379
144677
129407
658075
63817
388723
653784
24233
808089
608751
116553
871903
843218
610955
429696
771709
230704
409595
206441
106378
317198
881561
665290
678069
647175
939343
460916
422469
733446
129042
157245
837798
329460
913683
264357
642610
646606
636139
502061
225352
61473
868331
844187
140713
814646
893844
941727
269400
614045
15133
204980
282675
552297
751319
422014
772133
860491
63273
375509
87654
26518
971064
858622
700402
364312
348770
806361
940703
620461
105356
436420
784856
419735
793357
704198
282786
63257
645142
92315
682886
162432
884985
55404
259996
565993
54810
938107
388472
751086
546340
626036
522971
835316
123835
232407
44378
966806
839749
314123
481260
772333
344645
565324
947835
906690
895382
442895
849403
546139
510149
533774
773404
632524
835582
819080
937077
549156
719963
545902
659822
714701
744661
934214
143043
569058
293400
524366
558603
233123
94450
726585
315804
198938
282537
349303
620039
452798
930642
138706
391410
53208
105642
551736
176846
17073
297070
341007
134016
61341
4169
622897
556451
742527
215050
335234
760715
186804
159727
194749
590414
910253
7790
254281
923173
427908
814333
665255
637655
914699
537766
666929
917415
642751
674478
155070
223366
522379
79791
310745
546795
497504
193780
404557
28218
301375
735165
108451
567604
640405
387633
185404
550123
707197
23420
195657
384952
529927
775568
40937
614783
105256
678792
154473
845696
681265
505934
273331
938487
67695
837963
756273
149417
405353
332743
6761
450567
756991
148269
230115
183225
685542
651629
250760
323515
304895
707784
189681
805091
483609
89558
985522
11029
650573
794813
112196
303915
765117
78756
603662
663427
59216
773123
317324
628214
833898
581465
205186
931533
353292
760793
156689
574411
32477
468873
405122
745014
552992
313801
652234
30736
710365
296270
484277
428899
389625
745159
238875
160464
851542
835809
289394
154071
363440
800363
842406
590437
966681
973644
764307
597864
316341
357224
298759
632769
326334
933939
667162
728642
197542
915724
520601
188174
625659
593515
549642
669156
203390
679998
734529
295822
589235
619813
713011
60909
72478
191356
645499
679464
54862
405341
857343
85639
375013
321960
243417
970326
485493
736089
568304
248076
652563
32286
516296
776660
424558
360728
734898
533421
406615
463570
629676
875195
26449
203393
286170
120202
466325
685651
915969
377053
966002
578260
368071
899994
244778
671869
370023
809898
89377
262688
21156
888336
487038
676093
123916
455872
647043
346091
814124
688708
747535
479268
461625
909168
427560
953452
849597
770057
123880
154538
366968
420345
106069
814050
493794
670615
558713
865865
159646
205630
133357
123661
900153
668857
344202
62647
131130
12500
161959
574789
501235
481412
159320
412674
686621
396440
347644
92366
882865
826876
375231
746086
567350
743219
46627
553254
227446
671677
25300
641740
95542
419294
454382
993516
486231
786613
744599
75867
463340
398924
687751
689298
128149
465719
395274
216929
551225
310335
793687
440010
631153
969110
136451
476352
62150
813555
393301
568458
404457
230731
155771
229693
383426
610495
498744
695744
170653
405858
542459
36199
12887
8003
899016
20628
909264
939485
181451
698627
848644
922223
552131
945164
772061
646511
634154
835357
625838
823178
903389
343157
478415
793990
718148
334029
626156
440645
115003
140052
509526
855838
504245
675455
708136
125080
469815
945638
505416
939376
689794
523217
41390
838373
614496
265544
196651
499321
242795
616585
428552
172651
58324
231387
328859
398216
805086
640441
988049
148567
378138
213170
181651
621653
818048
335947
943190
455419
946922
687122
408218
948747
239501
510124
426044
412336
65657
226206
60741
45295
640049
236571
275524
177954
623254
349184
425623
629136
368819
974114
964945
607732
565747
40826
39483
117916
876796
277993
470160
377106
764421
314446
413662
578666
768914
129122
539952
982218
652289
716442
381724
11123
34536
660221
946758
123349
188878
629882
907596
840046
422085
264311
730323
964218
464531
938791
161079
326478
511066
404319
639738
958167
913156
114415
327823
425281
843337
965057
775999
986173
443915
23564
111501
452853
121630
506379
126578
971161
902829
80099
785499
526170
381190
526459
402438
986409
457614
895441
605362
300933
30608
742283
348397
994999
466091
333768
637131
765567
373953
48593
767724
354822
984037
55770
27925
494951
122162
446066
343774
352187
721117
21106
496482
821551
206744
866500
328372
411333
709909
141470
978010
702541
242380
235396
908544
273081
27795
703444
233162
618864
621330
107013
789098
112448
266771
301743
356937
200427
993514
640034
444194
942315
833899
839092
985087
978217
9601
402788
18805
874336
973312
572022
554579
310504
916050
430578
102571
778409
152293
614577
835721
906721
688663
765508
880082
110353
507840
505837
976130
327352
913345
851351
661009
226133
327468
934084
353079
320791
310338
351931
658378
588690
598871
230869
79903
999113
383550
229734
190415
356809
555937
307951
176210
21079
161132
31383
187839
908368
523573
733559
641846
134545
537242
579036
602794
115851
150731
551114
101309
823959
56634
907824
853035
962771
215228
43532
627778
881942
856707
609698
641711
7564
596019
706310
568940
410878
365599
95905
86176
676979
644989
492260
683124
175141
863373
262651
325522
161900
465498
690149
102653
742466
850318
695311
813263
692151
321607
712268
552690
400400
97905
597796
72726
22492
691184
7374
459348
525109
852852
820171
233102
709150
17017
443881
375160
491224
651593
345357
403362
416388
471730
135787
909828
427019
453684
884929
758792
669654
186789
15878
44769
53878
483232
478178
417984
909730
112355
386813
444861
256455
814320
685845
450325
731445
847741
693875
832684
653665
408804
569172
810979
619499
871365
237035
988106
789238
453159
733174
740380
846397
801829
134333
762224
766914
74089
351665
829414
733923
86131
872627
386362
890203
509685
877435
355841
944854
827257
62079
125825
720824
993176
228750
402538
351942
488876
529248
246032
927040
228590
488839
535386
684143
876525
242219
963788
694706
232670
199448
881542
34604
824971
914620
214542
924742
570551
794642
975662
804810
64034
609389
765625
194722
218741
580558
782235
210314
914564
385354
501970
224831
369061
749516
816795
213760
609325
714516
602486
791057
78886
12142
692878
344173
643668
692473
418933
486634
882394
871824
416799
248133
332935
863197
277195
192450
368020
646125
393026
918912
19723
801774
790867
724831
100234
441247
206535
325736
494025
535965
81428
991755
211442
500607
511641
726940
919768
954488
623218
314750
82285
58347
793707
581433
164626
664671
15832
281484
708723
115475
533556
275272
786116
800291
513957
505262
348572
281937
234180
254192
492385
572072
656813
298590
363359
949866
563532
916269
272790
486046
98228
582607
24688
312720
790882
383315
99651
520511
22996
905615
633748
29120
560890
601289
333421
196394
91211
936405
347325
652786
471467
608960
51974
391118
370461
877582
89756
400859
589468
877653
71261
14813
848060
261838
64958
413439
245729
695966
171494
584271
563916
893150
263158
668961
73225
583889
179256
409706
637297
419330
54430
726175
646051
825153
207181
881672
842763
608402
583453
221958
576366
964013
579488
227842
792895
711067
934609
263645
719762
287026
404998
433057
654492
507889
33600
524396
318182
994571
824745
533634
818793
564534
964742
600775
205206
969273
464584
728068
595265
812954
26623
114491
864151
257281
195522
700986
51284
60917
852076
706207
360073
996007
210527
960849
504097
347742
951816
671549
182129
272411
804377
647566
442169
566742
582764
113792
780156
409435
553667
131127
945711
763595
80987
147535
349329
612388
494632
261606
337965
884227
962485
679092
839877
507914
809047
422964
508164
983694
259436
96568
825985
606788
581421
889583
163577
252827
421187
588275
998807
763830
693621
456924
949476
805517
424208
79471
796525
833582
58612
52697
413601
554369
910969
821365
403477
528223
626271
87406
370404
389445
589399
148577
599772
363877
51912
381735
148426
213502
327269
308363
121162
409247
658315
978718
425763
115886
741709
291066
318650
224930
940076
756206
674281
169281
773724
885802
426869
592092
732527
385309
912163
191228
747764
360541
866208
701746
635631
84983
755863
63416
325416
153500
429663
754939
427835
994981
563309
376913
761805
778475
951270
783509
77570
754585
893633
577793
464978
732590
667058
680855
531847
666167
500682
59216
528618
611425
541862
141358
912393
748980
961519
701754
435780
632210
719135
470156
715040
575591
143385
805188
969470
901437
434876
235426
84063
950804
725991
276921
921264
40136
589802
905767
985462
738561
391252
626290
614075
764262
914431
798727
891912
676763
320404
459949
335396
323719
537815
302637
949288
872884
687319
112234
365351
762483
535407
763864
963273
88937
135080
540204
491149
841842
494648
634417
881324
954263
629983
652147
429930
611853
546132
256499
924208
630823
851733
487727
460081
448463
237790
668977
343344
488960
903573
124445
965340
972412
904242
584127
292163
836156
43219
157753
664917
348633
449162
772594
408661
184290
995796
803839
232713
301483
938047
971912
238360
209347
642412
708289
493690
167617
169116
290047
474779
134749
84693
491772
193684
597263
154515
197774
171539
894671
851142
575907
821366
105401
594743
666362
648615
18431
185814
942981
936818
872856
96132
698311
347982
641414
74306
974525
871747
597767
54018
284191
825583
38638
433528
521512
799333
10062
123871
656926
740735
660565
629792
284673
300537
278889
787130
201716
355273
125862
235395
718706
723771
807721
361073
499984
261055
287222
371524
563224
377692
952570
386232
897820
251556
521410
595309
344663
350671
503007
723898
82004
70214
947071
53446
278419
193999
227427
695912
377795
640896
984351
98136
750875
456406
579908
156421
303281
916565
33573
88042
502855
801776
185993
329032
788841
333569
166001
758709
945149
195614
972765
133546
326753
387159
176391
715537
518488
564080
178244
127247
748094
300997
68863
908934
720559
797257
593595
895879
818952
187954
685554
351893
438988
682096
441082
218968
910705
750311
194617
226754
951039
298634
648500
550827
366801
469004
422685
411063
433652
210803
723119
437260
231653
411300
530844
65511
664040
966543
227451
938131
159675
158164
132278
694886
413105
295541
711459
634750
989898
316534
939571
776447
296246
706255
905309
325236
218343
140629
357995
878586
645311
786385
580321
893359
706686
37686
377427
639670
881608
382529
84165
621572
66048
57376
654388
527907
957308
345127
961927
282710
611351
949841
602600
199471
642266
706351
785261
371362
444260
12570
162125
536501
967720
324627
841091
135434
131256
229316
249275
51651
213392
312499
521362
993458
124574
499428
408287
96743
636791
836486
123269
562071
437198
194599
160151
89229
229355
539197
79680
94332
102760
346177
957550
782760
839256
270132
271706
156433
663103
904797
650824
531479
685003
580109
867973
43355
787449
371969
616882
781433
379537
192494
834709
589426
752536
8756
112836
174057
228051
155088
513451
2216
407760
142742
505241
866294
382210
954852
88046
819540
623977
988431
968157
507202
914559
771248
14063
772915
881548
4829
650525
42626
421350
917634
418290
38535
897770
150186
99848
661097
577307
461501
33735
961286
501393
873828
580576
733644
240225
792853
255450
731515
976467
295418
795784
602526
256274
573079
316263
964233
30779
722678
331198
91059
5575
226254
622904
496709
91926
485949
548592
893403
741845
671183
756874
87486
941517
426496
136058
758320
124450
311187
279503
488356
417650
69456
612056
275349
992848
323461
826339
865288
605186
893486
214650
305567
23024
811963
647779
819079
267484
702680
501743
432390
239271
388259
451225
876212
421547
631408
49856
562002
777624
261600
358033
218923
335738
780809
988899
765851
242134
507554
47987
303725
255933
525914
704079
193278
475279
602991
800337
359984
593500
22695
142423
742261
242428
74428
709283
804795
553311
487273
237347
564489
374782
438020
170697
125445
626115
3567
995830
167560
237524
401551
778896
418397
287037
67477
358911
577602
549499
642526
215676
873386
627673
628825
47472
29072
513396
629830
251963
263912
749735
507342
669022
395154
875882
257416
534625
232757
158977
171186
738597
122293
74278
710617
449739
153501
104244
898167
44025
469568
63587
72729
150617
594354
993703
349359
863417
828146
624005
276926
492010
826419
484289
774715
408966
718102
618185
6618
270963
855266
827432
21359
663851
639723
640643
817741
925832
313131
532103
42220
495426
219445
685257
16544
380648
466069
431232
54888
935552
713300
840752
933074
175713
656041
290314
479407
286820
710552
315216
922213
884068
852330
479896
184402
538547
179960
146658
719769
90836
320756
223841
782684
950652
711451
114
641674
357741
759461
213568
41926
281682
600673
138404
737362
362021
181411
790372
894623
182226
539915
680164
119943
439999
192717
739622
818262
988169
772490
21899
409436
259982
436485
660154
545620
309727
516936
105451
681817
176297
447563
776782
85543
360938
520306
410463
84661
79442
98125
808998
635653
377977
972723
857787
770235
788785
415697
92421
524009
41256
677809
430716
956141
724562
785381
278989
82005
103614
290654
968326
991195
725349
714869
495486
853777
355839
911408
681141
981656
103822
794794
870793
540089
909862
434338
695615
597861
645945
851139
409388
704754
2108
808570
928370
114448
370567
29684
660201
37067
86051
249022
279973
220533
442113
743324
199705
594734
150059
958840
242901
327347
796776
470819
378167
647420
176751
870529
505226
711179
660469
286168
411111
701
114844
574404
686410
712812
357349
312811
95018
916074
556371
472848
22340
106506
892414
435588
970982
854149
443858
666888
699179
337197
365303
676105
276039
446492
77386
785830
608010
724562
460796
408428
482312
265826
323595
563322
214172
514451
631012
889230
401395
883245
890123
291516
602456
637869
799088
978405
917290
613524
425039
213717
449605
611167
110402
510925
734996
420769
167936
629591
342009
340376
708927
288340
282134
810934
112810
347049
863124
295715
830741
99834
480282
618909
241772
888004
206972
650213
261244
723076
878134
104985
712883
658571
248083
233629
527582
1431
606702
532858
625002
838865
74919
817676
254718
991511
570229
705607
861548
784244
950701
361493
69005
787964
241274
431058
819088
22740
414394
311571
785318
479151
23976
986448
40838
58009
64827
381264
719322
116710
59493
435944
746572
663831
497725
392392
229831
340002
327087
546268
559710
362569
894710
519838
564572
883498
655024
268675
860923
978966
135181
945391
95490
416285
970423
208928
174336
128272
332525
846
270651
557475
740979
189172
682676
625441
46630
661307
19645
41189
984541
370543
988225
938532
775627
833556
164966
12877
897180
269627
659741
543319
764411
197635
447836
676106
788398
861440
826106
33134
90770
651304
203594
597815
585977
781878
362381
691538
106614
251933
550613
655420
573068
668895
907461
846429
58526
163911
151087
350019
834226
814629
320810
333953
759490
849567
443710
654231
462899
199056
951769
892114
336360
185762
263960
679279
327834
932948
753229
634256
811967
878044
876934
522945
768883
276586
687450
680127
945496
364369
171641
398228
472820
563300
653305
769234
502879
320459
624
230142
873788
878602
957634
568943
794635
754473
961281
332626
935461
249112
804712
33837
603360
157297
39220
735201
238096
878950
634476
463769
821945
784385
930800
763461
93396
379760
564693
434600
982661
516596
467728
816569
793632
607730
607937
731941
265029
73831
731924
390341
548622
400636
379059
671665
176235
377907
712873
509365
989450
180254
232445
305043
958330
727457
69769
632924
819845
884534
712583
450335
875832
182243
414878
27034
816121
768148
978824
804756
295478
929251
600205
812776
131223
232995
964244
556093
968329
907234
151141
827486
575519
172
237941
207218
978022
244815
679958
462267
78238
633783
680837
640178
789919
126180
892704
208472
697475
807634
4243
589371
388321
15002
930183
504913
197690
647265
463364
876643
757294
942739
640257
563748
936116
208236
534758
302396
749332
777695
875121
476559
345685
91366
95220
903876
84333
477274
894050
260783
105212
400622
194551
499027
794771
301421
853290
866547
627439
131399
131462
988202
9093
891553
995665
234940
840746
349509
547132
269279
203305
210240
553761
601947
242384
625829
662521
429567
111364
652376
122263
384514
76567
477548
768891
430715
990690
206961
588215
944485
618077
215110
617696
159006
585209
927328
27354
255762
2860
284211
884792
251934
458769
375595
496133
808088
95375
999789
733405
410038
395353
235379
381651
350701
725567
29702
348148
292086
933690
717874
760171
836610
271427
808130
56953
504734
362659
982538
364374
636663
601704
407097
825678
740421
325727
993089
897930
835504
44352
102351
27416
320183
506465
179172
488562
788352
44225
88263
852463
603465
700974
918419
164942
537108
475296
770
287572
45794
689756
960784
693912
275068
768131
291326
616424
150799
813448
440450
831481
216058
230454
109722
33788
739309
545627
96064
819521
632750
424129
219639
141859
721001
899251
205189
285115
332516
896443
692209
961441
422436
43132
449147
398214
868434
534197
774793
382747
929625
999090
376791
741098
780491
558808
622155
435553
358026
247549
756594
290
416833
390779
277694
135038
365479
156696
617991
434167
605865
851758
153463
59622
96024
906139
148978
58874
173012
29522
208392
918293
856035
903400
339320
391565
966651
987958
629974
879227
840974
436831
396591
851995
853065
962007
312668
389081
34744
312494
1932
202792
173833
631171
369008
615317
909812
359552
174125
140885
857221
273708
719363
769646
550172
965308
383119
114065
234550
197396
969150
968310
244052
831278
222201
330231
494045
754022
719094
4763
435661
502473
910200
766400
932698
188182
671652
656785
304051
856780
233112
253793
386137
327257
625866
462868
623571
188646
398543
991001
388447
972227
310348
690635
884888
529148
399319
452009
416886
285775
517540
56686
895351
713531
982922
23457
278701
528475
877036
983406
74172
754925
939114
855281
407497
233588
999460
47629
410718
68519
190238
824660
409046
352261
549101
545824
199856
514281
966863
514042
589396
512350
837090
96365
381988
434349
209553
688618
682342
803049
654868
754225
886290
875309
11411
826623
252030
816286
340610
108357
901346
568437
396984
259366
593532
205115
777807
459503
471965
248811
690068
707291
34876
406870
232928
36786
134072
554145
544770
151964
578218
51199
388948
154886
135599
797838
670520
252487
547197
93035
371174
186098
502166
487376
437112
303665
267460
224873
734975
418337
773322
750520
388851
212577
276689
839712
534932
525215
576894
6355
366162
221413
570604
619354
475481
167997
543433
102880
309037
26406
860865
643514
749822
756296
114540
222841
788148
225278
472991
467109
489522
400482
480515
603010
967797
509167
795777
481632
768717
52863
60750
463317
320178
34072
660913
529512
833414
750878
83448
637831
787087
743216
663016
818116
190936
439605
88022
317370
6956
206023
446840
27873
602667
409121
471485
932567
976664
160739
151639
648564
596095
202721
854426
792294
58718
413090
678087
633257
265765
69563
961231
809294
88535
326654
567025
290650
181517
708440
234844
136564
149557
705745
885601
125766
557042
679921
791117
948301
325854
941368
595893
823538
523921
692065
187137
147373
566924
745835
604275
983399
431811
120640
22376
924904
533088
404598
997307
938957
47763
581388
230145
965953
762919
102538
951439
846852
319712
549792
946995
687400
29761
822031
385553
179191
108256
536353
637342
29202
547357
310614
29728
362705
753662
594038
938011
709175
694740
760905
613963
385033
118774
575592
608678
197408
539259
450405
477015
932139
176598
457625
366371
36046
807138
802564
1407
292248
179219
317592
72679
304797
842288
156161
772201
971228
250513
821068
209737
458274
144214
336159
821877
453936
316711
473258
107963
260363
85436
691019
966282
371682
546205
864645
677674
569895
603210
973591
334420
993238
352610
493841
124905
500492
560232
161518
12694
983077
759629
863601
669844
420454
975065
444743
397433
379131
838695
150927
971797
988914
612841
796679
683119
879505
339311
210436
210200
429997
668308
611321
806713
145388
408439
155159
536667
831374
86900
874244
241947
860937
148280
689451
370979
255736
680826
256672
318542
783014
915298
159963
330217
927506
961861
27509
315404
842069
779323
552955
554400
243100
753364
535008
99216
556287
555301
866592
574111
20442
157184
418306
606332
361199
563010
43199
289545
828940
725148
301428
997026
484038
61017
373628
113061
471386
164399
751049
41252
918961
18863
500185
907186
183541
399186
982857
204293
408102
705865
529404
321646
434470
452821
975565
339081
743596
247247
157945
535507
223803
589086
957037
825323
72561
250759
638520
225887
10607
249758
881761
310781
916985
175277
940979
841144
930909
187769
733105
944344
482
223779
259532
825452
220662
531675
528432
750648
707418
89078
844980
643012
319907
882464
244220
127911
490043
99983
795682
806800
901280
658981
780955
139231
62800
194068
655411
368915
415457
550412
900462
250432
432343
652317
945733
398473
463894
885076
182747
641371
459947
332969
802854
781748
11905
437517
781345
490733
932295
667365
241909
689161
188289
854641
158856
414588
16279
263330
301446
810625
818317
819806
640792
713208
103897
989149
250447
96641
492812
991623
296671
909944
898217
474451
742264
231477
397489
353097
725400
265088
461316
308971
257394
787763
613252
568947
862064
136592
163678
898400
275743
821856
220177
943122
265524
656062
690801
15798
850427
908541
380973
750861
544926
297277
216193
97714
931640
334205
876271
810136
497326
491141
298954
599842
146505
411859
357591
531073
857225
660944
223073
108800
577734
511439
304587
173028
703590
703235
212610
975446
979542
329610
130128
290686
749046
994769
760790
333542
386296
342369
424549
313513
777879
878804
476450
223616
801336
963406
472080
746864
589778
772571
166010
95662
103760
334539
959185
219601
728286
986288
975004
528434
28989
401050
207042
408984
861352
147117
736962
340535
173729
508798
153986
124995
597981
354040
249233
65227
676422
985684
350529
707018
121650
62472
924985
783847
185476
688405
780905
37342
858113
12104
895886
650802
701035
724528
942993
166432
741310
698020
178060
830519
222326
793715
723741
135106
658159
162945
173579
831892
335466
470330
104234
638515
775154
213462
303207
164782
743133
999953
410071
136233
626345
174618
117952
445042
628776
315266
32800
635757
214606
197927
922485
629009
840493
527849
396649
519398
511890
206711
179972
351506
469083
121144
512187
221572
698045
176887
977703
742707
426506
377183
627234
96325
11002
506764
614481
545367
732044
6728
502332
90244
249566
645581
577915
363505
280701
394328
114132
202620
175211
625034
129713
372560
272603
740072
38631
756028
926722
699784
600481
290562
68310
782610
843945
249170
261262
483856
539547
868064
419841
476018
474487
860428
171241
432622
509673
16083
534737
525031
157757
593404
576694
830988
727957
420451
610350
750940
446090
841079
85805
450190
835539
466030
869624
920063
408879
445782
292765
573204
704563
472871
689860
855101
753017
239489
508645
463703
852600
810724
817909
737907
812325
632715
358100
511077
799772
13
991147
552221
193883
128806
196924
955160
404014
992882
938749
339357
887221
821015
663038
871231
48986
577782
12507
214167
209099
753011
782785
549330
171102
712056
947032
911323
812099
487059
901000
580227
183211
90708
118249
530465
102693
863554
807472
369365
600627
741797
958415
246609
502934
62623
58580
48624
725306
351783
477729
330793
15081
787143
455025
55979
785023
986817
957690
885665
131044
827761
573168
6419
370092
579097
721213
356942
820380
847999
583892
561304
255092
26526
559210
771485
328323
776537
642247
138264
612005
230041
404388
997887
417348
990356
732850
12545
494763
188095
370038
365626
963644
58403
40628
365053
771125
770955
472663
414863
97348
536724
644166
197143
531669
114292
183150
60605
617695
578606
724715
140455
122741
88760
361782
860202
475628
5261
251148
217782
176922
918066
75238
24747
670478
615506
218236
369020
755556
347594
262250
669674
935103
658565
386795
758541
997848
74384
753089
68497
848029
313258
738278
505021
866429
964703
484774
716015
817633
342516
639204
982734
700252
1379
80960
593176
150707
537473
777375
947538
291305
470076
524571
830299
174518
257763
848279
596518
522076
572577
864655
659221
528202
192306
355919
695948
93587
308806
824893
188700
681398
352483
327565
701067
37317
756748
675391
304792
666102
472652
609317
615765
53905
861699
127442
741279
904881
474985
386733
417799
20638
687378
511315
493756
540120
66141
749850
593090
219178
995110
435657
940621
481594
236480
206105
641785
241387
761001
147823
813329
942473
183107
675677
969418
108589
362148
234866
393895
782726
188514
686438
108707
850597
365672
893424
914454
40948
884931
15756
98020
202540
893221
405331
134973
573714
133559
367229
379535
485996
584783
416746
962717
683097
853295
115944
458679
444007
821913
1848
366127
35423
288373
257691
979298
212308
448070
20032
278849
224683
8923
969686
279913
399617
40022
146612
417047
488593
583148
329870
443992
66680
303065
309903
761919
456583
698015
318763
611131
940084
302266
371112
29828
185309
84014
637923
669295
753566
886240
285849
589560
223324
461243
934511
862161
135326
765971
966051
169716
301543
851434
992188
336906
288764
152136
237933
164020
232594
201550
664418
67174
905338
886417
759211
427557
61244
112541
318671
844598
51394
701232
493786
964253
401373
488192
313863
855969
733794
62892
962895
362180
194027
232736
857846
266774
982598
224732
4865
608336
459668
248531
328328
128592
266131
405008
920730
92349
328794
56851
296350
566609
330609
263808
215922
587094
244329
3382
408223
973933
218752
674177
286485
319361
320109
621320
723811
374897
346217
662849
942723
964414
166679
299449
584970
782705
667409
123248
511181
70095
530328
921477
395607
438751
384327
999687
730235
157588
948051
308208
498304
791020
808218
444161
335215
941779
323774
152180
779078
576651
861708
44744
459426
901486
852970
929403
6117
318454
975749
37626
663866
801340
28560
742550
35244
704603
383333
322817
691820
203193
739641
799582
884625
291399
599053
967152
719208
848697
654309
207824
969795
258343
231028
938869
945778
467676
742689
735294
421886
577073
553979
572176
254992
862089
184967
442382
805464
439871
873415
475861
400499
355147
831278
661213
653538
132960
142662
306730
171761
481845
174427
473933
414133
876579
709459
108990
988780
908806
927963
920349
750181
658165
181642
620945
926176
214138
672747
481993
88671
809883
20909
846359
845052
380615
610156
95306
204794
755732
571028
128504
73508
730210
515882
577627
837015
668452
288729
760937
529080
320518
431418
181450
920527
95644
687524
374640
175488
214641
597074
30784
989290
547781
744091
120307
76513
755519
736148
178493
655371
537826
717110
109125
205655
143169
300786
912018
144169
330034
622908
501861
615821
243027
356670
510688
628216
357177
560453
588922
954359
820055
168011
366662
842162
233590
807672
998088
49015
672274
323657
812124
220984
267751
826033
543657
144429
525117
952013
167297
579763
161313
85128
317813
543423
830342
121895
425399
368477
477210
71970
975014
557136
621004
565562
77423
57859
801576
109232
289892
657720
465959
425780
972460
741369
535369
891985
350352
703054
957632
285088
531486
822238
282103
157808
312382
211677
445757
906450
623065
728069
336631
444535
580074
462843
105229
384143
556279
948470
544690
565428
738692
751992
766450
827295
640710
435955
280837
383890
925613
883885
822652
988301
468353
569075
644627
500905
729200
581309
904264
394750
966206
886304
394968
636715
534040
275848
146114
511684
334290
456521
445765
247691
706596
121715
764470
457498
367180
360036
681638
981633
959280
475242
746473
480727
555432
607161
455731
700434
356576
707488
710594
698373
962112
402486
454113
884835
586946
230129
824571
526906
596395
762868
21493
892792
348607
443014
252392
974930
217410
153746
459336
823701
791138
931599
88280
989257
355195
257033
865905
671870
484880
354058
36274
195265
459875
468066
782251
239920
717205
605322
188161
838645
519410
946114
239582
999599
69221
806370
427889
568644
258501
443247
183046
632964
68618
641248
868710
95539
282175
202031
609405
474997
134397
762411
829295
940516
477624
407789
115532
829680
174990
530922
246349
5603
556090
39703
49103
626226
726029
31345
225570
978645
30763
269487
52158
516507
882606
171336
657719
305391
959039
445888
436361
280840
631860
965590
758763
469708
959366
392038
209232
857241
59947
931983
67617
599647
46598
586565
360058
391499
333308
134104
649113
121120
811954
650044
731158
640991
317475
872849
105579
487315
536642
702278
107248
72512
275890
212999
160751
497038
169439
434796
385843
317336
150461
492156
857756
611935
716842
838248
403610
123644
853811
228908
756029
438213
330466
551666
554968
71257
933707
154765
709062
570198
179846
392945
706792
463303
503174
791975
379628
555316
864348
872904
711349
258350
357530
508272
986056
344632
256761
513073
746731
709534
569499
133822
479890
976884
497500
767560
582119
406889
227804
908483
323809
898838
383881
838969
982818
704289
482615
189204
519934
533962
258153
632200
794852
574100
411252
391270
467430
414735
592947
905773
815769
338389
381444
640913
804037
366046
45441
104386
775349
398660
115578
406656
579387
359696
781481
482445
906716
954348
504972
195404
603908
35214
702804
727966
321641
703762
421181
767314
484482
231759
195416
579576
664249
197730
970363
145251
276329
752075
576666
590064
848014
61057
114752
893490
481458
153309
6724
886410
997812
652082
749494
588403
496088
127738
309063
180684
592310
253714
579745
338327
386845
653486
261136
289710
545795
823215
762357
987758
697861
167554
240301
239021
366576
624644
199996
200273
159009
984638
87270
565697
908068
659850
952655
901138
325275
474495
127202
27463
933932
17476
536383
410078
262732
931366
997585
926623
427897
600757
556403
261984
635530
487776
472245
838725
894021
760409
132180
454666
384718
352429
222311
624049
57944
522826
2042
774258
997342
711796
696317
667568
567788
679791
880060
505548
4005
67927
208762
180807
875676
713303
371492
716066
906795
965850
173993
78178
311688
159193
447193
27444
290123
239830
976831
675806
921398
358342
609115
346028
324935
419731
227035
807463
513932
272765
223757
676581
312559
939595
533878
728944
442441
407679
443382
449937
705605
847546
867492
552283
943786
411827
686957
641029
235538
358852
648056
522578
436602
801576
146198
753410
706570
85602
534229
70044
825092
205599
358287
604674
546604
338776
50651
41124
653021
167101
436359
107224
540803
963036
184900
557265
629818
757029
358817
750714
271630
281552
341663
898704
2708
823562
979020
69309
804960
699196
397520
631037
663277
876354
54096
696997
343824
254402
830580
498463
738031
171834
663515
805385
674464
525362
700631
554632
865661
964992
504582
701588
230019
797351
16969
372314
436679
763008
416319
785868
41804
314757
756655
546703
444246
648149
265366
641638
932870
534491
245020
128434
300403
558475
163461
585302
890431
517734
458729
454766
320895
793417
527750
499538
683806
407740
671850
867053
253911
192368
760005
659219
735784
399599
54728
803542
846120
319350
472670
858357
993922
488885
344783
573696
814166
423534
383763
142441
619548
659338
21469
942031
261122
506534
586630
516735
575085
191485
569028
906211
879721
480951
71551
40428
884129
474139
315663
164528
162100
378446
727042
481789
66097
729805
148455
707505
108826
14145
382458
244399
879593
950711
748778
648341
284342
220289
753738
760200
713185
396705
792525
481006
720266
368568
654215
989852
839922
741104
645553
317205
2742
665454
494033
135044
303766
670465
307854
143012
637291
309974
596351
261792
72891
26700
863791
880649
642715
594860
588219
866779
126300
728477
486310
595402
614010
890661
642420
859640
647213
806180
474310
556241
711436
398369
393053
939604
665412
599523
696637
637708
830043
438166
527615
6228
369843
72566
692640
782580
318345
102332
689770
552332
508486
764825
918332
156432
266590
997922
306928
922309
168633
66347
374554
195880
380308
280280
341962
651048
181649
182120
895797
13630
550615
620681
90654
978210
675323
379467
502766
980059
245159
775536
346906
28072
784394
70204
702744
578034
577507
860797
589609
497571
94941
716869
794610
391493
188781
598133
957681
946148
659327
720117
784237
533536
826316
153419
668873
375739
682228
832235
400283
762444
757021
609315
630656
398501
601677
753828
333303
311388
539877
340084
248261
97950
276101
742227
153733
289186
244662
120006
358062
897015
995448
999481
319421
780770
361893
348131
853419
515263
639919
320439
893066
90738
846496
737265
913463
501019
167407
978750
116724
214126
964509
556569
589934
108293
992573
271960
312913
106393
44691
4944
26127
631898
653077
602794
90607
6752
810871
380135
680102
655128
729103
482358
6245
51276
707549
82330
585977
483468
553049
538711
971469
670645
468713
227893
61004
1838
902971
427473
845539
625309
981559
59344
159023
378635
538359
790999
767860
291769
782187
437182
319325
30164
750507
694891
409548
618835
320293
32458
695031
262908
274277
253283
11122
791197
476895
296718
949620
249938
889244
277272
39333
297150
887016
310848
464725
304550
170083
578016
117588
41466
597631
581224
306240
658585
500375
102163
250736
197941
688680
865286
989437
571460
236102
72177
238499
219325
66073
901800
455094
710698
728409
782348
719643
74988
851999
769359
514328
96543
6910
591472
705152
76069
494850
288978
782265
949555
533590
316867
124757
269611
694378
267618
911370
898982
602412
863085
35210
978675
343296
669763
101415
168761
419963
232348
653298
368977
430865
918431
425251
63124
434408
160529
410799
60563
166102
693491
396457
510899
727534
644838
934460
486364
710813
491611
212372
313542
73396
483767
744764
355524
758688
327630
654765
931947
14301
403952
859164
638871
618681
679477
305304
957332
369108
881442
669890
66827
674426
452733
309465
625758
71060
726605
172493
811694
933607
860836
399541
52581
770365
178593
809891
767519
150175
400451
533937
896732
440543
250807
879364
744985
926732
480009
599976
71463
184968
466098
704638
66875
286218
418984
629976
800691
414636
91780
785153
442089
862580
824814
642545
660559
89381
955915
799520
154150
941298
809450
467006
872877
328412
195072
45763
695205
593748
148818
921132
14976
208028
779233
452965
707513
171159
420076
432343
814421
549307
122677
426696
719453
178097
312444
633851
849352
515136
348774
827929
879914
363913
335483
254397
422522
637467
395409
428282
291451
792871
874575
334772
261628
322267
182791
5616
249061
767537
407151
400750
524381
365920
353443
526667
831847
544623
687015
44100
923335
719022
613755
628396
378461
295595
507779
781920
87532
770544
930296
942729
453998
732917
974357
530977
635960
795114
516620
68267
579068
454156
879348
520120
833119
298463
673124
617565
881538
401042
963055
64224
127662
101994
577542
516153
335378
61544
193258
754437
57325
417783
967436
991436
715107
58350
390372
915315
100132
664190
200639
248638
254626
975628
883544
309403
908551
352348
128069
292869
444645
561702
905376
717599
40866
957087
550796
671895
782994
419856
747477
543119
357692
154111
18508
336748
319246
807457
195421
677461
743528
427138
198471
61757
524185
849306
194136
813703
225077
448204
122556
801529
75776
40860
703055
492044
450469
452768
907841
213546
796395
918402
761736
377615
514469
136470
872321
755890
966353
729645
679693
986180
267017
696145
523765
562037
349039
814621
146158
507276
443565
946861
618526
688693
747085
295183
737779
397173
168625
305825
388350
559616
811239
248227
502366
841484
950909
51373
2916
830777
231495
16556
246655
906459
164554
609533
184907
420762
715612
58112
47273
196311
590980
157711
590582
929316
628684
50644
64919
258065
82914
61146
199829
311346
124359
21712
979462
858958
530250
261304
32762
987190
338537
428660
633902
597568
475679
354675
568155
314255
732778
781597
112681
858829
53555
18286
15477
869243
172503
245259
517948
641567
405584
555995
6894
294609
417091
736660
370039
776570
19386
480883
544989
207551
249043
920427
571835
627781
959360
680944
494128
167965
894726
577904
983694
820632
203250
22790
188051
596471
270254
364741
683419
606998
309546
981008
900024
353995
911713
448000
99590
567770
801895
585171
765778
421711
804309
668653
828232
872480
13372
365048
494970
660975
718501
99420
957056
431363
69281
951423
292253
446417
928330
820247
239346
748769
185783
448010
540690
993209
380229
895074
807510
778075
392782
601682
600347
963214
37655
606842
269723
230681
813498
574043
388029
12647
965028
728086
688099
354333
19485
110063
453685
789484
321800
135944
345690
961058
81168
416741
547142
598709
299887
191681
212979
903990
168409
693172
969880
169390
732205
165927
190086
55534
18420
588600
833671
9113
318920
517642
52354
359521
620794
31690
909530
343248
288572
413413
554558
572170
769142
242624
886629
151521
523991
613584
725797
744827
481514
453661
309563
113562
312381
156883
965764
927560
193985
755440
707270
332044
633438
665331
659507
136007
984178
614508
491293
290299
511300
188227
797167
153901
410294
640860
227567
482011
804525
177812
432480
333619
404060
263736
668722
443730
426001
177444
276046
860714
202477
833675
825109
902756
400791
570738
136953
779029
434130
283303
882764
800927
144933
579582
945400
970888
212355
601738
805097
542471
758987
395200
816821
281875
995875
800750
840843
673302
35453
888054
166913
363994
490676
646617
165391
528675
147102
135049
84755
498729
679938
729381
151864
764738
926073
370243
242574
41203
85308
744800
757604
149393
175327
829052
37085
139893
451819
300000
651089
895658
663245
792836
930026
254961
164418
397548
833752
388925
7903
791100
980430
814472
477846
926600
89801
863374
950583
495776
662826
402167
584458
666535
158891
295115
198204
622463
1751
488360
513158
699464
212436
195651
176976
333706
258892
534301
821165
161242
9609
882801
661131
17011
776146
302284
445855
186525
3096
428142
422545
254247
54365
62701
609381
573745
433337
855220
531674
656189
109579
931497
972730
570869
899478
345390
555615
273805
534166
95372
974441
394905
873269
666066
354862
534182
585834
927192
909424
734278
991124
658421
191357
530815
989372
200589
412562
650179
280122
723279
547214
200970
867505
307609
729116
292037
703692
457155
428664
792861
337480
840612
336040
321966
545900
523237
612981
932422
530461
819818
148947
151971
653652
443707
644407
900226
609186
542067
29979
228869
911431
656723
11058
466987
745255
445703
929173
242971
638628
479047
192239
149277
987472
637575
886531
262564
91955
643456
250562
678920
991571
46705
975077
441201
422623
288355
664392
432273
416844
315430
779502
341548
682528
103028
333158
766082
821530
827094
545942
288989
797753
223058
922076
489753
474425
725817
153738
363997
101493
823685
349446
12380
254186
794420
147767
381193
771487
204001
614532
572719
976260
946100
423086
30366
495781
743468
169469
710412
941688
850986
4025
692870
137135
210019
474496
197881
487509
378309
358162
512345
824836
570830
187932
91879
674533
804453
671511
534187
120135
759429
843856
823151
346514
408699
344766
297042
734664
625410
955636
755295
504050
8457
926898
556356
593351
997933
858812
11147
307594
957390
286526
634448
66656
653867
6849
522910
527573
289221
51608
13591
248775
532740
978398
205271
280274
565129
946635
523916
293483
498615
107904
848943
34061
707427
421776
738354
961619
35560
980169
938113
319552
421439
397265
249849
623425
940106
68011
440640
30922
140089
698047
633190
925172
426672
266988
574626
308730
178629
914999
62633
969964
715888
775455
92336
706490
12332
691687
145128
412619
280507
193567
628751
14605
986989
992961
843644
170670
537954
415561
290259
458954
453845
774634
624105
601729
336378
266047
162135
145147
253152
882724
324053
620157
504117
138043
354435
369835
233071
229461
571227
982159
951298
941044
433984
367891
529923
890703
260440
548150
488778
68536
90610
938682
606578
736189
242831
386893
592932
603670
602389
772439
378933
611465
370990
921192
687955
48208
934426
6396
382426
419613
911763
134702
938673
352080
644906
467202
593023
204003
532709
465562
962251
624341
464002
977172
729346
545732
886059
449320
309835
617298
708956
587427
986262
179722
568088
886232
621872
781666
439701
40536
412893
510536
884058
440915
386456
446857
24419
615678
272961
736859
503528
551898
380100
163782
239299
28868
606902
424006
664194
930107
83781
387964
382237
385127
751481
811872
898451
590289
832582
436759
305894
89985
794125
436457
50882
940812
654059
978119
655360
440946
288747
383060
559805
225849
326476
967427
395920
603280
521671
264309
374033
562578
555500
852231
789127
562457
905697
54058
648961
431130
960902
664597
703212
297524
466739
932123
694335
418919
463622
319239
151534
207590
547060
550463
721145
371803
806697
638657
473269
708662
778854
676544
240725
16483
399470
626093
644609
807835
301984
358714
145377
65205
444432
188112
148473
312223
724096
207109
620914
812027
482022
303309
346000
554224
235296
998802
448966
265760
347438
897651
971376
433434
736754
664303
961110
500634
947303
511886
758864
549720
995288
681930
428098
999280
320314
804025
220744
957032
697975
851690
769936
321119
839073
897781
437406
777874
58161
75680
240704
299041
759562
402802
179473
950451
648749
867576
1931
625996
311401
152440
252316
22448
215649
913340
306311
185315
446033
33748
856838
811919
211293
290812
278032
382044
885457
235751
549892
541482
277824
203547
448019
830499
305105
622155
45377
110347
894129
46527
345696
314653
792579
638689
129153
784945
360473
293524
510798
977459
511276
955043
490987
629269
808484
377381
701561
518509
736943
973480
499213
831999
780904
788291
330505
638498
665537
652782
756919
976914
450139
621052
950323
286178
654384
282630
809316
222652
778451
199113
902032
306055
390474
152749
939200
28640
342608
401525
24954
72883
104889
197110
755531
8028
278577
289380
411597
493715
447626
368005
611701
201415
862214
217177
224339
706678
598802
133258
225159
17017
856020
212733
53736
86985
863120
873916
757121
776738
66590
9024
418525
921395
177734
31753
136747
2240
380955
60616
28118
483284
664424
34241
831692
661473
276308
60973
390451
17131
657039
773329
547724
242151
87925
119896
557600
947316
493525
790281
626081
50016
738993
636742
446141
544392
269138
675761
259631
573917
679794
445786
156173
697476
826818
35419
320534
137285
602401
419589
502733
143849
597325
71665
232077
929025
761431
186505
46575
110748
983780
439386
956324
844380
990436
565173
177654
616895
356308
223426
588817
986361
113328
216686
66035
393029
74157
63089
949012
894158
676020
294175
253749
99299
124188
345183
280353
834770
237169
734253
811697
928513
618973
980183
872479
153403
1250
988962
439077
126982
389846
940511
816167
536812
80578
59273
782608
73317
742283
984236
349785
952010
82046
103428
284149
444661
210201
774363
789118
620176
521013
309810
946203
265663
585155
297932
114884
658729
227621
306330
843943
819688
501296
284054
578444
529783
212444
682860
873149
141211
274971
154758
461764
42613
709933
612877
188021
194237
148270
338729
281410
615103
88033
358418
109912
485331
71078
846808
364322
83386
539409
56980
59142
963248
223237
324430
414665
257394
618964
911046
65220
665726
590311
113685
581690
283302
177835
943735
813730
350403
478178
505930
668384
135358
206652
368380
574360
823124
56497
92307
56901
463726
632821
87414
510421
141564
103833
79603
751176
441049
371278
459256
277388
436920
335343
128228
657982
136941
1324
116044
594848
256187
626863
810077
843347
523458
54007
341632
969650
328491
476360
95357
969101
403381
973300
696228
317961
302955
970471
712102
278663
132354
28079
370052
523587
142055
51904
660132
886490
186105
789814
346490
21998
612781
770557
709784
640598
365849
518822
175697
878456
471327
944984
563401
943868
284975
941045
815600
458681
183883
322687
171933
30905
373354
141112
483253
964137
497873
367836
90638
415681
285796
60562
878818
952933
434751
996500
851640
946687
197979
431761
392745
813283
898162
931825
638814
447625
372298
418362
406386
226711
359262
142690
248256
740638
813883
504846
48933
733126
907316
510431
900119
292142
211734
722801
464802
589071
62084
817387
769639
436723
782476
765134
530463
428035
988340
850438
593407
607628
833853
899875
573211
26578
604315
392823
252203
691676
851786
318697
580132
389620
461280
36336
909241
97117
120182
578046
759789
818775
824551
650537
932951
189478
634575
351426
523896
856157
505003
807713
469055
758749
336726
548936
233979
319386
810664
272443
507434
411324
51215
75350
553870
902952
775526
564487
803034
396601
830836
497604
25762
67447
173138
429249
638056
963087
437269
897590
333862
950866
837094
494727
215270
511906
728056
689941
387004
799791
458572
761370
504162
91920
732078
881608
650379
333229
912079
843180
314150
503098
894413
698397
956887
673797
57513
313407
630553
137667
40517
64753
49036
350458
211091
186158
871852
855771
529721
294960
801845
719498
248854
23531
393504
763546
239503
188968
639613
12219
459469
461880
330865
158791
828888
448565
258382
444902
624248
93930
39996
436605
846811
928479
567799
146954
840348
34680
984916
413260
667061
615997
945307
698852
605339
527501
465565
672912
322970
253715
980832
71195
832042
325415
640031
607959
106947
752505
761934
742962
802526
226231
532698
344166
715241
451698
766976
437370
599937
785609
853683
819826
307625
913035
209670
249241
944159
665496
416853
169691
533705
949176
833029
934232
669782
476024
221162
394757
187601
50193
383920
732326
202303
507239
724869
969521
391468
149536
156317
949194
34888
489705
942048
210445
858413
731870
880982
571829
917033
21663
170507
958471
708598
563468
183486
858631
602008
958898
519805
670548
386708
992459
830
374504
422232
842224
633203
798134
709415
666844
479502
547422
207234
566949
901205
849835
397394
260847
654225
611786
503007
885465
523022
524609
254930
974753
573586
557608
28374
805516
793017
247707
795095
763881
504076
835135
173055
278347
808642
92202
82990
72404
331597
123765
824635
995930
937775
118231
416090
292053
840134
753295
934946
7291
967528
501399
884268
298911
59072
186950
114570
504032
453586
347244
343551
53344
775878
642839
74796
550956
110541
421920
142221
482662
51985
731730
812772
263187
627439
846985
741657
523295
831192
784072
962304
439983
628243
233792
928313
984393
339825
713615
699229
2821
381759
559648
304028
911011
408357
894840
758205
521279
694582
130663
215826
809853
584515
808434
996504
843843
323367
298086
916294
437501
69395
442642
498685
927189
11668
781280
273643
656994
784600
16751
211812
850504
79541
82738
429694
303542
773934
334312
432049
122325
734342
920529
696400
674785
646090
673814
140712
520243
189672
518009
405006
820944
381527
654024
69940
895958
341530
543148
592491
969424
352641
776587
506333
667783
581793
860648
710878
833969
242957
519447
628279
538347
453722
383863
641419
721174
25159
716204
659817
429375
799612
38695
677798
815219
839098
198677
248713
443707
917950
690702
991065
722882
989214
775356
823555
534990
106818
119268
811930
370956
573199
844020
804167
126723
741067
62365
949145
181517
994820
999951
115228
975147
545252
701052
437870
674658
45104
880867
911137
982139
99088
186648
206857
644936
742081
810530
608675
984792
982343
693280
266811
268862
116745
290733
74430
834829
789656
156561
249355
261892
375513
235193
145606
307736
863007
729863
755826
20284
401333
725368
337242
854173
102956
806344
716265
107865
827921
819764
460121
491482
527501
393907
855990
774776
64360
793208
790013
273885
790261
422021
743049
117574
210216
928152
280547
33594
514380
774278
161616
706315
973717
444037
592278
470439
536154
921169
110531
416214
814400
918419
381188
712937
653339
309735
644020
409968
261041
104979
904972
150796
477832
748745
9868
422172
863222
934865
484955
871753
177812
386575
110851
131017
594898
836033
675305
891892
758022
192009
634238
159333
925956
647827
914286
161936
59317
694293
415799
358303
959741
692921
68127
840864
42099
362412
863575
191129
403195
637976
624454
223810
70153
344810
560139
335575
647680
676222
918505
231758
438797
147611
493584
515855
180691
730330
179816
997579
337677
235402
988360
527911
248550
668554
924767
541564
790936
157843
11469
618294
627179
770072
171774
910171
738041
61612
955249
461571
803234
383794
310677
978719
897551
887110
143230
567802
215259
366798
604502
160559
559074
392244
750192
385544
367051
588273
646875
353402
227508
569373
974827
941816
593605
889253
417663
754983
466825
569451
479729
979890
77518
937510
60378
476601
406348
920895
999512
228559
722670
750517
133973
623944
797333
634998
331463
300405
479675
216444
127831
926002
379996
308269
567915
55948
438930
585936
460989
903609
820019
246114
683232
811355
963176
727187
797720
538456
380754
48344
72414
11833
391912
59942
431573
788809
690974
140520
897831
776084
811999
846906
199558
899426
799613
408753
64723
70857
282951
729866
786757
954475
835890
52279
785727
6528
811888
519217
276378
260257
286979
327564
584902
303528
871366
235256
540879
628363
332451
455224
874013
904893
576483
351492
576992
601712
81352
807609
820231
694595
130400
111309
183682
247323
909918
678274
35175
252291
285183
836252
78962
827446
713902
732451
33579
727203
654250
241689
383463
945569
431264
930482
298971
924482
169343
434329
675489
667495
498981
607563
468691
677661
345848
427565
934697
986988
573805
292504
838113
238964
943421
751885
603333
610379
477083
905286
15004
949793
813263
234328
556366
937132
674147
943829
238644
683328
672916
110300
124217
403241
211799
61886
120296
67229
954596
930635
585133
387615
771205
240190
614301
479890
569787
486006
746898
209813
428064
588386
674818
172878
266126
58416
122187
496698
651656
424752
578607
724891
840518
103708
515268
242764
696713
94075
759924
402254
237616
352598
372775
863875
792063
911239
397030
243836
700872
616582
35208
138903
697949
175614
43787
399221
635248
694492
25277
427958
164986
622591
610436
639377
59278
968784
261443
730581
44185
60246
34517
288452
560704
360123
357302
911676
508634
36632
453811
410041
688246
793820
616428
190706
584100
721861
188970
826889
461830
907054
555540
501462
429044
446859
418477
248340
426193
730052
753635
63138
418838
123723
378769
734903
665849
582621
899475
998013
483863
110822
382081
434658
12623
825002
287323
752914
783422
996886
626612
629272
707735
294266
151979
387069
178711
439608
159970
885021
40985
181943
465868
366805
315384
235450
368233
501751
714405
102405
181336
263710
591734
419361
930756
438439
505712
156020
761480
924376
599090
914412
986904
675370
971526
204064
431014
773021
684183
842195
6088
649951
629040
473223
528583
895035
712038
422998
406930
299318
136243
347260
409028
61803
519331
726185
591431
707997
425158
648807
115773
566012
743442
550986
176501
562936
643187
64682
140557
249981
590384
667162
828857
75543
579453
486124
269782
285379
444655
751769
990575
704801
9355
223056
800063
973713
890494
329708
829967
525286
682383
741430
449347
313968
642702
795265
622663
814309
420289
324206
957155
535207
58655
579995
183588
290764
845207
465118
40762
440211
255937
635257
658907
158881
925995
307947
105548
985836
280933
373128
423964
567415
55320
324872
908353
761793
296461
963175
632370
833405
899782
926603
350436
640531
329039
106426
296299
828632
693189
801315
837965
341597
435256
457434
556499
887143
224540
616800
492760
665220
607866
386612
570007
438767
45832
507685
487842
462003
920873
704532
116112
908916
958717
240435
810174
768743
611092
330954
151460
863933
490549
143146
305035
34777
466738
739599
670239
773206
516452
890172
368497
33086
518129
428089
685131
82061
277216
801880
596197
105708
529464
701102
584808
867443
264867
888929
33335
179549
179906
575795
790468
296918
120595
755513
12547
830384
758722
356246
136738
554091
36896
94153
823346
681959
283690
903575
95263
20815
353452
197630
412615
856312
602608
612375
838432
459246
639016
301896
235614
535954
285640
900550
642603
536937
891098
201000
626683
325119
763860
532556
16352
40863
62314
112240
633601
337199
914893
752505
575077
47873
93055
629220
193119
681941
294741
907621
544309
91007
641559
243329
383952
620024
72316
228149
863705
55022
688973
205096
253656
127947
104709
148889
492319
222794
510861
347652
784926
717694
533375
563063
123399
39224
479216
160777
70391
492901
908342
207067
147376
928313
776437
174422
341777
403613
770194
799497
46044
357406
258041
350539
675211
184383
540650
283755
837105
617853
176292
195356
829782
201279
543540
203551
782560
486871
316754
787669
257481
891848
877090
441850
37536
369955
313816
456038
698689
194252
334356
156221
269792
844027
968723
738678
326556
960499
53221
629116
830386
987445
778411
36886
205349
675320
214392
724473
829655
921018
140765
254247
739669
143861
148308
549434
124806
92502
199204
227325
824118
60629
916173
68716
231952
731859
837681
732809
327034
870929
548649
29259
727198
726783
308409
913247
804224
419963
348592
980479
392692
486055
889306
554246
44833
964445
911333
401844
621113
163871
539045
43075
958995
601481
915511
127821
997758
10322
934179
53916
855091
708828
978566
465897
520918
504669
166480
402735
317685
236383
689665
62584
719849
511855
621511
523800
122867
406408
260236
156903
721919
582091
825172
102379
963909
952330
137297
54325
315514
368220
222383
858798
609977
111765
522846
67603
494017
851589
162132
255818
846267
177906
158418
429024
857848
682271
590034
627724
498421
856973
191189
651011
14730
494574
256457
575599
681306
983256
37911
512379
744438
394301
220232
745974
2080
686991
797154
829186
38735
395739
918352
571924
548026
920864
254260
132821
31732
586019
656523
438430
709256
582863
5431
653066
715266
905798
508316
843213
125651
606727
761493
8277
13445
975458
895538
753746
586151
755458
492245
789289
826605
803645
775055
261855
22781
696973
157945
397076
167441
364655
142248
452682
72936
382520
935758
973961
933525
50466
693188
875942
235421
644402
181465
638181
324993
953792
446921
748013
890582
205159
762496
726304
720745
547191
407063
68894
846654
672282
740291
686525
973204
985380
473171
993280
508189
316398
460555
938053
939272
369023
27747
779621
72178
225803
625366
268499
598774
536863
405812
987072
249648
535507
216607
832547
88236
951699
580952
994834
194464
683820
274480
374012
767717
692209
568006
699118
458808
216059
291574
669993
200783
91424
954744
434111
827599
382098
29152
476087
977762
678299
457347
912156
789717
627969
924886
421920
386759
377707
845325
866397
53743
707722
1943
570550
959138
640889
847281
780677
253148
440909
494903
710699
981120
344127
779257
104919
251307
912365
90084
4941
158170
359802
100876
621172
24258
19724
726910
947942
67915
717672
775743
793532
377110
872112
188545
148697
106502
162378
913134
30051
473619
386422
517754
675067
128171
637769
42833
172705
972851
365869
333832
530091
766095
209310
227902
49886
818921
355825
9823
58755
589247
301705
229529
941624
640493
644020
191306
519837
298942
722886
883319
212803
275081
304037
131000
58545
35922
669604
483441
362181
239210
391413
618281
778420
585391
268087
930546
974033
845644
337685
999702
266453
550533
4451
754096
341438
654826
978707
523647
154308
269911
5957
25811
126380
288555
279801
523551
230642
888572
528057
424233
250637
507373
375986
703651
242056
567661
84858
665501
150078
562335
352140
520401
373612
625580
74510
190767
660212
134195
527948
484228
944868
483498
505753
709011
422937
155734
639669
410539
121882
125033
624408
686306
650222
981596
204669
88047
126020
155548
991166
610727
721851
504884
302137
636631
455557
563422
843120
294021
156184
368683
364765
27233
469449
139421
989600
779635
878144
706126
497446
284404
882690
417722
985127
164528
148747
738558
282540
253542
946065
366914
313861
158723
979979
888283
922142
586569
448990
55059
231163
772498
442539
150122
376988
913505
229477
35114
736834
299901
131299
458662
325091
340002
669700
941748
410931
467528
524754
935231
670223
543358
776520
539378
660779
552257
977719
554986
681777
25337
941260
444803
260232
863092
613833
979818
317666
115790
613692
598337
459460
924875
348963
564715
147044
35571
6177
724669
1062
977714
362543
479695
853718
474104
741084
798086
418233
956743
251347
491609
44831
827658
85208
262959
216267
948107
454408
747145
643576
791818
946749
362212
687625
540409
677130
414791
612356
27308
163892
670670
562199
518306
229301
842113
524930
735293
772986
946880
132618
28843
295616
151867
41455
336884
349296
382655
601698
306760
983523
320593
87126
400731
933514
46770
533843
856646
667701
545031
378534
317281
445529
81928
945388
952040
748559
236759
846808
192886
579747
859838
493909
393179
389631
554911
37043
157345
580579
96338
188970
309209
656614
731693
179956
540357
365928
105705
461499
702225
609654
827411
656279
304252
766454
91107
648175
760464
817699
72514
902872
490352
246249
658987
9616
336530
787033
457180
566561
654338
563884
341509
145585
160235
854358
419420
80379
185093
999708
989739
653947
827000
639793
669915
157093
375036
828999
822953
350581
108110
956962
838418
429281
2504
216680
324716
367117
621220
534272
482673
986118
461085
416306
848212
192705
261716
812555
69414
918517
812061
849428
131541
413094
113483
696200
663631
610048
518820
557410
891452
576758
515353
200488
365783
937754
159100
899597
324560
637232
112190
38435
8092
265438
126837
411288
868973
914082
277147
727041
68010
650064
167654
275410
466282
179435
734701
745555
853985
142352
42316
198864
525705
725199
658902
347952
930354
208038
166095
585058
445271
163117
161925
24676
653939
638507
430553
897212
13200
429129
646751
741702
877123
904614
828284
642098
265299
52707
400261
991968
373970
784031
727751
132149
792277
193137
601380
294002
341250
105049
371210
719400
47642
140800
308617
774519
320641
20991
805333
524127
957556
473034
337055
669338
177634
571466
225740
273036
508278
350054
591467
52767
104086
142219
9858
906147
934571
477558
148513
583405
921651
257194
171543
390127
827815
521616
359519
920436
938037
131019
686985
159087
949390
934150
931253
912447
731332
532132
611957
157653
820510
83598
55861
15970
668832
444223
557169
498136
421498
578642
615308
133645
783333
568334
718427
814640
155329
135180
705840
349908
379374
595735
423898
402917
489040
23783
210226
461566
633080
334074
514973
389482
53986
843378
261640
369673
705774
668119
383154
217503
43545
266736
894683
995184
436215
734501
39709
718023
189466
294721
349591
744978
555550
182720
961217
441020
629250
143784
927348
716099
58830
418231
609711
30120
456095
31790
547787
464604
44883
791001
511710
817641
293898
581307
131324
876722
229552
994787
691116
232626
345795
450805
487593
271088
323440
898472
282812
698850
419394
84795
27402
109136
685757
940299
826285
533092
211596
509093
8162
848178
432257
210664
188214
216370
586151
758553
154612
862297
867383
200858
211190
568361
495034
448833
179514
145896
262887
476872
934217
657928
561095
904172
755031
524932
848018
399491
776234
101990
351227
883475
532308
27594
395235
304628
533491
839516
453525
866983
816236
645666
81731
794629
267374
540831
61056
860802
272749
28699
1679
615495
895874
602103
146835
739435
752266
452856
960716
298852
881581
319427
462006
556494
960272
562931
538439
406729
152969
115263
768727
343085
167861
510984
612044
819531
912428
204710
187486
629968
930678
892885
598744
314289
388040
784472
670353
160279
571458
1512
745093
545609
722152
740524
810966
759163
227615
433746
571759
419224
383205
574636
916820
656205
974580
291635
691050
425847
400009
773421
823442
439102
268485
590964
580965
693559
797625
19321
916839
568323
108322
80156
990693
613346
40590
77497
628655
923659
253932
619229
239129
202922
428741
997802
642616
651556
498037
604407
620889
83210
791695
143245
465727
777852
53423
128657
798058
796752
34813
825440
244173
351350
346279
684769
526188
45017
797769
328881
780995
77703
359043
16214
258668
557412
986455
127755
302860
117258
436924
976914
20317
725613
998170
278709
308570
749107
105813
256335
812815
781366
565322
908347
602371
671697
656776
646070
771549
750989
350809
78680
511918
502362
938146
521912
336189
730374
853705
835212
556444
757281
299284
785080
512711
863762
208437
177332
37744
119786
590688
596873
208974
516298
801427
321660
365848
873116
140681
628041
56076
542241
58814
999021
306407
479815
529786
343495
118066
851802
650812
5736
972280
916964
680313
865170
936365
877549
860403
840244
937942
556263
29448
348730
241238
636794
848635
47643
909227
71265
117876
215919
10971
138277
228767
711485
228441
313590
279592
248663
955505
333606
441623
670905
344505
56707
843128
201015
152981
486500
761540
41513
274617
574866
151975
612422
158325
723736
692072
781332
875286
569507
773883
633498
505951
791316
531355
509436
809601
435862
258865
767973
810
125161
331882
523010
95791
706913
440382
230216
164496
9581
47385
766567
853560
248655
225663
871384
91947
242910
811163
598827
145783
721438
162031
480770
996077
807713
991601
665975
608871
22771
186551
272555
14506
863456
883810
775323
996858
420421
412466
816432
152381
319186
705384
29339
132779
114310
127453
970016
329018
122828
726358
253563
853376
555664
275021
136440
632153
490562
867817
863527
73803
560888
468310
645854
151826
355077
1019
979078
342660
87116
344666
178776
229323
773468
813105
966867
459662
922787
412680
879475
571260
338925
592195
580243
141163
194026
544019
396069
755471
813174
618687
175208
621468
372057
120262
772345
136189
993057
494480
79006
103137
152866
772663
763393
986300
860617
58702
914704
244611
78761
620723
830753
374246
252219
287725
438829
502170
930950
618481
495463
71666
469654
717233
457870
369012
600861
476436
792447
810852
5667
894166
347993
116109
39705
705488
351028
306358
740273
105824
544976
63772
263051
302283
537169
482847
351680
280263
470892
727140
959997
142665
892211
422184
121286
987022
704063
506039
502587
617210
758975
479376
434062
676478
197945
143956
960983
717726
674164
24677
501626
954348
545204
315614
253893
255532
884160
138290
621199
470852
810345
62170
134268
500217
667898
389143
125206
623127
756321
907935
563048
833559
335357
777164
464743
397244
915715
595156
626455
557154
33687
950227
711009
220161
90199
287674
474321
455859
771553
112253
819801
350251
700770
891929
180631
563693
920321
649494
550734
229098
406602
607474
927579
266518
485186
4512
166994
934705
169433
214363
641777
410948
683032
909763
777819
574617
166709
121424
117426
78153
574011
843344
478489
475702
81586
134723
500141
931109
959623
539162
19317
274410
839392
494209
819831
247309
319466
755754
77745
842887
565459
149830
543522
537237
210685
210581
986033
543913
48106
802183
521107
451058
745668
292905
422905
885765
286496
585338
791310
484909
717751
260007
425241
569353
172566
330617
945335
758750
981987
959051
993564
771497
456092
250188
748229
354092
303878
86406
806341
945796
89838
400068
291480
888950
140646
946244
850915
409234
57683
229777
804222
403014
818707
764303
98585
761298
412163
591284
2142
663425
412964
228683
643819
860856
521546
158565
189492
650113
529850
580753
471184
628768
734019
929567
403822
275423
305814
565226
280871
339845
876527
148596
144859
577362
626465
832747
865166
424507
832561
46715
123722
681326
81413
166934
731208
704926
430670
176569
73795
181582
841015
222851
930836
714005
664112
735223
101266
623512
237081
863824
990690
193144
41821
619741
328021
387638
816324
108717
580924
510355
863704
67523
776794
979211
76055
906500
893657
804025
191202
728772
628164
213970
845073
339967
605313
740815
87097
412944
617819
669768
111608
587644
592790
407010
103834
386746
536653
702631
644083
234613
66226
176279
594949
644104
8342
420118
770393
855544
348377
279807
913260
17625
532518
965778
684367
656913
770504
226960
40361
229299
313948
777397
112043
826760
982841
121951
702483
109663
51675
911690
708441
212741
664821
901728
355736
52669
802702
41211
729189
863084
62778
168609
182031
521661
138140
894770
51825
794817
419240
856457
890282
761016
289379
436201
698633
394392
524806
895612
944504
69630
178109
195534
310742
829307
192500
62154
152922
60730
634974
846577
730028
94615
871307
159767
180111
660471
154408
428426
191626
85870
316419
595352
147909
897187
875071
358812
16898
660573
575713
700205
240807
223904
583009
620806
271149
708560
994261
613645
208710
632273
745236
947897
718931
440815
782351
417672
807808
930617
678983
674835
272023
745035
613517
491219
873115
128189
389948
407241
13346
314024
689141
536833
535356
326387
570439
846890
212702
291106
777519
212699
113359
310544
74513
889031
132869
923889
372802
750400
61667
886488
415404
191806
692651
79738
442510
473550
251920
835506
409447
448279
334068
441214
497232
650122
338606
154426
658116
961087
560231
644998
930459
448993
622147
715511
905606
88893
920457
159220
346315
504191
857425
35841
953406
585958
887395
522577
452412
131064
913222
525630
888189
921258
36082
807822
757193
171051
326968
594295
338944
911867
197916
121963
238193
954770
438033
485934
407102
214851
92873
53119
25364
620417
251304
995478
248576
1073
769902
807916
690970
595547
691497
802368
71086
990838
997639
683735
509170
398377
522460
355043
852894
137137
949957
839317
558185
335889
163787
83044
652811
438289
535288
90682
330181
986217
872274
800192
348278
634580
559247
867341
358955
623805
104435
579155
691392
973532
920710
970714
746246
710523
327240
549453
702013
235148
823005
928865
52271
924150
89773
607485
233107
853630
323717
378972
161638
438276
159224
407191
757692
491427
327835
269036
438109
86571
771324
142441
300752
412997
130133
76069
682299
860846
714712
34592
365854
830955
897367
100056
52023
287342
102264
158669
140221
611288
218077
535747
515211
645225
861936
570226
522757
430341
286179
446127
839766
816363
282900
620505
939030
7072
456050
560431
831931
875034
779951
824146
27147
879075
986414
143842
471975
466582
691203
865334
166695
733182
535992
742684
936548
821700
501268
628141
598391
850925
824560
763740
759121
970942
959729
704644
712195
687829
675703
337354
429670
990226
47311
45970
144195
871897
305934
31013
754507
185760
618166
485157
579498
612869
238987
684446
52319
154238
768407
337962
468616
174741
25137
769056
85518
426259
317636
824644
840712
928847
911486
366526
127966
866307
902704
866036
993478
642138
71429
670390
436855
524118
332949
722800
461301
818635
540323
481605
120302
291645
666264
251487
403617
359374
535367
170158
930244
402677
366952
798166
385461
896944
77010
1989
216231
172194
246385
55056
142501
996779
140613
834440
218625
833285
223360
165210
138919
440025
133041
509936
348268
224757
889570
514411
568091
620466
657557
458245
655359
908565
599983
448448
211905
263192
904233
521645
346540
376501
7862
655748
653617
271560
487630
821074
878230
571035
871710
327590
115035
553122
932102
769055
51781
35204
20189
703317
720012
733627
129437
811075
661194
113689
665192
410474
199379
290288
67829
221796
566647
681860
215791
461345
72957
507693
331131
189036
482065
254801
210248
386531
577558
830919
63710
368427
592410
914506
291870
987812
352594
226930
295390
410710
685485
574992
416576
690581
436865
314328
625372
276992
119939
503904
717161
996191
668789
948577
140323
115914
529349
497687
376978
279223
605471
743684
743612
768565
126520
814190
447602
33047
264139
623840
350457
248924
443112
846527
243835
110345
261103
750854
427121
68735
674149
604303
685045
167467
281880
329962
27253
381364
112053
45978
274562
633067
418493
85841
955053
891041
263387
746877
272895
196633
140537
157330
411869
432837
274764
530499
8442
495243
599165
867906
864133
92366
261849
441577
756652
973454
307875
856652
16399
773812
317622
795661
908367
331515
842825
692433
949167
801364
353350
230960
863985
223809
277184
779256
263097
259301
800860
336945
839352
389572
398792
247656
168306
517487
56227
443288
509976
676112
258529
607473
494109
774051
985658
459134
257477
444292
193574
957022
392681
1967
838752
936090
220691
678338
846357
425488
65217
837728
212114
445890
501060
889359
439655
141873
284054
557332
804511
635521
947037
988799
750487
12324
215252
972777
416341
78783
51878
857106
32831
319474
201764
140538
986350
364987
195079
358068
419896
388371
234306
169936
845419
722851
698442
922024
707253
172625
400227
540268
756411
346903
157797
206474
997454
681130
889213
916235
843340
965837
849542
90493
303859
454528
133981
938331
677004
314045
888650
624598
534834
430538
89553
606200
641328
283964
399657
53101
663252
69034
407998
268276
813494
727370
339577
199821
582907
589512
344594
283304
258160
285696
738436
389804
735441
907029
411225
604352
427011
965601
706198
259482
516916
410828
742402
212460
673267
528642
11919
759786
687941
149885
765746
419212
461801
662438
690775
238194
88927
44603
704164
603768
329578
414834
4696
574793
700152
477269
911650
594132
336089
775644
133885
757311
676369
621877
451650
764752
307049
746409
862495
796842
617994
238097
187654
191215
200903
164946
822537
873528
482857
206929
15907
268358
922552
96843
992074
519784
583087
403899
877072
191698
389133
470610
805917
54851
63694
892691
609572
799959
392150
736670
471878
846123
497221
236421
443801
80284
480263
655693
460846
643399
299742
398876
132829
684268
523052
200014
677889
805369
963599
702495
397601
343606
91802
830364
204208
323534
906318
869946
895855
289604
89994
634989
257774
492606
923819
540073
519672
805907
258070
655470
86066
185539
778137
742970
604171
727245
306872
98586
896166
424624
611619
537881
723537
78317
601529
965395
904218
505077
5752
78763
679312
336182
684128
799783
160242
362489
332784
832445
609600
485354
736126
82940
183306
507182
668842
966161
841014
890097
980214
864674
908036
948444
290411
681422
855164
288558
674757
505563
411144
700547
36352
971128
307777
568021
223243
135083
514176
383378
699413
394465
925476
318542
724535
887021
400003
959074
789240
427685
731526
273741
389549
583163
667914
543541
318518
905680
95915
546518
131033
81804
314089
8148
408807
207017
741960
556801
968370
199289
62068
541518
293070
762253
800707
78271
664793
526373
734212
781208
299353
301648
102487
740025
677765
208566
537556
804597
589479
139270
4310
278831
594497
994725
574192
23701
861030
414807
225646
260933
646383
584835
4729
319584
904560
683398
532063
479750
444217
504373
789135
362509
960878
872886
391815
128117
868986
357823
694954
490123
923790
362237
552750
926711
153074
173823
53258
847236
312469
129695
536718
817300
736536
97621
300149
549524
935014
714442
61049
600057
517920
129845
204824
476826
362038
74162
674821
341009
14658
727218
481297
805305
124355
379629
478679
441969
654842
667722
909817
766916
172369
608982
209934
11578
456148
140668
878179
894825
854639
94894
677745
37113
900889
155560
225826
928922
629442
183470
931255
732643
754250
625330
865043
249403
811674
72056
201714
563880
532340
534034
552642
18893
203322
882168
956367
161016
379339
899413
964165
140719
117570
642776
594225
85455
560558
179831
470529
264119
550419
573334
875437
71256
741564
912469
225655
923654
175103
293599
836553
23715
245752
950770
601315
515864
446962
281558
436345
774347
101175
375302
698326
908649
374573
777793
246551
843720
432945
785651
438901
983293
431030
383939
36101
937971
295798
115033
321834
608516
86523
267327
319532
873306
449521
305585
730102
736416
901501
639758
557677
827167
410571
705255
268560
37474
482572
787803
805862
273301
422641
328329
860673
644255
874455
97861
8482
533577
504646
612724
667152
83192
423832
567816
238703
129650
442419
689183
148115
925083
745286
314357
138374
608295
145911
485269
622147
692184
601952
843968
811451
279606
655495
640694
348033
996909
407129
842504
813313
203414
291710
92880
603085
938416
5076
133332
330594
752382
464938
317194
495371
11453
773836
352653
74889
853940
969745
848601
815808
223641
651470
388839
214451
21437
448422
919008
612014
95071
451372
924275
15577
936043
613102
810479
645932
788636
771956
384561
797754
163714
126658
684177
852524
101755
196523
957612
765499
688333
424084
612195
485179
43390
711095
373541
42215
80372
852445
709205
262583
989900
205765
532379
444708
854176
898736
553927
805102
603841
669538
614431
600015
958553
120856
758462
6690
823533
904666
228449
543714
448672
43082
374199
590981
240491
592944
937491
428605
471981
946296
454678
936653
296442
841524
752596
553637
67044
861415
808622
18157
798585
244865
80504
465879
696871
100504
448433
142032
743059
255285
936385
718046
72857
263619
584228
360216
193187
991165
628964
943142
676295
642658
759776
694702
563815
641755
410793
683444
128936
652953
621758
796415
786660
483985
752210
101302
6702
341715
600059
173214
629001
6267
407622
465243
837094
392467
233076
960656
973614
488815
29176
564142
861803
710359
998120
362572
486427
522616
125805
246090
646106
416413
856021
361522
818241
882927
840772
940867
162480
959504
733236
307000
896754
422007
106573
990091
259272
570542
922156
712137
538688
44594
20979
737471
744514
697698
805639
220757
938018
7806
276316
367173
749380
989983
140698
544293
876748
177531
115355
897187
838510
206668
216192
569537
47586
514872
19263
441591
770122
563337
456517
2673
664554
813473
50971
650709
620484
248038
265188
496330
532196
967057
535441
873041
617024
338074
998527
859959
568215
878024
848343
828848
935024
267337
759178
11361
40475
599784
453417
260171
183897
620200
950991
586439
770809
386882
764661
1653
436872
58432
361131
544441
374380
410256
227885
836004
338468
967323
927088
910328
274181
572806
552490
745226
157176
498118
599663
287212
613045
773135
770844
404403
204150
103034
987919
811796
360611
423783
111895
734971
324869
998457
562885
158100
287594
337297
335972
495742
14432
685707
298982
493844
654179
379844
810304
812951
980393
135731
854731
558139
797416
59409
214566
433286
7241
522613
464765
251891
607004
583938
274897
513242
881682
907096
400781
679493
303940
731755
569727
617977
351183
684173
182769
900904
244478
711186
290235
95567
976387
424841
538880
261661
330135
261470
457653
727608
200645
728198
135060
334537
172764
265891
758380
778997
177898
956149
566766
681702
450089
528496
614215
418864
833635
517274
207181
789001
352067
628095
195247
157104
503663
624352
645414
823785
131632
354759
103987
984539
610044
208407
130494
848458
622615
525863
230364
489676
148107
727503
278163
733920
422799
352529
929094
149924
752063
138011
846651
609858
519815
994834
413531
499789
748753
681621
795617
267255
200797
774268
741497
195472
185747
14194
754857
596767
933469
296147
154144
230159
931079
910418
799617
263935
727260
874359
177337
139921
529182
294820
941570
354756
870201
885800
633989
849350
960156
597550
241009
971085
823719
408030
328223
798380
708275
254105
971993
915100
470357
568434
813685
949662
279991
319435
441037
884193
597868
355148
740944
387855
560437
587148
263969
403897
139006
188870
604164
990908
510353
802160
569301
227863
29556
888912
945600
215662
994295
308094
32621
85210
307714
729849
243927
413507
777118
428128
796738
612617
448267
536461
600520
27020
936827
890493
385749
445498
487893
849417
113275
195940
33400
477010
199940
117142
714775
981631
671888
233355
682730
335654
959443
747290
149367
917703
178562
53196
898965
257187
940980
85028
761725
467868
901649
98518
408900
394406
580886
721342
508338
425459
594069
54978
384763
116140
152026
394360
190518
256392
208178
230733
471310
390081
210392
740663
378411
137971
274186
613659
23553
330020
768424
209550
848856
196819
887479
284945
402286
676597
883460
754235
196307
190399
950636
777068
84483
570182
792162
469641
304956
832217
803800
685134
169019
381915
722114
216867
744103
904150
549740
199496
83650
938225
632772
322032
266523
523803
937875
64580
587065
257385
96509
61503
309739
375255
167352
679002
245279
477273
347156
769938
462024
619698
280322
78223
867336
546827
248625
316436
611922
965877
384126
298301
170651
173962
3544
760380
904584
504015
599681
492816
339174
703169
244224
989088
198939
749676
887096
417149
525782
262821
934350
953078
854161
478159
199288
19322
465312
498989
558881
595624
273930
913200
438164
635507
690706
225126
10568
805391
511664
974571
560211
266222
477732
114338
350244
527339
534244
981348
30496
724344
796422
74028
971887
111156
568534
394486
872042
383394
924363
566655
674552
479071
261380
14403
716020
215817
572000
357739
772405
304031
813357
29261
697933
416096
923236
236915
597707
732952
13249
294025
708453
584304
621844
379808
969353
628795
502377
848052
900257
135781
361403
905166
757307
19081
806393
427329
802535
327560
439359
501156
50406
6214
143051
867346
803169
437055
668788
290975
478342
958371
219578
674278
668959
297739
